   This run of MOLCAS is using the pymolcas driver

                             OPE
                             OPE          NMOL  CASOP  ENMOLC A   SO
                 OPE        NMOLC        AS  OP EN  MO LC     AS  OP
                OPENM       OL CA        SO  PE NM  OL CA     SOP EN
                OP EN      MO   LC       AS  OP ENMOL  CASO   PENMOL
                OP  EN     MO   LC       AS  OP EN     MO     LC ASO
               OP   E  NMOL  C  AS       OP  EN MO     LC     AS  OP
               OP  E   NMO   LC AS        OPEN  MO     LCASOP EN   M
               O  PEN   MO  LCA  SO
            OPE   NMO   L   CAS    OP
        OPENMOL  CASOP     ENMOL   CASOPE
     OPENMOLCA   SOPENMOLCASOPEN   MOLCASOPE
    OPENMOLCAS   OP           EN   MOL    CAS
    OPENMOLCAS       OP  ENM        O     LCA
    OPENMOLCAS    OPEN  MOLCASO     P  E  NMO
    OPENMOLCAS     OP               E  N  MOL
    OPENMOLCA   SO           PENM   O  L  CAS    OPEN    MO    LCAS
    OPENMOLCA   SOP           ENM   O  L  CAS   OP  EN  MOLC  AS   O
    OPENMOLCA   SOPE           NM      O  LCA   S      OP  EN MO
    OPENMOLC                AS         O  PEN   M      OL  CA  SOPE
    OPENMO        LCASOPE  NMOL        C  ASO   P      ENMOLC     AS
    OPE     NMO      LCA  SO     P     E   NM   OL  CA SO  PE N   MO
          OPENMOLCA            SOPE   NMO        LCAS  O    P  ENMO
     OPENMOLCASOPENMOLCASOPENMOLCASOPENMOLCA
        OPENMOLCASOPENMOLCASOPENMOLCASOPE
            OPENMOLCASOPENMOLCASOPENM
               OPENMOLCASOPENMOLCA        version: 26.06
                   OPENMOLCASO
                       OPE                tag: 1255-g02e1240ae

 OpenMolcas is free software; you can redistribute it and/or modify it
 under the terms of the GNU Lesser General Public License version 2.1.
 OpenMolcas is distributed in the hope that it will be useful, but it
 is provided "as is" and without any express or implied warranties.
 For more details see the full text of the license in the file
 LICENSE or in <http://www.gnu.org/licenses/>.

                 Copyright (C) The OpenMolcas Authors
           For the author list and the recommended citation,
                   consult the file CONTRIBUTORS.md

           *************************************************
           * pymolcas version py2.32                       *
           *   build 5fe1e42a8a423461f97be6f8128d9c45      *
           *   (after the EMIL interpreter by V. Veryazov) *
           *************************************************

configuration info
------------------
Host name: MacBook-Air-11.local (macOS)
C Compiler ID: AppleClang
C flags: -std=gnu99
Fortran Compiler ID: GNU
Fortran flags: -cpp -fdefault-integer-8 -fmax-stack-var-size=1048576
Definitions: _MOLCAS_;_I8_;_LINUX_;_DARWIN_;_DARWIN_C_SOURCE
Parallel: OFF (GA=OFF)


   --------------------------------------------------------------------------------------------------------------------
  |
  |              Project: B-C6H6_A_dynamix
  |       Submitted from: /Users/lucas/Development/Honors/OpenMolcas/build/CALCULATIONS/B-C6H6_A_ex_st/dynamix
  |         Scratch area: /var/folders/rj/9xhw_kt55gn7mmtx7w55qws80000gn/T/B-C6H6_A_dynamix
  |      Save outputs to: /Users/lucas/Development/Honors/OpenMolcas/build/CALCULATIONS/B-C6H6_A_ex_st/dynamix/./output
  |               Molcas: /Users/lucas/Development/Honors/OpenMolcas/build
  |
  | Scratch area is NOT empty
  |
  |       MOLCAS_DRIVER = /Users/lucas/Development/Honors/OpenMolcas/build/pymolcas
  | MOLCAS_NEW_DEFAULTS = YES
  |       MOLCAS_NPROCS = 1
  |       MOLCAS_SOURCE = /Users/lucas/Development/Honors/OpenMolcas/OpenMolcas
  |    MOLCAS_STRUCTURE = 0
  |         MOLCAS_TRAP = YES
  |
   --------------------------------------------------------------------------------------------------------------------

++ ---------   Input file   ---------

&GATEWAY
 COORD
 13
        gV B-C6H6_A
 C                 -0.04355100    1.21071200    0.29745900
 C                 -1.34546800    0.66464800   -0.19016700
 C                 -1.34548600   -0.66462400   -0.19013200
 C                 -0.04355800   -1.21072300    0.29743200
 C                  1.13285100   -0.68662000   -0.45520000
 C                  1.13289000    0.68659700   -0.45518600
 H                  0.02132100    2.25364300    0.57781400
 H                 -2.13715100    1.29796200   -0.56701000
 H                 -2.13718000   -1.29793700   -0.56695400
 H                  0.02127400   -2.25364700    0.57781900
 H                  1.98822400   -1.28643500   -0.73345100
 H                  1.98822600    1.28639600   -0.73355900
 B                  0.66584400    0.00001500    1.12402200
 BASIS= ANO-R1
 GROUP= nosym
 RICD

>>> EXPORT MOLCAS_MAXITER = 1000

>>> DO WHILE

  &SEWARD

  >>> IF (ITER == 1)

    &RASSCF
     LUMORB
     FileOrb= $Project.GssOrb
     Symmetry= 1
     Spin= 2
     nActEl= 5 0 0
     Inactive= 18
     RAS2= 6
     CIroot= 3 3 1

    >>> COPY $Project.JobIph $Project.JobOld

  >>> END IF

  &RASSCF
   JOBIPH
   CIRESTART
   Symmetry= 1
   Spin= 2
   nActEl= 1 0 0
   Inactive= 18
   RAS2= 6
   CIroot= 3 3 1
   MDRLXR= 2

  &GRID_IT

  >>> COPY $Project.JobIph $Project.JobOld

  &ALASKA

  &DYNAMIX
   VELVer
   DT= 10.0
   VELO= 3
   THER= 2
   TEMP=8
   HOP= 1

>>> END DO

-- ----------------------------------

--- Start Module: gateway at Wed Sep 23 10:07:00 2026 ---

()()()()()()()()()()()()()()()()()()()()()()()()()()()()()()()()()()()()()()()()()()()()()()()()()()

                                              &GATEWAY

                                   only a single process is used
                       available to each process: 5.0 GB of memory, 1 thread?
                                             pid: 53154
()()()()()()()()()()()()()()()()()()()()()()()()()()()()()()()()()()()()()()()()()()()()()()()()()()


++    Symmetry information:
      ---------------------

                    Character Table for C1 

                             E  
                    a        1  x, y, xy, Rz, z, xz, Ry, yz, Rx, I
--


++    Basis set information:
      ----------------------


      Basis set label: C.ANO-R...3S2P1D.

      Electronic valence basis set:
      ------------------
      Associated Effective Charge   6.000000 au
      Associated Actual Charge      6.000000 au
      Nuclear Model: Finite nucleus - Gaussian distribution
        Gaussian exponent, Xi/bohr**(-2):  6.80775E+08

      Shell  nPrim  nBasis  Cartesian Spherical Contaminant
         s      12       3        X                  
         p       7       2        X                  
         d       3       1                 X         


      Basis set label: H.ANO-R...2S1P.

      Electronic valence basis set:
      ------------------
      Associated Effective Charge   1.000000 au
      Associated Actual Charge      1.000000 au
      Nuclear Model: Finite nucleus - Gaussian distribution
        Gaussian exponent, Xi/bohr**(-2):  2.12482E+09

      Shell  nPrim  nBasis  Cartesian Spherical Contaminant
         s       7       2        X                  
         p       4       1        X                  


      Basis set label: B.ANO-R...3S2P1D.

      Electronic valence basis set:
      ------------------
      Associated Effective Charge   5.000000 au
      Associated Actual Charge      5.000000 au
      Nuclear Model: Finite nucleus - Gaussian distribution
        Gaussian exponent, Xi/bohr**(-2):  7.11787E+08

      Shell  nPrim  nBasis  Cartesian Spherical Contaminant
         s      12       3        X                  
         p       7       2        X                  
         d       3       1                 X         
--


++    Molecular structure info:
      -------------------------

                    ************************************************ 
                    **** Cartesian Coordinates / bohr, angstrom **** 
                    ************************************************ 

     Center  Label                x              y              z                     x              y              z
        1      C1              -0.082299       2.287914       0.562116             -0.043551       1.210712       0.297459
        2      C2              -2.542566       1.256003      -0.359364             -1.345468       0.664648      -0.190167
        3      C3              -2.542600      -1.255957      -0.359297             -1.345486      -0.664624      -0.190132
        4      C4              -0.082313      -2.287935       0.562065             -0.043558      -1.210723       0.297432
        5      C5               2.140778      -1.297524      -0.860203              1.132851      -0.686620      -0.455200
        6      C6               2.140852       1.297480      -0.860177              1.132890       0.686597      -0.455186
        7      H7               0.040291       4.258768       1.091910              0.021321       2.253643       0.577814
        8      H8              -4.038630       2.452793      -1.071494             -2.137151       1.297962      -0.567010
        9      H9              -4.038685      -2.452745      -1.071388             -2.137180      -1.297937      -0.566954
       10      H10              0.040202      -4.258776       1.091920              0.021274      -2.253647       0.577819
       11      H11              3.757199      -2.431010      -1.386022              1.988224      -1.286435      -0.733451
       12      H12              3.757203       2.430936      -1.386226              1.988226       1.286396      -0.733559
       13      B13              1.258263       0.000028       2.124094              0.665844       0.000015       1.124022

                    *************************************** 
                    *    InterNuclear Distances / bohr    * 
                    *************************************** 

               1 C1            2 C2            3 C3            4 C4            5 C5            6 C6    
    1 C1       0.000000
    2 C2       2.822566        0.000000
    3 C3       4.411474        2.511960        0.000000
    4 C4       4.575849        4.411504        2.822570        0.000000
    5 C5       4.452014        5.357709        4.710272        2.818846        0.000000
    6 C6       2.818914        4.710301        5.357765        4.452015        2.595004        0.000000
    7 H7       2.044499        4.218287        6.260154        6.569253        6.252613        4.122163
    8 H8       4.283505        2.043928        4.062038        6.387132        7.231501        6.290103
    9 H9       6.387110        4.062039        2.043929        4.283481        6.290064        7.231561
   10 H10      6.569235        6.260167        4.218272        2.044497        4.122162        6.252631
   11 H11      6.387897        7.371236        6.490175        4.307825        2.043059        4.097649
   12 H12      4.307931        6.490146        7.371247        6.387915        4.097675        2.043047
   13 B13      3.077548        4.710768        4.710763        3.077637        3.371721        3.371679

               7 H7            8 H8            9 H9           10 H10          11 H11          12 H12   
    7 H7       0.000000
    8 H8       4.957768        0.000000
    9 H9       8.146307        4.905538        0.000000
   10 H10      8.517544        8.146311        4.957717        0.000000
   11 H11      8.044170        9.204640        7.802261        4.826695        0.000000
   12 H12      4.826755        7.802214        9.204636        8.044224        4.861946        0.000000
   13 B13      4.548156        6.654691        6.654687        4.548238        4.947276        4.947358

              13 B13   
   13 B13      0.000000

                    ******************************************* 
                    *    InterNuclear Distances / angstrom    * 
                    ******************************************* 

               1 C1            2 C2            3 C3            4 C4            5 C5            6 C6    
    1 C1       0.000000
    2 C2       1.493637        0.000000
    3 C3       2.334452        1.329272        0.000000
    4 C4       2.421435        2.334468        1.493640        0.000000
    5 C5       2.355904        2.835178        2.492569        1.491669        0.000000
    6 C6       1.491705        2.492584        2.835207        2.355905        1.373217        0.000000
    7 H7       1.081902        2.232221        3.312731        3.476299        3.308740        2.181355
    8 H8       2.266733        1.081600        2.149538        3.379925        3.826745        3.328579
    9 H9       3.379913        2.149539        1.081600        2.266721        3.328558        3.826777
   10 H10      3.476289        3.312738        2.232213        1.081901        2.181354        3.308750
   11 H11      3.380330        3.900690        3.434453        2.279603        1.081140        2.168383
   12 H12      2.279659        3.434438        3.900696        3.380339        2.168396        1.081134
   13 B13      1.628568        2.492831        2.492829        1.628616        1.784238        1.784215

               7 H7            8 H8            9 H9           10 H10          11 H11          12 H12   
    7 H7       0.000000
    8 H8       2.623538        0.000000
    9 H9       4.310840        2.595899        0.000000
   10 H10      4.507290        4.310842        2.623511        0.000000
   11 H11      4.256792        4.870886        4.128778        2.554177        0.000000
   12 H12      2.554209        4.128754        4.870884        4.256820        2.572831        0.000000
   13 B13      2.406780        3.521511        3.521509        2.406824        2.617986        2.618029

              13 B13   
   13 B13      0.000000

                    ************************************** 
                    *    Valence Bond Angles / degree    * 
                    ************************************** 
                          Atom centers                 Phi
                      2 C2       1 C1       6 C6       113.22
                      2 C2       1 C1       7 H7       119.29
                      6 C6       1 C1       7 H7       114.97
                      1 C1       2 C2       3 C3       111.44
                      1 C1       2 C2       8 H8       122.53
                      3 C3       2 C2       8 H8       125.84
                      2 C2       3 C3       4 C4       111.45
                      2 C2       3 C3       9 H9       125.84
                      4 C4       3 C3       9 H9       122.52
                      3 C3       4 C4       5 C5       113.22
                      3 C3       4 C4      10 H10      119.29
                      5 C5       4 C4      10 H10      114.97
                      4 C4       5 C5       6 C6       110.57
                      4 C4       5 C5      11 H11      123.98
                      6 C6       5 C5      11 H11      123.70
                      1 C1       6 C6       5 C5       110.57
                      1 C1       6 C6      12 H12      123.98
                      5 C5       6 C6      12 H12      123.70

           ***************************************************************
           *              Valence Dihedral Angles / degree               *
           ***************************************************************
                    Atom centers                       Phi1     Phi2     Theta 
           6 C6       1 C1       2 C2       8 H8        113.22   122.53  -120.67
           7 H7       1 C1       2 C2       8 H8        119.29   122.53    19.45
           2 C2       1 C1       6 C6       5 C5        113.22   110.57   -54.13
           2 C2       1 C1       6 C6      12 H12       113.22   123.98   140.50
           7 H7       1 C1       6 C6      12 H12       114.97   123.98    -1.42
           3 C3       2 C2       1 C1       6 C6        111.44   113.22    54.60
           3 C3       2 C2       1 C1       7 H7        111.44   119.29  -165.28
           1 C1       2 C2       3 C3       4 C4        111.44   111.45    -0.00
           1 C1       2 C2       3 C3       9 H9        111.44   125.84  -175.08
           8 H8       2 C2       3 C3       9 H9        125.84   125.84     0.00
           4 C4       3 C3       2 C2       8 H8        111.45   125.84   175.08
           2 C2       3 C3       4 C4       5 C5        111.45   113.22   -54.60
           2 C2       3 C3       4 C4      10 H10       111.45   119.29   165.28
           9 H9       3 C3       4 C4      10 H10       122.52   119.29   -19.46
           5 C5       4 C4       3 C3       9 H9        113.22   122.52   120.67
           3 C3       4 C4       5 C5       6 C6        113.22   110.57    54.13
           3 C3       4 C4       5 C5      11 H11       113.22   123.98  -140.51
          10 H10      4 C4       5 C5      11 H11       114.97   123.98     1.41
           6 C6       5 C5       4 C4      10 H10       110.57   114.97  -163.95
           4 C4       5 C5       6 C6      12 H12       110.57   123.70   165.42
          11 H11      5 C5       6 C6      12 H12       123.70   123.70     0.01
           5 C5       6 C6       1 C1       7 H7        110.57   114.97   163.95
           1 C1       6 C6       5 C5       4 C4        110.57   110.57    -0.00
           1 C1       6 C6       5 C5      11 H11       110.57   123.70  -165.41
--


            Nuclear Potential Energy            257.70668174 au

--- Stop Module: gateway at Wed Sep 23 10:07:01 2026 /rc=_RC_ALL_IS_WELL_ ---
*** files: B-C6H6_A_dynamix.RICDLib xmldump
    saved to directory /Users/lucas/Development/Honors/OpenMolcas/build/CALCULATIONS/B-C6H6_A_ex_st/dynamix/./output

>>> EXPORT MOLCAS_MAXITER = 1000

--- Start Module: seward at Wed Sep 23 10:07:01 2026 ---

()()()()()()()()()()()()()()()()()()()()()()()()()()()()()()()()()()()()()()()()()()()()()()()()()()

                                              &SEWARD

                                   only a single process is used
                       available to each process: 5.0 GB of memory, 1 thread?
                                             pid: 53155
()()()()()()()()()()()()()()()()()()()()()()()()()()()()()()()()()()()()()()()()()()()()()()()()()()

               SEWARD will generate:
                  Multipole Moment integrals up to order  2
                  Kinetic Energy integrals
                  Nuclear Attraction integrals (finite nuclei - Gaussian type)
                  One-Electron Hamiltonian integrals
                  Velocity integrals
                  Relativistic X2C integrals
                  Orbital angular momentum around (  0.0196   0.0000   0.0545 )
                  Velocity quadrupole around (  0.0196   0.0000   0.0545 )
                  Atomic mean-field integrals
                  RI decomposed two-electron repulsion integrals stored Cholesky style
                   - acCD auxiliary basis
                   - CD Threshold:   1.00E-04

                   Integrals are discarded if absolute value <: 1.00E-14
                   Integral cutoff threshold is set to       <: 1.00E-16

            Nuclear Potential Energy            257.70668174 au


      Basis set specifications :
      Symmetry species         a  
      Basis functions          128


      Input file to MOLDEN was generated!

 ###############################################################################
 ###############################################################################
 ###                                                                         ###
 ###                                                                         ###
 ###    WARNING: RunFile label nBas                                          ###
 ###    was used       52 times                                              ###
 ###                                                                         ###
 ###                                                                         ###
 ###############################################################################
 ###############################################################################
--- Stop Module: seward at Wed Sep 23 10:07:09 2026 /rc=_RC_ALL_IS_WELL_ ---
*** files: B-C6H6_A_dynamix.GssOrb B-C6H6_A_dynamix.guessorb.h5 B-C6H6_A_dynamix.guessorb.molden xmldump
    saved to directory /Users/lucas/Development/Honors/OpenMolcas/build/CALCULATIONS/B-C6H6_A_ex_st/dynamix/./output
--- Module seward spent 8 seconds ---

>>> IF (ITER == 1)

--- Start Module: rasscf at Wed Sep 23 10:07:09 2026 ---

()()()()()()()()()()()()()()()()()()()()()()()()()()()()()()()()()()()()()()()()()()()()()()()()()()

                                              &RASSCF

                                   only a single process is used
                       available to each process: 5.0 GB of memory, 1 thread?
                                             pid: 53158
()()()()()()()()()()()()()()()()()()()()()()()()()()()()()()()()()()()()()()()()()()()()()()()()()()


      Header of the ONEINT file:
      --------------------------
      
      Integrals generated by Gateway/Seward, Wed Sep 23 10:07:01 2026


      OrdInt status: non-squared


      Cartesian coordinates in angstrom:
      -----------------------------------------------------
      No.  Label        X            Y            Z        
      -----------------------------------------------------
       1   C1        -0.04355100   1.21071200   0.29745900
       2   C2        -1.34546800   0.66464800  -0.19016700
       3   C3        -1.34548600  -0.66462400  -0.19013200
       4   C4        -0.04355800  -1.21072300   0.29743200
       5   C5         1.13285100  -0.68662000  -0.45520000
       6   C6         1.13289000   0.68659700  -0.45518600
       7   H7         0.02132100   2.25364300   0.57781400
       8   H8        -2.13715100   1.29796200  -0.56701000
       9   H9        -2.13718000  -1.29793700  -0.56695400
      10   H10        0.02127400  -2.25364700   0.57781900
      11   H11        1.98822400  -1.28643500  -0.73345100
      12   H12        1.98822600   1.28639600  -0.73355900
      13   B13        0.66584400   0.00001500   1.12402200
      -----------------------------------------------------
      Nuclear repulsion energy =  257.70668174

++    Wave function specifications:
      -----------------------------

      Number of closed shell electrons          36
      Number of electrons in active shells       5
      Max number of holes in RAS1 space          0
      Max nr of electrons in RAS3 space          0
      Number of inactive orbitals               18
      Number of active orbitals                  6
      Number of secondary orbitals             104
      Spin quantum number                      0.5
      State symmetry                             1
--

++    Orbital specifications:
      -----------------------

      Symmetry species                           1
                                                 a
      Frozen orbitals                            0
      Inactive orbitals                         18
      Active orbitals                            6
      RAS1 orbitals                              0
      RAS2 orbitals                              6
      RAS3 orbitals                              0
      Secondary orbitals                       104
      Deleted orbitals                           0
      Number of basis functions                128
--

++    CI expansion specifications:
      ----------------------------

      Number of CSFs                           210
      Number of determinants                   300
      Number of root(s) required                 3
      Root chosen for geometry opt.              3
      CI roots used                              1     2     3
      weights                                0.333 0.333 0.333
      highest root included in the CI            3
      max. size of the explicit Hamiltonian    200
--

++    Optimization specifications:
      ----------------------------

      RASSCF algorithm: LK RI/DF
      Maximum number of macro iterations       200
      Maximum number of SX iterations          100
      Threshold for RASSCF energy            1.000E-08
      Threshold for max MO rotation          1.000E-01
      Threshold for max BLB element          1.000E-04
      Level shift parameter                  5.000E-01
      Make Quasi-Newton update
--

      The MO-coefficients are taken from the file:
      B-C6H6_A_dynamix.GssOrb
      Title:Guess orbitals                                                                 

      Total molecular charge    6.00

      ************************************************************************************************************************
      *                                                                                                                      *
      *                                            Wave function control section                                             *
      *                                                                                                                      *
      ************************************************************************************************************************


                                         RASSCF iterations: Energy and convergence statistics
                                         ----------------------------------------------------

      Iter CI   SX   CI       RASSCF       Energy    max ROT     max BLB   max BLB  Level Ln srch  Step   QN   Walltime
          iter iter root      energy       change     param      element    value   shift minimum  type update hh:mm:ss
 Nr of preliminary CI iterations:   1
        1   1  101    0  -247.67344990    0.00E+00  -1.42E-01*  18  30 1 -5.66E-01*  0.40   0.00    SX    NO    0:00:01
        2   5  101    0  -249.43931955   -1.77E+00* -6.41E-02   13  29 1  2.35E-01*  0.28   0.00    SX    NO    0:00:00
        3   3  101    0  -249.90174995   -4.62E-01* -5.50E-02   14  41 1  8.88E-02*  0.27   0.00    SX    NO    0:00:00
        4   1   59    0  -249.98718882   -8.54E-02* -3.73E-02   14  41 1  4.68E-02*  0.25   0.00    SX    NO    0:00:00
        5   3   66    0  -250.01181722   -2.46E-02*  5.26E-02   16  21 1 -2.67E-02*  0.25   1.55    QN   YES    0:00:00
        6   3   38    0  -250.02527280   -1.35E-02*  2.72E-02   16  21 1 -9.04E-03*  0.24   1.36    QN   YES    0:00:00
        7   3   37    0  -250.02752211   -2.25E-03*  3.19E-02   14  27 1  4.46E-03*  0.24   1.47    QN   YES    0:00:00
        8   3   36    0  -250.02843878   -9.17E-04*  6.07E-02   14  23 1  4.43E-03*  0.24   2.06    QN   YES    0:00:00
        9   3   35    0  -250.02946334   -1.02E-03* -1.17E-01*  14  23 1  7.74E-03*  0.24   2.50    QN   YES    0:00:00
       10   3   33    0  -250.03104743   -1.58E-03* -1.58E-01*  14  23 1  1.13E-02*  0.24   2.29    QN   YES    0:00:00
       11   3   35    0  -250.03286641   -1.82E-03* -1.41E-01*  14  23 1  1.41E-02*  0.24   1.77    QN   YES    0:00:00
       12   3   28    0  -250.03451744   -1.65E-03* -1.40E-01*  14  23 1  1.41E-02*  0.24   2.02    QN   YES    0:00:00
       13   3   32    0  -250.03668232   -2.16E-03* -1.49E-01*  14  31 1 -1.30E-02*  0.25   2.29    QN   YES    0:00:00
       14   3   32    0  -250.03966994   -2.99E-03* -1.21E-01*  14  27 1 -1.12E-02*  0.25   2.12    QN   YES    0:00:00
       15   3   39    0  -250.04275896   -3.09E-03*  6.15E-02   14  27 1 -8.34E-03*  0.25   1.93    QN   YES    0:00:00
       16   3   39    0  -250.04498606   -2.23E-03* -7.23E-02   14  23 1 -5.94E-03*  0.24   1.85    QN   YES    0:00:00
       17   3   37    0  -250.04637569   -1.39E-03*  7.94E-02   14  23 1 -6.56E-03*  0.24   1.88    QN   YES    0:00:00
       18   4   37    0  -250.04749450   -1.12E-03*  1.06E-01*  14  23 1 -5.19E-03*  0.24   1.81    QN   YES    0:00:00
       19   3   36    0  -250.04861856   -1.12E-03*  1.28E-01*  14  27 1  4.64E-03*  0.23   1.68    QN   YES    0:00:00
       20   3   35    0  -250.04970733   -1.09E-03*  1.45E-01*  14  27 1  5.17E-03*  0.23   1.71    QN   YES    0:00:00
       21   4   35    0  -250.05076121   -1.05E-03*  1.19E-01*  16  23 1  4.74E-03*  0.22   1.61    QN   YES    0:00:00
       22   3   35    0  -250.05165292   -8.92E-04*  6.19E-02   14  23 1  4.72E-03*  0.22   1.63    QN   YES    0:00:00
       23   3   39    0  -250.05233224   -6.79E-04*  3.25E-02   14  23 1  4.37E-03*  0.22   1.69    QN   YES    0:00:00
       24   3   38    0  -250.05275999   -4.28E-04* -2.36E-02   14  23 1  2.45E-03*  0.22   1.86    QN   YES    0:00:00
       25   4   37    0  -250.05308665   -3.27E-04*  2.46E-02   14  27 1 -2.07E-03*  0.22   1.89    QN   YES    0:00:00
       26   4   37    0  -250.05334728   -2.61E-04*  2.67E-02   16  23 1 -1.72E-03*  0.22   1.89    QN   YES    0:00:00
       27   4   36    0  -250.05357765   -2.30E-04* -2.80E-02   14  23 1 -2.25E-03*  0.22   1.99    QN   YES    0:00:00
       28   4   36    0  -250.05382866   -2.51E-04* -3.39E-02   14  23 1 -2.38E-03*  0.22   2.04    QN   YES    0:00:00
       29   4   36    0  -250.05412770   -2.99E-04* -3.06E-02   14  31 1  2.04E-03*  0.21   2.00    QN   YES    0:00:00
       30   4   35    0  -250.05447880   -3.51E-04* -3.61E-02   14  27 1  2.38E-03*  0.21   1.98    QN   YES    0:00:00
       31   3   35    0  -250.05487960   -4.01E-04*  4.35E-02   16  23 1  2.53E-03*  0.21   2.04    QN   YES    0:00:00
       32   3   34    0  -250.05533884   -4.59E-04*  4.44E-02   14  24 1 -2.97E-03*  0.22   2.13    QN   YES    0:00:00
       33   3   34    0  -250.05583984   -5.01E-04*  4.63E-02   14  24 1 -3.36E-03*  0.22   2.11    QN   YES    0:00:00
       34   3   35    0  -250.05634350   -5.04E-04*  3.67E-02   14  23 1  2.99E-03*  0.22   1.92    QN   YES    0:00:00
       35   3   35    0  -250.05679926   -4.56E-04*  3.41E-02   14  23 1  2.36E-03*  0.23   1.76    QN   YES    0:00:00
       36   4   35    0  -250.05719169   -3.92E-04*  2.96E-02   16  23 1 -2.09E-03*  0.23   1.71    QN   YES    0:00:00
       37   4   36    0  -250.05754378   -3.52E-04* -2.93E-02   16  21 1 -2.19E-03*  0.23   1.84    QN   YES    0:00:00
       38   4   36    0  -250.05789270   -3.49E-04*  4.19E-02   16  21 1 -2.13E-03*  0.23   2.05    QN   YES    0:00:00
       39   4   37    0  -250.05830647   -4.14E-04*  6.80E-02   14  23 1 -2.34E-03*  0.24   2.41    QN   YES    0:00:00
       40   4   39    0  -250.05890161   -5.95E-04*  9.33E-02   14  23 1 -2.89E-03*  0.24   2.21    QN   YES    0:00:00
       41   4   40    0  -250.05961423   -7.13E-04*  7.12E-02   16  23 1  4.08E-03*  0.25   1.45    QN   YES    0:00:00
       42   4   40    0  -250.06025283   -6.39E-04* -6.29E-02   16  23 1  5.37E-03*  0.25   1.53    QN   YES    0:00:00
       43   3   40    0  -250.06130454   -1.05E-03*  6.99E-02   16  23 1  6.56E-03*  0.25   2.11    QN   YES    0:00:00
       44   3   39    0  -250.06284136   -1.54E-03*  5.23E-02   16  23 1  6.27E-03*  0.25   2.04    QN   YES    0:00:00
       45   3   38    0  -250.06416728   -1.33E-03*  3.47E-02   16  23 1  3.72E-03*  0.25   1.94    QN   YES    0:00:00
       46   3   38    0  -250.06510928   -9.42E-04* -4.44E-02   14  31 1 -3.08E-03*  0.25   1.90    QN   YES    0:00:00
       47   3   38    0  -250.06578123   -6.72E-04* -4.87E-02   17  23 1  2.83E-03*  0.25   1.59    QN   YES    0:00:00
       48   3   37    0  -250.06627027   -4.89E-04*  2.89E-02   16  23 1 -4.26E-03*  0.25   1.18    QN   YES    0:00:00
       49   3   37    0  -250.06681117   -5.41E-04*  6.11E-02   16  23 1 -4.36E-03*  0.25   1.81    QN   YES    0:00:00
       50   3   38    0  -250.06741555   -6.04E-04* -4.51E-02   16  23 1 -2.87E-03*  0.25   1.98    QN   YES    0:00:00
       51   3   38    0  -250.06800121   -5.86E-04*  7.32E-02   14  31 1  2.73E-03*  0.25   1.44    QN   YES    0:00:00
       52   3   39    0  -250.06843945   -4.38E-04*  3.67E-02   14  27 1  2.67E-03*  0.25   1.54    QN   YES    0:00:00
       53   3   39    0  -250.06886979   -4.30E-04*  2.76E-02   16  23 1  2.80E-03*  0.25   2.13    QN   YES    0:00:00
       54   3   38    0  -250.06931533   -4.46E-04*  2.03E-02   11  20 1 -2.17E-03*  0.25   1.75    QN   YES    0:00:00
       55   3   36    0  -250.06957894   -2.64E-04* -1.38E-02   11  20 1 -1.34E-03*  0.25   1.70    QN   YES    0:00:00
       56   3   33    0  -250.06973981   -1.61E-04*  1.99E-02   16  21 1 -1.11E-03*  0.25   1.62    QN   YES    0:00:00
       57   3   33    0  -250.06984467   -1.05E-04* -1.62E-02   14  27 1 -1.18E-03*  0.25   1.45    QN   YES    0:00:00
       58   3   34    0  -250.06991782   -7.32E-05* -1.08E-02   14  24 1  1.09E-03*  0.25   1.41    QN   YES    0:00:00
       59   3   33    0  -250.06996551   -4.77E-05* -1.09E-02   11  20 1  7.11E-04*  0.25   1.72    QN   YES    0:00:00
       60   3   31    0  -250.07000131   -3.58E-05* -9.37E-03   14  27 1  6.07E-04*  0.25   1.62    QN   YES    0:00:00
       61   3   29    0  -250.07002702   -2.57E-05* -8.03E-03   14  27 1  5.42E-04*  0.25   1.71    QN   YES    0:00:00
       62   3   30    0  -250.07004926   -2.22E-05* -6.14E-03   14  24 1 -5.99E-04*  0.25   1.66    QN   YES    0:00:00
       63   3   31    0  -250.07006739   -1.81E-05* -4.87E-03   11  20 1 -3.82E-04*  0.25   1.71    QN   YES    0:00:00
       64   4   31    0  -250.07008266   -1.53E-05*  5.92E-03   14  27 1 -3.41E-04*  0.25   1.83    QN   YES    0:00:00
       65   4   30    0  -250.07009711   -1.44E-05* -7.23E-03   14  27 1 -3.99E-04*  0.25   1.92    QN   YES    0:00:00
       66   4   29    0  -250.07011214   -1.50E-05* -9.61E-03   14  24 1  3.96E-04*  0.25   2.00    QN   YES    0:00:00
       67   4   30    0  -250.07012934   -1.72E-05* -1.36E-02   14  31 1  3.32E-04*  0.25   2.00    QN   YES    0:00:00
       68   4   31    0  -250.07014879   -1.95E-05*  1.73E-02   22  26 1  3.55E-04*  0.25   2.04    QN   YES    0:00:00
       69   4   32    0  -250.07016988   -2.11E-05* -2.07E-02   14  27 1  4.56E-04*  0.25   2.00    QN   YES    0:00:00
       70   4   32    0  -250.07019127   -2.14E-05* -2.27E-02   14  24 1 -4.70E-04*  0.25   1.98    QN   YES    0:00:00
       71   4   32    0  -250.07021396   -2.27E-05* -2.65E-02   21  34 1 -3.92E-04*  0.25   1.97    QN   YES    0:00:00
       72   4   31    0  -250.07023988   -2.59E-05*  3.44E-02   21  34 1 -4.43E-04*  0.25   1.93    QN   YES    0:00:00
       73   4   31    0  -250.07027266   -3.28E-05*  4.21E-02   22  26 1 -4.93E-04*  0.25   1.92    QN   YES    0:00:00
       74   4   32    0  -250.07031391   -4.13E-05*  4.89E-02   17  25 1 -7.09E-04*  0.25   1.87    QN   YES    0:00:00
       75   4   33    0  -250.07036815   -5.42E-05*  5.32E-02   17  25 1 -9.03E-04*  0.25   1.94    QN   YES    0:00:00
       76   4   34    0  -250.07043604   -6.79E-05*  5.89E-02   17  25 1 -8.71E-04*  0.25   2.04    QN   YES    0:00:00
       77   4   34    0  -250.07052602   -9.00E-05*  7.10E-02   19  36 1 -7.49E-04*  0.24   1.99    QN   YES    0:00:00
       78   4   33    0  -250.07061748   -9.15E-05*  5.57E-02   19  36 1 -1.43E-03*  0.24   1.54    QN   YES    0:00:00
       79   4   35    0  -250.07072436   -1.07E-04* -5.13E-02   19  29 1 -1.25E-03*  0.24   0.95    QN   YES    0:00:00
       80   4   36    0  -250.07081955   -9.52E-05* -1.77E-02   19  29 1 -1.72E-03*  0.24   1.44    QN   YES    0:00:00
       81   4   36    0  -250.07097176   -1.52E-04*  4.83E-02   14  24 1 -1.17E-03*  0.24   1.15    QN   YES    0:00:00
       82   4   36    0  -250.07106071   -8.90E-05* -1.35E-02   17  25 1  9.40E-04*  0.24   1.43    QN   YES    0:00:00
       83   3   34    0  -250.07115217   -9.15E-05* -1.99E-02   14  31 1 -6.46E-04*  0.24   1.68    QN   YES    0:00:00
       84   3   31    0  -250.07122127   -6.91E-05* -1.12E-02   14  24 1  5.97E-04*  0.24   1.85    QN   YES    0:00:00
       85   3   33    0  -250.07128243   -6.12E-05* -1.70E-02   17  25 1 -7.94E-04*  0.24   1.67    QN   YES    0:00:00
       86   3   33    0  -250.07132303   -4.06E-05* -6.85E-03   17  25 1 -7.69E-04*  0.24   1.67    QN   YES    0:00:00
       87   3   33    0  -250.07135188   -2.88E-05*  9.54E-03   17  25 1 -4.77E-04*  0.24   1.46    QN   YES    0:00:00
       88   3   32    0  -250.07136899   -1.71E-05* -5.09E-03   18  26 1 -3.72E-04*  0.24   1.53    QN   YES    0:00:00
       89   3   30    0  -250.07138104   -1.20E-05* -4.89E-03   14  24 1 -2.97E-04*  0.24   1.50    QN   YES    0:00:00
       90   3   28    0  -250.07138864   -7.59E-06*  4.42E-03   17  25 1  3.05E-04*  0.24   1.44    QN   YES    0:00:00
       91   3   28    0  -250.07139395   -5.31E-06*  2.84E-03   17  25 1  2.32E-04*  0.24   1.37    QN   YES    0:00:00
       92   3   28    0  -250.07139786   -3.91E-06* -1.88E-03   18  26 1  2.15E-04*  0.24   1.68    QN   YES    0:00:00
       93   3   28    0  -250.07140098   -3.12E-06*  1.61E-03   14  24 1  1.14E-04*  0.24   1.63    QN   YES    0:00:00
       94   3   27    0  -250.07140298   -1.99E-06* -1.69E-03   11  23 1 -1.29E-04*  0.24   1.68    QN   YES    0:00:00
       95   3   26    0  -250.07140434   -1.37E-06* -1.34E-03   17  25 1 -9.09E-05   0.24   1.63    QN   YES    0:00:00
       96   3   24    0  -250.07140518   -8.40E-07*  9.50E-04   18  26 1 -8.12E-05   0.24   1.62    QN   YES    0:00:00
       97   3   23    0  -250.07140569   -5.02E-07*  7.44E-04   11  20 1 -6.44E-05   0.24   1.63    QN   YES    0:00:00
       98   3   22    0  -250.07140601   -3.24E-07* -5.87E-04   11  20 1 -4.81E-05   0.24   1.65    QN   YES    0:00:00
       99   3   21    0  -250.07140622   -2.14E-07*  3.81E-04   14  24 1  3.56E-05   0.24   1.60    QN   YES    0:00:00
      100   3   20    0  -250.07140634   -1.21E-07* -3.18E-04   18  26 1  2.70E-05   0.24   1.56    QN   YES    0:00:00
      101   3   19    0  -250.07140641   -6.20E-08* -2.93E-04   11  20 1  1.85E-05   0.24   1.60    QN   YES    0:00:00
      102   3   18    0  -250.07140644   -3.65E-08* -2.81E-04   11  20 1  1.45E-05   0.24   1.67    QN   YES    0:00:00
      103   3   17    0  -250.07140647   -2.47E-08*  2.12E-04   14  24 1 -1.56E-05   0.24   1.66    QN   YES    0:00:00
      104   1   16    0  -250.07140648   -1.47E-08*  1.48E-04   14  24 1 -1.10E-05   0.24   1.42    QN   YES    0:00:00
      105   3   15    0  -250.07140649   -8.72E-09   1.94E-04   17  26 1 -5.93E-06   0.24   1.26    QN   YES    0:00:00
      Convergence after105 iterations
      106   3   15    0  -250.07140650   -5.07E-09   1.94E-04   14  24 1  6.85E-06   0.24   1.26    QN   YES    0:00:00

      ************************************************************************************************************************
                                                      Wave function printout:
                       occupation of active orbitals, and spin coupling of open shells (u,d: Spin up or down)
      ************************************************************************************************************************

      Note: transformation to natural orbitals
      has been made, which may change the order of the CSFs.

      printout of CI-coefficients larger than  0.05 for root  1
      energy=    -250.095657

      Occupation of active orbitals, and spin coupling of open shells. (u,d: Spin up or down).

         Conf Occupation    Coeff  Weight
            4   220u00    0.93619 0.87646
            5   2200u0    0.18936 0.03586
            6   22000u   -0.06373 0.00406
           19   022u00   -0.06046 0.00366
           31   2u0200    0.13510 0.01825
           32   2u0du0   -0.05529 0.00306
           34   2u0020   -0.11521 0.01327
           40   u20200   -0.08394 0.00705
          104   200u20    0.15274 0.02333

      ************************************************************************************************************************

      printout of CI-coefficients larger than  0.05 for root  2
      energy=    -250.080962

      Occupation of active orbitals, and spin coupling of open shells. (u,d: Spin up or down).

         Conf Occupation    Coeff  Weight
            4   220u00    0.16913 0.02860
            5   2200u0   -0.92903 0.86311
           20   0220u0    0.06015 0.00362
           31   2u0200    0.07866 0.00619
           33   2u0ud0    0.16246 0.02639
           34   2u0020   -0.07542 0.00569
           42   u20ud0   -0.06501 0.00423
          103   2002u0    0.19868 0.03947
          111   ud02u0   -0.08559 0.00733

      ************************************************************************************************************************

      printout of CI-coefficients larger than  0.05 for root  3
      energy=    -250.037601

      Occupation of active orbitals, and spin coupling of open shells. (u,d: Spin up or down).

         Conf Occupation    Coeff  Weight
            4   220u00    0.07520 0.00566
           31   2u0200    0.07202 0.00519
           40   u20200    0.93981 0.88324
           43   u20020   -0.16775 0.02814
           44   u20d0u    0.05035 0.00253
           48   u20002   -0.05954 0.00355
          112   ud0u20    0.08509 0.00724
          155   uu0d20    0.15275 0.02333
          181   u00220   -0.12870 0.01656

      ************************************************************************************************************************

      Natural orbitals and occupation numbers for root  1
      sym 1:   1.984699   1.912707   0.011682   0.995545   0.088722   0.006645

      Natural orbitals and occupation numbers for root  2
      sym 1:   1.983380   1.855337   0.011918   0.153380   0.991382   0.004604

      Natural orbitals and occupation numbers for root  3
      sym 1:   0.999473   1.976630   0.002170   1.835769   0.163837   0.022121

      ************************************************************************************************************************
      *                                                                                                                      *
      *                                                    Final results                                                     *
      *                                                                                                                      *
      ************************************************************************************************************************


++    Final optimization conditions:
      ------------------------------

      Average CI energy                            -250.07140650
      RASSCF energy for state  3                   -250.03760071
      Super-CI energy                                -0.00000000
      RASSCF energy change                            0.00000000
      Max change in MO coefficients              -4.193E-04
      Max non-diagonal density matrix element     1.942E-04
      Maximum BLB matrix element                  6.851E-06
      (orbital pair  14,  24 in symmetry   1)
      Norm of electronic gradient            1.334E-01
--


      Final state energy(ies):
      ------------------------

::    RASSCF root number  1 Total energy:   -250.09565680
::    RASSCF root number  2 Total energy:   -250.08096198
::    RASSCF root number  3 Total energy:   -250.03760071

++    Molecular orbitals:
      -------------------

      Pseudonatural active orbitals and approximate occupation numbers




      Molecular orbitals for symmetry species 1: a  


      Orbital                 1         2         3         4         5         6         7         8         9        10
      Energy           -12.7513  -12.7440  -12.7413  -12.7268  -12.7142  -12.6873   -9.2954   -2.6887   -2.5115   -2.4289
      Occ. No.           2.0000    2.0000    2.0000    2.0000    2.0000    2.0000    2.0000    2.0000    2.0000    2.0000

     1 C1     1s        -0.0098    0.0123   -0.0013   -0.0021   -0.9994   -0.0001    0.0003   -0.0314    0.0011   -0.0355
     2 C1     2s         0.0003    0.0000    0.0003    0.0003   -0.0005    0.0001    0.0032    0.2369   -0.0555    0.4116
     3 C1     3s         0.0004   -0.0003    0.0002    0.0002    0.0025    0.0000    0.0015   -0.0196   -0.0025   -0.0111
     4 C1     2px        0.0009   -0.0000   -0.0000   -0.0001    0.0000   -0.0002    0.0011    0.0180    0.0784    0.0158
     5 C1     3px        0.0004   -0.0003   -0.0000   -0.0001    0.0005   -0.0001    0.0004   -0.0147   -0.0568   -0.0168
     6 C1     2py       -0.0002    0.0004   -0.0006   -0.0005   -0.0002    0.0001   -0.0022   -0.0894    0.0229   -0.1152
     7 C1     3py       -0.0002    0.0004   -0.0005   -0.0004   -0.0016    0.0001   -0.0017    0.0108    0.0084   -0.0235
     8 C1     2pz       -0.0002    0.0001   -0.0002   -0.0001   -0.0002    0.0001    0.0001   -0.0463    0.0090   -0.0857
     9 C1     3pz       -0.0003    0.0001   -0.0002   -0.0001   -0.0003    0.0000    0.0006    0.0101    0.0014   -0.0192
    10 C1     3d2-      -0.0001   -0.0000    0.0001   -0.0001    0.0001   -0.0000   -0.0005   -0.0053   -0.0180   -0.0046
    11 C1     3d1-       0.0000   -0.0000    0.0000    0.0001   -0.0002   -0.0000   -0.0005    0.0078   -0.0025    0.0083
    12 C1     3d0       -0.0001    0.0000   -0.0000   -0.0001    0.0002    0.0000   -0.0001   -0.0074    0.0030   -0.0109
    13 C1     3d1+      -0.0000    0.0001    0.0000   -0.0000   -0.0000    0.0000    0.0001   -0.0016   -0.0070   -0.0020
    14 C1     3d2+      -0.0001    0.0000    0.0000   -0.0000    0.0000    0.0001   -0.0003    0.0040   -0.0000    0.0149
    15 C2     1s        -0.9967   -0.0001   -0.0771    0.0000    0.0099   -0.0002    0.0000   -0.0260    0.0417   -0.0102
    16 C2     2s        -0.0015    0.0004   -0.0006   -0.0004   -0.0009   -0.0001   -0.0000    0.1706   -0.3930    0.1647
    17 C2     3s         0.0013    0.0003   -0.0001   -0.0001   -0.0003   -0.0001   -0.0000   -0.0233    0.0299   -0.0061
    18 C2     2px       -0.0004    0.0006   -0.0002   -0.0001   -0.0006   -0.0004    0.0000    0.0647   -0.0648    0.0609
    19 C2     3px        0.0018    0.0005    0.0000   -0.0000   -0.0002   -0.0003   -0.0001   -0.0164   -0.0089   -0.0296
    20 C2     2py        0.0011   -0.0002    0.0004   -0.0001   -0.0002    0.0001    0.0002   -0.0578    0.1430    0.0230
    21 C2     3py       -0.0010   -0.0002    0.0004   -0.0001    0.0001    0.0001    0.0003    0.0131   -0.0455   -0.0534
    22 C2     2pz       -0.0002   -0.0000   -0.0000   -0.0000   -0.0001   -0.0002   -0.0003    0.0132   -0.0301    0.0219
    23 C2     3pz        0.0008   -0.0000    0.0001   -0.0000    0.0000   -0.0002   -0.0000   -0.0058   -0.0046   -0.0058
    24 C2     3d2-       0.0000   -0.0000    0.0001    0.0000   -0.0001    0.0000    0.0001   -0.0031    0.0030    0.0084
    25 C2     3d1-       0.0001    0.0000    0.0001    0.0000   -0.0000    0.0000    0.0000   -0.0013    0.0010    0.0024
    26 C2     3d0        0.0006   -0.0000    0.0002   -0.0000   -0.0000    0.0000    0.0000   -0.0125    0.0220   -0.0061
    27 C2     3d1+      -0.0003   -0.0001   -0.0002   -0.0000   -0.0000   -0.0000   -0.0001    0.0052   -0.0102    0.0094
    28 C2     3d2+       0.0005    0.0001   -0.0001   -0.0000   -0.0002    0.0000   -0.0000   -0.0014    0.0209    0.0121
    29 C3     1s        -0.0765   -0.0006    0.9968    0.0000   -0.0006    0.0068    0.0000   -0.0255    0.0418    0.0124
    30 C3     2s         0.0002   -0.0004    0.0017    0.0004   -0.0002   -0.0011   -0.0000    0.1625   -0.3825   -0.1830
    31 C3     3s         0.0003   -0.0001   -0.0012    0.0003   -0.0001   -0.0004   -0.0000   -0.0226    0.0298    0.0077
    32 C3     2px        0.0000   -0.0001    0.0003    0.0006   -0.0002   -0.0005   -0.0001    0.0621   -0.0613   -0.0608
    33 C3     3px        0.0002   -0.0000   -0.0017    0.0005   -0.0002   -0.0001   -0.0001   -0.0144   -0.0082    0.0281
    34 C3     2py        0.0001    0.0001    0.0013    0.0002   -0.0002   -0.0002   -0.0001    0.0568   -0.1430    0.0019
    35 C3     3py        0.0005    0.0001   -0.0010    0.0002   -0.0002   -0.0003   -0.0003   -0.0152    0.0462   -0.0487
    36 C3     2pz       -0.0001   -0.0000    0.0002   -0.0000   -0.0001    0.0000   -0.0003    0.0123   -0.0294   -0.0199
    37 C3     3pz        0.0000   -0.0000   -0.0008   -0.0000   -0.0001    0.0001   -0.0000   -0.0053   -0.0042    0.0051
    38 C3     3d2-       0.0001   -0.0000    0.0000    0.0000   -0.0000    0.0001   -0.0001    0.0034   -0.0030    0.0079
    39 C3     3d1-       0.0001   -0.0000    0.0001   -0.0000   -0.0000   -0.0000   -0.0000    0.0015   -0.0013    0.0026
    40 C3     3d0       -0.0001   -0.0000   -0.0006   -0.0000    0.0000   -0.0001    0.0000   -0.0121    0.0217    0.0076
    41 C3     3d1+       0.0002   -0.0000    0.0003   -0.0001   -0.0000    0.0000   -0.0001    0.0049   -0.0100   -0.0088
    42 C3     3d2+       0.0002   -0.0000   -0.0005    0.0001    0.0000   -0.0001   -0.0000   -0.0020    0.0212   -0.0097
    43 C4     1s        -0.0003    0.0000    0.0068    0.0094    0.0001   -0.9995    0.0003   -0.0296    0.0012    0.0365
    44 C4     2s        -0.0002    0.0002   -0.0002    0.0001    0.0000   -0.0005    0.0031    0.2133   -0.0520   -0.4116
    45 C4     3s        -0.0001    0.0001   -0.0003   -0.0002    0.0000    0.0024    0.0014   -0.0186   -0.0026    0.0116
    46 C4     2px        0.0001   -0.0001   -0.0009    0.0001   -0.0001    0.0001    0.0009    0.0151    0.0707   -0.0164
    47 C4     3px        0.0000   -0.0001   -0.0004   -0.0002   -0.0001    0.0005    0.0003   -0.0133   -0.0546    0.0172
    48 C4     2py       -0.0006    0.0004   -0.0002   -0.0002    0.0000    0.0001    0.0018    0.0818   -0.0263   -0.0972
    49 C4     3py       -0.0005    0.0003   -0.0002   -0.0004    0.0000    0.0027    0.0016   -0.0117   -0.0075   -0.0255
    50 C4     2pz        0.0002   -0.0001    0.0002    0.0000    0.0000    0.0001    0.0002   -0.0422    0.0073    0.0834
    51 C4     3pz        0.0001   -0.0001    0.0003    0.0001    0.0001   -0.0005    0.0005    0.0111    0.0008    0.0168
    52 C4     3d2-       0.0001    0.0001   -0.0001    0.0000    0.0000   -0.0001    0.0005    0.0050    0.0185   -0.0044
    53 C4     3d1-       0.0000   -0.0001    0.0000    0.0000   -0.0000    0.0002    0.0005   -0.0081    0.0024    0.0112
    54 C4     3d0        0.0000   -0.0000    0.0001    0.0000    0.0000    0.0003   -0.0001   -0.0073    0.0034    0.0111
    55 C4     3d1+      -0.0000    0.0000    0.0000    0.0000    0.0000    0.0000    0.0001   -0.0015   -0.0064    0.0026
    56 C4     3d2+      -0.0000   -0.0000    0.0001    0.0000    0.0000   -0.0001   -0.0003    0.0016   -0.0001   -0.0121
    57 C5     1s         0.0001    0.0380    0.0001    0.9991   -0.0018    0.0093   -0.0001   -0.0372   -0.0267    0.0187
    58 C5     2s         0.0002    0.0004    0.0007    0.0019   -0.0005   -0.0010    0.0009    0.2562    0.2487   -0.2436
    59 C5     3s        -0.0000   -0.0000    0.0004   -0.0013   -0.0002   -0.0002    0.0005   -0.0259   -0.0151    0.0082
    60 C5     2px       -0.0000   -0.0001   -0.0009   -0.0006    0.0001    0.0006   -0.0008   -0.0862   -0.0304    0.0872
    61 C5     3px        0.0000   -0.0000   -0.0008    0.0015    0.0001    0.0001   -0.0001    0.0113   -0.0159   -0.0152
    62 C5     2py       -0.0001   -0.0000   -0.0001    0.0008   -0.0005    0.0004    0.0000    0.0768    0.0924    0.0108
    63 C5     3py       -0.0002   -0.0004   -0.0000   -0.0011   -0.0003    0.0002   -0.0000   -0.0249   -0.0254   -0.0521
    64 C5     2pz       -0.0000   -0.0001    0.0003    0.0002   -0.0000    0.0001   -0.0000    0.0442    0.0423   -0.0522
    65 C5     3pz       -0.0000   -0.0001    0.0002   -0.0011   -0.0000    0.0001    0.0002   -0.0131    0.0021    0.0152
    66 C5     3d2-      -0.0001    0.0001    0.0000   -0.0000    0.0000   -0.0000   -0.0000   -0.0039   -0.0009   -0.0075
    67 C5     3d1-       0.0000   -0.0000   -0.0000    0.0000   -0.0000    0.0000    0.0001    0.0047    0.0037    0.0038
    68 C5     3d0        0.0000    0.0000   -0.0000   -0.0005    0.0001   -0.0000    0.0000   -0.0099   -0.0062    0.0022
    69 C5     3d1+      -0.0000    0.0002   -0.0000   -0.0003    0.0000   -0.0001   -0.0001   -0.0132   -0.0089    0.0179
    70 C5     3d2+       0.0000   -0.0001    0.0001   -0.0003    0.0000   -0.0001   -0.0001   -0.0068   -0.0158   -0.0092
    71 C6     1s        -0.0002    0.9990    0.0004   -0.0383    0.0124   -0.0004   -0.0001   -0.0378   -0.0264   -0.0153
    72 C6     2s        -0.0007    0.0017   -0.0003    0.0000   -0.0007   -0.0004    0.0010    0.2744    0.2615    0.2114
    73 C6     3s        -0.0005   -0.0014   -0.0000   -0.0001   -0.0002   -0.0001    0.0004   -0.0266   -0.0153   -0.0070
    74 C6     2px        0.0010   -0.0006    0.0002    0.0001    0.0004    0.0002   -0.0009   -0.0920   -0.0343   -0.0758
    75 C6     3px        0.0008    0.0017    0.0001   -0.0001    0.0002    0.0001    0.0000    0.0125   -0.0167    0.0175
    76 C6     2py       -0.0000   -0.0006   -0.0001    0.0003   -0.0007    0.0003   -0.0000   -0.0782   -0.0930    0.0402
    77 C6     3py        0.0000    0.0011   -0.0002    0.0004   -0.0004    0.0003    0.0000    0.0222    0.0250   -0.0573
    78 C6     2pz       -0.0003    0.0002   -0.0000   -0.0002   -0.0001   -0.0000    0.0000    0.0512    0.0465    0.0615
    79 C6     3pz       -0.0002   -0.0012   -0.0000   -0.0001    0.0001   -0.0001    0.0002   -0.0142    0.0024   -0.0175
    80 C6     3d2-       0.0000    0.0001   -0.0000   -0.0000    0.0001   -0.0001   -0.0000    0.0037    0.0013   -0.0089
    81 C6     3d1-      -0.0000   -0.0000    0.0000    0.0001   -0.0000    0.0000   -0.0001   -0.0043   -0.0037    0.0042
    82 C6     3d0        0.0000   -0.0004   -0.0000    0.0001   -0.0000    0.0001    0.0000   -0.0095   -0.0057    0.0008
    83 C6     3d1+       0.0000   -0.0004    0.0000    0.0002   -0.0000    0.0000   -0.0001   -0.0150   -0.0100   -0.0187
    84 C6     3d2+      -0.0001   -0.0003   -0.0000   -0.0000   -0.0001    0.0000   -0.0001   -0.0062   -0.0155    0.0120
    85 H7     1s         0.0002   -0.0003    0.0005    0.0004    0.0000   -0.0000    0.0010    0.0209   -0.0084    0.0958
    86 H7     2s         0.0002   -0.0001    0.0000    0.0001    0.0005   -0.0000    0.0001   -0.0153    0.0012   -0.0248
    87 H7     2px       -0.0000    0.0001    0.0000    0.0000   -0.0001    0.0000    0.0000    0.0015    0.0064    0.0003
    88 H7     2py        0.0000   -0.0000   -0.0000   -0.0000    0.0004   -0.0000    0.0000   -0.0055    0.0004   -0.0173
    89 H7     2pz        0.0001    0.0000   -0.0000   -0.0000    0.0001   -0.0000    0.0000   -0.0023    0.0002   -0.0038
    90 H8     1s        -0.0002    0.0003   -0.0001    0.0001    0.0001   -0.0003   -0.0001    0.0095   -0.0543    0.0350
    91 H8     2s         0.0007    0.0000   -0.0001   -0.0000    0.0001   -0.0000    0.0000   -0.0080    0.0239   -0.0131
    92 H8     2px       -0.0007   -0.0000   -0.0000    0.0000   -0.0000    0.0000    0.0000    0.0030   -0.0068    0.0089
    93 H8     2py        0.0006   -0.0000   -0.0001    0.0000   -0.0000    0.0000   -0.0000   -0.0023    0.0123    0.0019
    94 H8     2pz       -0.0003    0.0001   -0.0000    0.0000   -0.0000    0.0000   -0.0000    0.0008   -0.0031    0.0032
    95 H9     1s         0.0001    0.0001    0.0003    0.0003   -0.0002   -0.0000   -0.0001    0.0087   -0.0520   -0.0358
    96 H9     2s         0.0002   -0.0000   -0.0006    0.0000   -0.0000    0.0001    0.0000   -0.0075    0.0231    0.0127
    97 H9     2px       -0.0001    0.0000    0.0007   -0.0000    0.0000   -0.0000    0.0000    0.0027   -0.0064   -0.0088
    98 H9     2py       -0.0002   -0.0000    0.0006    0.0000   -0.0000    0.0001    0.0000    0.0025   -0.0121    0.0012
    99 H9     2pz       -0.0000    0.0000    0.0003    0.0000    0.0000   -0.0000   -0.0000    0.0007   -0.0030   -0.0031
   100 H10    1s        -0.0004    0.0004   -0.0002   -0.0003   -0.0000    0.0002    0.0011    0.0180   -0.0064   -0.1048
   101 H10    2s        -0.0000    0.0001   -0.0002   -0.0001   -0.0000    0.0008    0.0000   -0.0154    0.0001    0.0327
   102 H10    2px       -0.0000    0.0000    0.0000    0.0001    0.0000   -0.0000    0.0000    0.0015    0.0063   -0.0005
   103 H10    2py       -0.0000    0.0000    0.0000    0.0000    0.0000   -0.0008    0.0000    0.0046    0.0001   -0.0181
   104 H10    2pz        0.0000   -0.0000   -0.0001    0.0000   -0.0000    0.0002    0.0000   -0.0020    0.0000    0.0042
   105 H11    1s        -0.0002   -0.0001    0.0005    0.0001   -0.0002    0.0001    0.0001    0.0181    0.0448   -0.0536
   106 H11    2s        -0.0000   -0.0002    0.0001   -0.0006   -0.0001    0.0000    0.0001   -0.0117   -0.0164    0.0161
   107 H11    2px        0.0000    0.0000    0.0000   -0.0006    0.0000   -0.0000    0.0001   -0.0029   -0.0049    0.0105
   108 H11    2py       -0.0000    0.0001    0.0001    0.0005    0.0000    0.0000    0.0000    0.0044    0.0084    0.0003
   109 H11    2pz       -0.0000    0.0000    0.0000    0.0003   -0.0000   -0.0000    0.0001    0.0034    0.0030   -0.0052
   110 H12    1s        -0.0006    0.0001    0.0001   -0.0002    0.0002   -0.0002    0.0000    0.0211    0.0471    0.0516
   111 H12    2s        -0.0001   -0.0007    0.0000   -0.0001    0.0000   -0.0001    0.0001   -0.0126   -0.0172   -0.0172
   112 H12    2px       -0.0000   -0.0006   -0.0000    0.0001   -0.0000    0.0000    0.0001   -0.0035   -0.0052   -0.0106
   113 H12    2py        0.0001   -0.0005   -0.0000   -0.0001   -0.0000   -0.0000   -0.0000   -0.0043   -0.0085    0.0010
   114 H12    2pz       -0.0000    0.0003    0.0000    0.0000   -0.0000    0.0000    0.0001    0.0036    0.0031    0.0055
   115 B13    1s        -0.0001    0.0003    0.0001    0.0003   -0.0003   -0.0004    0.9985   -0.0327   -0.0082    0.0003
   116 B13    2s        -0.0006    0.0015    0.0005    0.0013   -0.0015   -0.0014   -0.0092    0.1329    0.1003    0.0116
   117 B13    3s        -0.0004    0.0003    0.0004    0.0003   -0.0003   -0.0003   -0.0030   -0.0247   -0.0000    0.0000
   118 B13    2px        0.0005    0.0003   -0.0004    0.0004    0.0003    0.0002    0.0027   -0.0076    0.0350   -0.0067
   119 B13    3px        0.0003    0.0002   -0.0002    0.0002    0.0001    0.0001    0.0002    0.0131   -0.0028    0.0011
   120 B13    2py       -0.0002    0.0004   -0.0002   -0.0004   -0.0005    0.0004   -0.0001    0.0046    0.0000    0.1536
   121 B13    3py       -0.0001    0.0001   -0.0001   -0.0001   -0.0001    0.0001   -0.0000   -0.0012   -0.0001   -0.0297
   122 B13    2pz        0.0002   -0.0004   -0.0002   -0.0003    0.0002    0.0001    0.0036   -0.0928   -0.0693   -0.0004
   123 B13    3pz        0.0002   -0.0001   -0.0001   -0.0001    0.0001    0.0000    0.0009    0.0361    0.0129   -0.0007
   124 B13    3d2-       0.0001    0.0000    0.0001   -0.0000    0.0000    0.0001   -0.0000   -0.0008   -0.0000   -0.0184
   125 B13    3d1-       0.0001   -0.0000    0.0001    0.0000   -0.0001    0.0001    0.0000   -0.0009   -0.0002   -0.0410
   126 B13    3d0        0.0001   -0.0002   -0.0001   -0.0002    0.0001    0.0001   -0.0001    0.0162    0.0146   -0.0014
   127 B13    3d1+      -0.0001   -0.0001    0.0001   -0.0001    0.0001    0.0001   -0.0007    0.0009   -0.0107    0.0009
   128 B13    3d2+      -0.0001   -0.0000    0.0001   -0.0000   -0.0000   -0.0001    0.0000   -0.0067   -0.0104    0.0000


      Orbital                11        12        13        14        15        16        17        18        19        20
      Energy            -2.2640   -2.1953   -2.0835   -2.0546   -2.0063   -2.0008   -1.9143   -1.8874   -1.8911   -1.9803
      Occ. No.           2.0000    2.0000    2.0000    2.0000    2.0000    2.0000    2.0000    2.0000    1.6496    1.8948

     1 C1     1s         0.0172   -0.0016   -0.0054    0.0025    0.0022    0.0006    0.0023   -0.0059    0.0070   -0.0034
     2 C1     2s        -0.3200   -0.0757    0.0968    0.0399   -0.0607   -0.2401    0.0374   -0.1042   -0.2527   -0.0059
     3 C1     3s        -0.0005   -0.0057   -0.0086    0.0075    0.0022   -0.0103    0.0038   -0.0132    0.0164   -0.0053
     4 C1     2px       -0.0072    0.2483   -0.0542   -0.2911    0.0776   -0.0543   -0.0125    0.2635   -0.0299   -0.0687
     5 C1     3px        0.0038   -0.0613    0.0119    0.0490   -0.0078    0.0098   -0.0105   -0.0420   -0.0038    0.0030
     6 C1     2py        0.0850    0.0121    0.0748   -0.0283    0.0137    0.0830   -0.0743    0.0202   -0.4808   -0.0429
     7 C1     3py        0.0263    0.0113   -0.0255   -0.0065   -0.0037    0.0277    0.0082    0.0209    0.1269    0.0107
     8 C1     2pz        0.0519    0.0173   -0.0181   -0.0076   -0.0058   -0.0201    0.0041    0.0537   -0.2439    0.3041
     9 C1     3pz        0.0189   -0.0059    0.0008    0.0033    0.0035    0.0225   -0.0039   -0.0132    0.0315   -0.0464
    10 C1     3d2-       0.0030   -0.0190    0.0071    0.0299    0.0122    0.0006   -0.0021   -0.0304   -0.0069    0.0011
    11 C1     3d1-      -0.0024   -0.0027   -0.0059    0.0045   -0.0027   -0.0024    0.0055   -0.0052    0.0010   -0.0368
    12 C1     3d0        0.0062    0.0017    0.0015   -0.0033   -0.0004    0.0050   -0.0024    0.0006   -0.0021   -0.0110
    13 C1     3d1+      -0.0003   -0.0175    0.0021    0.0129   -0.0085    0.0001    0.0007   -0.0041   -0.0034    0.0172
    14 C1     3d2+      -0.0033   -0.0011    0.0182   -0.0045    0.0004    0.0063   -0.0069    0.0035    0.0108   -0.0065
    15 C2     1s        -0.0142    0.0101   -0.0024    0.0049    0.0004    0.0003    0.0001    0.0004    0.0028    0.0005
    16 C2     2s         0.1901   -0.3929    0.1235   -0.0814   -0.0097    0.2382    0.0132    0.1259    0.0957   -0.0113
    17 C2     3s        -0.0116   -0.0020   -0.0105    0.0147    0.0085    0.0003    0.0041   -0.0082    0.0088   -0.0025
    18 C2     2px       -0.1070   -0.1048   -0.0620    0.2742    0.0929   -0.1146    0.0715   -0.3044    0.0964   -0.0626
    19 C2     3px        0.0477   -0.0307    0.0251   -0.0661   -0.0259    0.0627   -0.0217    0.0624   -0.0090    0.0055
    20 C2     2py       -0.1718   -0.1214    0.2145    0.1114   -0.3040    0.1381   -0.1817    0.0886    0.0862    0.0288
    21 C2     3py        0.0368    0.0674   -0.0568   -0.0168    0.0751   -0.0483    0.0272   -0.0176   -0.0404   -0.0027
    22 C2     2pz       -0.0368   -0.0392   -0.0219    0.1377    0.0554   -0.0608    0.0522   -0.1397   -0.0049    0.0709
    23 C2     3pz        0.0169   -0.0135    0.0124   -0.0305   -0.0129    0.0243   -0.0119    0.0273    0.0003   -0.0100
    24 C2     3d2-      -0.0020   -0.0086    0.0142   -0.0040   -0.0194   -0.0060    0.0007   -0.0283   -0.0066   -0.0007
    25 C2     3d1-      -0.0018   -0.0036    0.0028   -0.0026   -0.0093   -0.0038   -0.0031   -0.0137   -0.0048   -0.0072
    26 C2     3d0       -0.0088    0.0067    0.0050    0.0002   -0.0084    0.0003   -0.0030    0.0042   -0.0044    0.0124
    27 C2     3d1+      -0.0057   -0.0158    0.0062    0.0162   -0.0043   -0.0004   -0.0001   -0.0081    0.0060    0.0166
    28 C2     3d2+      -0.0300   -0.0170    0.0124    0.0256   -0.0229    0.0030   -0.0076   -0.0116    0.0302   -0.0055
    29 C3     1s        -0.0135   -0.0113   -0.0028    0.0048    0.0002    0.0002   -0.0024    0.0002   -0.0003    0.0009
    30 C3     2s         0.1812    0.4040    0.0390   -0.0138   -0.1896   -0.2059   -0.0747   -0.1191   -0.0485    0.0167
    31 C3     3s        -0.0102    0.0011   -0.0134    0.0148    0.0074   -0.0016   -0.0040    0.0097   -0.0023   -0.0013
    32 C3     2px       -0.1030    0.0926   -0.0810    0.2749    0.1349    0.0668   -0.0764    0.3255   -0.0432   -0.0396
    33 C3     3px        0.0463    0.0331    0.0187   -0.0586   -0.0612   -0.0431    0.0124   -0.0655    0.0056    0.0001
    34 C3     2py        0.1766   -0.0868   -0.2038   -0.1247    0.3561    0.0183    0.1240    0.0666   -0.1167   -0.0203
    35 C3     3py       -0.0375    0.0590    0.0425    0.0257   -0.0999   -0.0153   -0.0482   -0.0138    0.0122    0.0091
    36 C3     2pz       -0.0383    0.0376   -0.0159    0.1347    0.0850    0.0448    0.0396    0.1528   -0.0147    0.0641
    37 C3     3pz        0.0165    0.0140    0.0085   -0.0272   -0.0270   -0.0181   -0.0040   -0.0290    0.0018   -0.0106
    38 C3     3d2-       0.0023   -0.0069   -0.0164    0.0069    0.0134   -0.0132   -0.0027   -0.0258    0.0037    0.0014
    39 C3     3d1-       0.0024   -0.0025   -0.0050    0.0043    0.0057   -0.0072   -0.0012   -0.0122    0.0000    0.0088
    40 C3     3d0       -0.0090   -0.0071    0.0078   -0.0000   -0.0073    0.0035    0.0042   -0.0038    0.0041    0.0098
    41 C3     3d1+      -0.0061    0.0153    0.0056    0.0172   -0.0047    0.0025   -0.0023    0.0099    0.0036    0.0156
    42 C3     3d2+      -0.0290    0.0130    0.0063    0.0286   -0.0256    0.0040   -0.0338    0.0140    0.0050    0.0002
    43 C4     1s         0.0196    0.0018   -0.0063    0.0027    0.0015   -0.0004    0.0011    0.0057   -0.0007   -0.0037
    44 C4     2s        -0.3585    0.0654    0.2087    0.0011    0.0957    0.2281    0.1482    0.0961   -0.0460   -0.0421
    45 C4     3s         0.0004    0.0058   -0.0088    0.0081    0.0079    0.0090   -0.0082    0.0142   -0.0004   -0.0037
    46 C4     2px       -0.0071   -0.2199   -0.0369   -0.2895    0.1093   -0.0175   -0.0209   -0.2712   -0.0062   -0.0542
    47 C4     3px        0.0018    0.0580    0.0135    0.0488   -0.0171   -0.0018    0.0111    0.0445    0.0078   -0.0053
    48 C4     2py       -0.0447    0.0139   -0.1977    0.0852    0.0175    0.0419   -0.4603    0.0443   -0.0042    0.1473
    49 C4     3py       -0.0374    0.0105    0.0602   -0.0069    0.0216    0.0246    0.0859    0.0172   -0.0024   -0.0297
    50 C4     2pz        0.0334   -0.0015    0.0698   -0.0286    0.0240    0.0671    0.2918   -0.0573    0.0571    0.2033
    51 C4     3pz        0.0210    0.0042   -0.0126    0.0074   -0.0124   -0.0217   -0.0221    0.0130   -0.0077   -0.0332
    52 C4     3d2-      -0.0021   -0.0208   -0.0082   -0.0323   -0.0057    0.0058   -0.0104   -0.0355   -0.0011    0.0021
    53 C4     3d1-       0.0033   -0.0011    0.0078   -0.0046    0.0004   -0.0040    0.0111   -0.0049    0.0114    0.0359
    54 C4     3d0        0.0072   -0.0025    0.0018   -0.0042   -0.0036   -0.0057    0.0020   -0.0016   -0.0011   -0.0125
    55 C4     3d1+      -0.0006    0.0167    0.0043    0.0132   -0.0078    0.0065    0.0071    0.0049    0.0038    0.0146
    56 C4     3d2+      -0.0021    0.0012    0.0141   -0.0025   -0.0064   -0.0133   -0.0100   -0.0018    0.0003   -0.0053
    57 C5     1s        -0.0168    0.0085   -0.0040   -0.0024   -0.0006   -0.0008   -0.0013   -0.0000   -0.0018    0.0013
    58 C5     2s         0.2351   -0.3110    0.0720    0.0603   -0.0322   -0.3799   -0.0705    0.0870   -0.0881   -0.1036
    59 C5     3s        -0.0099   -0.0040   -0.0161   -0.0027   -0.0060   -0.0036   -0.0050   -0.0043   -0.0083   -0.0043
    60 C5     2px        0.1065    0.0529    0.1958    0.1276    0.0430   -0.1859    0.1334    0.1654    0.1266    0.2287
    61 C5     3px       -0.0549    0.0327   -0.0401   -0.0265   -0.0048    0.0844   -0.0231   -0.0326   -0.0057   -0.0143
    62 C5     2py        0.1997    0.0520   -0.1603    0.1764   -0.1897    0.2537    0.1805   -0.0748   -0.1495    0.0225
    63 C5     3py       -0.0338   -0.0502    0.0386   -0.0327    0.0420   -0.0784   -0.0532    0.0033    0.0142   -0.0094
    64 C5     2pz       -0.0322   -0.0649   -0.0570   -0.1204    0.0037    0.0595   -0.0505   -0.1229   -0.0160    0.1044
    65 C5     3pz        0.0250   -0.0063    0.0211    0.0274   -0.0007   -0.0447    0.0084    0.0288   -0.0025   -0.0238
    66 C5     3d2-      -0.0015   -0.0012    0.0191   -0.0036    0.0157    0.0062   -0.0027   -0.0105   -0.0016    0.0106
    67 C5     3d1-       0.0071    0.0034   -0.0108    0.0013   -0.0118    0.0001    0.0014    0.0070    0.0009    0.0215
    68 C5     3d0       -0.0121   -0.0035    0.0029   -0.0175    0.0086    0.0020   -0.0032   -0.0120    0.0068    0.0275
    69 C5     3d1+       0.0092    0.0150    0.0084    0.0164   -0.0036   -0.0034    0.0184    0.0137    0.0028   -0.0005
    70 C5     3d2+      -0.0296   -0.0054   -0.0008   -0.0177    0.0148   -0.0136   -0.0399    0.0015    0.0054   -0.0084
    71 C6     1s        -0.0170   -0.0074   -0.0038   -0.0028   -0.0001    0.0023    0.0017   -0.0001    0.0018    0.0012
    72 C6     2s         0.2396    0.3011    0.2020    0.0607    0.1690    0.2846   -0.0067   -0.0765    0.0856   -0.1637
    73 C6     3s        -0.0118    0.0040   -0.0116   -0.0046   -0.0020    0.0099    0.0078    0.0033    0.0077   -0.0083
    74 C6     2px        0.1149   -0.0468    0.1897    0.1414    0.1439    0.0750   -0.1336   -0.1399   -0.0670    0.2857
    75 C6     3px       -0.0559   -0.0330   -0.0556   -0.0294   -0.0521   -0.0546    0.0235    0.0289    0.0065   -0.0187
    76 C6     2py       -0.1985    0.0732    0.1871   -0.1732    0.2689   -0.0367   -0.2710   -0.0565    0.1194   -0.0118
    77 C6     3py        0.0336   -0.0542   -0.0560    0.0327   -0.0684   -0.0085    0.0433   -0.0019   -0.0378    0.0190
    78 C6     2pz       -0.0390    0.0751   -0.0542   -0.1322   -0.0392   -0.0451    0.0511    0.1183    0.0526    0.0715
    79 C6     3pz        0.0259    0.0046    0.0308    0.0288    0.0259    0.0301   -0.0145   -0.0263   -0.0056   -0.0211
    80 C6     3d2-       0.0020   -0.0024   -0.0152    0.0039   -0.0065    0.0202   -0.0030   -0.0126    0.0017   -0.0087
    81 C6     3d1-      -0.0071    0.0043    0.0083   -0.0015    0.0088   -0.0102   -0.0057    0.0081   -0.0069   -0.0210
    82 C6     3d0       -0.0122    0.0063    0.0011   -0.0180    0.0043   -0.0085   -0.0021    0.0120    0.0039    0.0278
    83 C6     3d1+       0.0101   -0.0164    0.0054    0.0185    0.0010    0.0060   -0.0031   -0.0134   -0.0147    0.0057
    84 C6     3d2+      -0.0310    0.0063    0.0052   -0.0196    0.0148   -0.0090   -0.0129    0.0003    0.0306   -0.0160
    85 H7     1s        -0.0824   -0.0107    0.0479    0.0031   -0.0049   -0.0573   -0.0194   -0.0120   -0.3553    0.0166
    86 H7     2s         0.0207    0.0024   -0.0257    0.0055    0.0037    0.0201    0.0092    0.0056    0.2210   -0.0089
    87 H7     2px        0.0007    0.0062   -0.0025   -0.0063    0.0006   -0.0004    0.0017    0.0063    0.0033   -0.0008
    88 H7     2py        0.0142    0.0008   -0.0124    0.0022    0.0016    0.0083    0.0055   -0.0004    0.0681   -0.0063
    89 H7     2pz        0.0028    0.0010   -0.0038    0.0003    0.0002    0.0010    0.0022    0.0019    0.0181    0.0060
    90 H8     1s         0.0657   -0.1404    0.1129   -0.1137   -0.1266    0.1740   -0.0814    0.1804    0.0246    0.0101
    91 H8     2s        -0.0259    0.0539   -0.0661    0.0592    0.0723   -0.0907    0.0490   -0.1196   -0.0161   -0.0109
    92 H8     2px        0.0061   -0.0204    0.0196   -0.0153   -0.0230    0.0241   -0.0131    0.0243    0.0049    0.0007
    93 H8     2py       -0.0131    0.0110   -0.0110    0.0185    0.0107   -0.0193    0.0085   -0.0238    0.0029   -0.0006
    94 H8     2pz        0.0034   -0.0097    0.0094   -0.0066   -0.0104    0.0114   -0.0053    0.0110    0.0012    0.0040
    95 H9     1s         0.0598    0.1389    0.0871   -0.0875   -0.2252   -0.1071   -0.0352   -0.1818    0.0358    0.0084
    96 H9     2s        -0.0235   -0.0528   -0.0533    0.0454    0.1220    0.0568    0.0252    0.1197   -0.0249   -0.0106
    97 H9     2px        0.0051    0.0196    0.0158   -0.0115   -0.0360   -0.0133   -0.0081   -0.0243    0.0059    0.0009
    98 H9     2py        0.0124    0.0117    0.0095   -0.0162   -0.0218   -0.0132    0.0018   -0.0250    0.0034   -0.0006
    99 H9     2pz        0.0030    0.0094    0.0079   -0.0049   -0.0165   -0.0060   -0.0016   -0.0109    0.0028    0.0036
   100 H10    1s        -0.1163    0.0095    0.1469   -0.0354    0.0414    0.0695    0.2627   -0.0000   -0.0007   -0.0478
   101 H10    2s         0.0407   -0.0023   -0.0854    0.0294   -0.0178   -0.0349   -0.1779    0.0035    0.0055    0.0344
   102 H10    2px        0.0011   -0.0058   -0.0035   -0.0056    0.0009    0.0000   -0.0036   -0.0064   -0.0011    0.0007
   103 H10    2py       -0.0200    0.0006    0.0307   -0.0095    0.0056    0.0104    0.0525   -0.0028    0.0008   -0.0068
   104 H10    2pz        0.0042   -0.0007   -0.0083    0.0023   -0.0008   -0.0015   -0.0132   -0.0010    0.0010    0.0084
   105 H11    1s         0.0845   -0.1134    0.1320    0.0306    0.0547   -0.2708   -0.0140    0.1087    0.0533    0.0159
   106 H11    2s        -0.0313    0.0408   -0.0781   -0.0179   -0.0302    0.1498    0.0115   -0.0775   -0.0428   -0.0197
   107 H11    2px       -0.0092    0.0162   -0.0243   -0.0034   -0.0121    0.0418    0.0052   -0.0166   -0.0101   -0.0027
   108 H11    2py        0.0149   -0.0085    0.0159    0.0076    0.0035   -0.0283    0.0066    0.0148    0.0062    0.0043
   109 H11    2pz        0.0026   -0.0066    0.0072   -0.0015    0.0042   -0.0133   -0.0020    0.0038    0.0044    0.0068
   110 H12    1s         0.0894    0.1159    0.1796    0.0382    0.1846    0.1237   -0.1237   -0.0922    0.0281    0.0197
   111 H12    2s        -0.0341   -0.0425   -0.1023   -0.0220   -0.1026   -0.0636    0.0819    0.0666   -0.0195   -0.0269
   112 H12    2px       -0.0102   -0.0168   -0.0313   -0.0048   -0.0311   -0.0150    0.0218    0.0136   -0.0056   -0.0036
   113 H12    2py       -0.0155   -0.0085   -0.0196   -0.0088   -0.0182   -0.0152    0.0124    0.0128    0.0028   -0.0066
   114 H12    2pz        0.0029    0.0072    0.0097   -0.0011    0.0103    0.0046   -0.0070   -0.0031    0.0031    0.0069
   115 B13    1s         0.0125   -0.0007   -0.0013    0.0104   -0.0036    0.0009   -0.0035   -0.0002    0.0033   -0.0117
   116 B13    2s        -0.0929    0.0093   -0.1308   -0.1567   -0.0320    0.0253   -0.0055   -0.0069    0.1402    0.5614
   117 B13    3s         0.0064   -0.0005   -0.0258    0.0157   -0.0014    0.0022   -0.0066    0.0010    0.0072   -0.0403
   118 B13    2px        0.0761   -0.0027    0.0264   -0.0306   -0.0160    0.0075    0.0337   -0.0059   -0.0583   -0.0956
   119 B13    3px       -0.0202    0.0003    0.0026    0.0055   -0.0004   -0.0007   -0.0037    0.0012    0.0064    0.0214
   120 B13    2py       -0.0045    0.1172   -0.0078   -0.0018   -0.0504   -0.1359    0.0569    0.1995    0.0113   -0.0073
   121 B13    3py        0.0004   -0.0185    0.0028    0.0003    0.0095    0.0273   -0.0053   -0.0409    0.0025    0.0004
   122 B13    2pz        0.0280   -0.0013    0.1152    0.0801    0.0444   -0.0257    0.0278    0.0052   -0.0690   -0.1372
   123 B13    3pz       -0.0065   -0.0001   -0.0073   -0.0205   -0.0046    0.0024   -0.0003   -0.0016    0.0005    0.0164
   124 B13    3d2-       0.0002    0.0003    0.0014    0.0002    0.0067    0.0208   -0.0067   -0.0052   -0.0017   -0.0004
   125 B13    3d1-       0.0013   -0.0323   -0.0019    0.0015    0.0100    0.0257   -0.0258   -0.0431   -0.0160    0.0057
   126 B13    3d0        0.0080   -0.0007   -0.0294   -0.0094   -0.0189    0.0096   -0.0066   -0.0016    0.0085   -0.0142
   127 B13    3d1+      -0.0208    0.0003   -0.0129    0.0065    0.0034   -0.0018   -0.0158    0.0012    0.0172    0.0016
   128 B13    3d2+       0.0133   -0.0010   -0.0017    0.0278   -0.0031    0.0006   -0.0065    0.0010    0.0103    0.0007


      Orbital                21        22        23        24        25        26        27        28        29        30
      Energy            -0.5270   -1.6793   -1.5582   -0.9319   -1.4123   -1.3001   -1.1628   -1.1506   -1.0617   -0.9786
      Occ. No.           0.0089    1.0107    0.4208    0.0152    0.0000    0.0000    0.0000    0.0000    0.0000    0.0000

     1 C1     1s         0.0614    0.0043   -0.0017   -0.0353    0.0011   -0.0089    0.0121    0.0037    0.0041   -0.0784
     2 C1     2s         0.4221    0.0236    0.0260   -0.2925    0.0196   -0.1451    0.1339    0.0246    0.0240   -0.6688
     3 C1     3s        -0.1648    0.0044    0.0008    0.0158    0.0002    0.0072    0.0235    0.0044    0.0024   -0.0513
     4 C1     2px        0.0263    0.0796    0.1031    0.0099   -0.0172   -0.0170   -0.0124   -0.0188   -0.1313    0.3471
     5 C1     3px       -0.0075    0.0093   -0.0089   -0.0437    0.0045    0.0195   -0.0283   -0.0370   -0.0234    0.1267
     6 C1     2py        0.9019    0.2396    0.0017    0.0871   -0.0203   -0.0688   -0.0820   -0.0134    0.1113    0.1537
     7 C1     3py       -0.2748   -0.0397   -0.0099   -0.0608   -0.0106    0.0217   -0.0175   -0.0046    0.0061    0.0516
     8 C1     2pz        0.0976   -0.4104    0.0169   -0.7802    0.1602    0.0788    0.0408   -0.1021   -0.1781   -0.0030
     9 C1     3pz       -0.0343    0.0599   -0.0031    0.2442    0.0018    0.0412   -0.0051    0.0075   -0.0721    0.0203
    10 C1     3d2-      -0.0041   -0.0020   -0.0064    0.0288   -0.0006    0.0054   -0.0004    0.0025   -0.0217    0.0154
    11 C1     3d1-      -0.0526    0.0257   -0.0006   -0.1106    0.0118    0.0268   -0.0133   -0.0076   -0.0399    0.0122
    12 C1     3d0        0.0807   -0.0010    0.0133   -0.0477    0.0199    0.0052    0.0433   -0.0281   -0.0070   -0.0106
    13 C1     3d1+      -0.0104   -0.0129   -0.0141    0.0093    0.0265   -0.0082   -0.0185   -0.0507    0.0195    0.0267
    14 C1     3d2+       0.0634    0.0037   -0.0192   -0.0729   -0.0077    0.0093   -0.0362    0.0063   -0.0244    0.0405
    15 C2     1s         0.0086   -0.0005   -0.0017   -0.0028   -0.0007    0.0077   -0.0080   -0.0023   -0.0148    0.0308
    16 C2     2s         0.0494   -0.0213   -0.0938   -0.0324   -0.0127    0.0825   -0.1254   -0.0092   -0.1239    0.2867
    17 C2     3s         0.0205   -0.0012   -0.0026   -0.0037    0.0041    0.0148   -0.0015   -0.0083   -0.0229    0.0540
    18 C2     2px        0.0934    0.0697   -0.1324   -0.0237    0.2228   -0.0048   -0.1781   -0.3463   -0.2153    0.3009
    19 C2     3px        0.0383    0.0004    0.0197   -0.0095    0.0030    0.0047   -0.0045   -0.0629   -0.0357    0.0578
    20 C2     2py        0.0058    0.0243   -0.0139   -0.0351   -0.0189    0.0155   -0.1007   -0.0371   -0.0146    0.2898
    21 C2     3py        0.0293    0.0139    0.0064   -0.0057    0.0032   -0.0072   -0.0144   -0.0160    0.0091    0.0515
    22 C2     2pz        0.0455   -0.0561   -0.0477   -0.0239   -0.5125    0.2019   -0.0735    0.6765    0.2610    0.3993
    23 C2     3pz        0.0161    0.0065    0.0090   -0.0130   -0.0009    0.0036   -0.0060    0.1157    0.0420    0.0817
    24 C2     3d2-       0.0033    0.0068    0.0040    0.0105   -0.0218   -0.0039   -0.0076   -0.0079    0.0169   -0.0518
    25 C2     3d1-       0.0006   -0.0032   -0.0006   -0.0089    0.0475   -0.0090   -0.0074    0.0184    0.0042   -0.0031
    26 C2     3d0       -0.0088   -0.0125    0.0049   -0.0041   -0.0102    0.0058    0.0023    0.0095   -0.0108    0.0112
    27 C2     3d1+       0.0048   -0.0160   -0.0052   -0.0121   -0.0183   -0.0030   -0.0003    0.0183    0.0014   -0.0216
    28 C2     3d2+      -0.0082    0.0001   -0.0035    0.0018    0.0079    0.0057    0.0033   -0.0080   -0.0102   -0.0170
    29 C3     1s        -0.0020    0.0018   -0.0015    0.0018   -0.0003    0.0030    0.0017   -0.0052   -0.0032    0.0437
    30 C3     2s         0.0172    0.0834   -0.0620   -0.0111   -0.0126    0.0584    0.0666   -0.0551   -0.0444    0.2921
    31 C3     3s         0.0002    0.0008   -0.0020    0.0029    0.0034    0.0080   -0.0099   -0.0045   -0.0089    0.0733
    32 C3     2px       -0.0151    0.0422   -0.1549   -0.0098    0.2333    0.0543    0.1119    0.2895   -0.0055    0.3078
    33 C3     3px       -0.0234   -0.0162    0.0141    0.0197   -0.0023    0.0057   -0.0031    0.0514    0.0051    0.0703
    34 C3     2py        0.0362    0.0082    0.0218    0.0085    0.0211   -0.0501   -0.0723   -0.0036    0.0728    0.0077
    35 C3     3py       -0.0026    0.0147    0.0008   -0.0116    0.0016    0.0047   -0.0146   -0.0156   -0.0045    0.0374
    36 C3     2pz       -0.0052    0.0752   -0.0041    0.0002   -0.5126    0.1458    0.0755   -0.6840   -0.2163   -0.2405
    37 C3     3pz       -0.0099   -0.0117    0.0008    0.0067    0.0012    0.0009    0.0138   -0.1056   -0.0546   -0.0523
    38 C3     3d2-       0.0072    0.0069    0.0017   -0.0037    0.0197   -0.0073   -0.0156   -0.0150   -0.0110    0.0725
    39 C3     3d1-       0.0030   -0.0014   -0.0009    0.0077   -0.0465    0.0111   -0.0005    0.0244    0.0087    0.0225
    40 C3     3d0       -0.0059    0.0057    0.0121    0.0011   -0.0126    0.0015   -0.0048   -0.0146   -0.0094    0.0141
    41 C3     3d1+       0.0015    0.0145    0.0069   -0.0026   -0.0197   -0.0110   -0.0003   -0.0181    0.0063    0.0117
    42 C3     3d2+      -0.0057    0.0016   -0.0042   -0.0028    0.0075   -0.0022   -0.0041    0.0076    0.0093    0.0138
    43 C4     1s         0.0052   -0.0044   -0.0052    0.0011   -0.0008   -0.0115   -0.0076    0.0003    0.0181    0.0103
    44 C4     2s         0.0330   -0.0463   -0.0034   -0.0237   -0.0047   -0.1717   -0.0896    0.0055    0.1519    0.1194
    45 C4     3s         0.0212   -0.0077   -0.0019   -0.0021    0.0004   -0.0099   -0.0164    0.0077    0.0167   -0.0053
    46 C4     2px        0.0129   -0.1299    0.0226    0.0561   -0.0221   -0.0352    0.0316    0.0424   -0.0888    0.3493
    47 C4     3px        0.0040   -0.0064   -0.0106    0.0070    0.0039    0.0115    0.0197    0.0322   -0.0032    0.0538
    48 C4     2py        0.0077    0.1602    0.1794   -0.1151   -0.0138   -0.0729   -0.1162   -0.0619    0.0786    0.2315
    49 C4     3py        0.0080   -0.0260   -0.0182   -0.0038    0.0013   -0.0017   -0.0182   -0.0078    0.0082    0.0428
    50 C4     2pz       -0.0340    0.2427    0.3008   -0.1482    0.0654   -0.0715   -0.2434   -0.2043    0.1069    0.6149
    51 C4     3pz       -0.0020   -0.0348   -0.0478    0.0397   -0.0029    0.0123   -0.0312   -0.0500   -0.0113    0.1658
    52 C4     3d2-      -0.0005   -0.0068    0.0037   -0.0012   -0.0010   -0.0031   -0.0002   -0.0008    0.0104   -0.0305
    53 C4     3d1-      -0.0011    0.0284    0.0348   -0.0075   -0.0060   -0.0033   -0.0027    0.0022    0.0025   -0.0359
    54 C4     3d0       -0.0011   -0.0127    0.0079    0.0085    0.0163    0.0196   -0.0364    0.0287   -0.0203   -0.0227
    55 C4     3d1+      -0.0042    0.0203    0.0008   -0.0165    0.0332    0.0092    0.0128    0.0419    0.0207   -0.0087
    56 C4     3d2+      -0.0055    0.0060   -0.0229   -0.0095   -0.0122    0.0321    0.0237   -0.0245   -0.0446    0.0114
    57 C5     1s         0.0001   -0.0087    0.0036    0.0134   -0.0039    0.0016   -0.0020   -0.0090   -0.0267    0.0148
    58 C5     2s         0.0349   -0.1068    0.0628    0.0860   -0.1054    0.0205   -0.0414   -0.1328   -0.2852    0.1284
    59 C5     3s         0.0055   -0.0215   -0.0012    0.0171    0.0099    0.0206   -0.0049   -0.0067   -0.0104    0.0024
    60 C5     2px       -0.0068    0.2989   -0.0339   -0.0779    0.1075   -0.1728    0.3791    0.2192    0.0600    0.0015
    61 C5     3px        0.0183   -0.0111    0.0010   -0.0217   -0.0193   -0.0257    0.0863    0.0266   -0.0004   -0.0157
    62 C5     2py        0.0573   -0.0124    0.0058    0.0702    0.0568   -0.0476    0.0576    0.1460   -0.0343   -0.0094
    63 C5     3py        0.0105   -0.0249   -0.0102    0.0106    0.0121    0.0209    0.0110    0.0271    0.0146   -0.0114
    64 C5     2pz       -0.0084    0.1245   -0.3531   -0.0125   -0.0456   -0.1117    0.7597   -0.0234   -0.3381    0.2260
    65 C5     3pz       -0.0096   -0.0217    0.0401   -0.0017    0.0112    0.0110    0.1160   -0.0057   -0.0627    0.0464
    66 C5     3d2-      -0.0041   -0.0096   -0.0333    0.0294   -0.0010   -0.0081    0.0000    0.0030   -0.0190   -0.0147
    67 C5     3d1-       0.0053    0.0231   -0.0381    0.0084   -0.0036   -0.0163   -0.0154    0.0102    0.0059   -0.0402
    68 C5     3d0       -0.0062    0.0265   -0.0203   -0.0086    0.0042    0.0120    0.0159   -0.0119    0.0397   -0.0106
    69 C5     3d1+      -0.0025    0.0033    0.0048   -0.0026    0.0103    0.0256   -0.0037    0.0071   -0.0128   -0.0172
    70 C5     3d2+      -0.0046   -0.0070    0.0002   -0.0012    0.0028    0.0009   -0.0125   -0.0014    0.0163   -0.0017
    71 C6     1s         0.0021    0.0036    0.0109   -0.0187   -0.0019    0.0087   -0.0002    0.0074   -0.0360   -0.0048
    72 C6     2s         0.0100    0.0169    0.1258   -0.2650   -0.0666    0.1068    0.0349    0.1301   -0.3327    0.0457
    73 C6     3s         0.0144    0.0131    0.0180   -0.0185    0.0097    0.0232   -0.0073   -0.0092   -0.0142   -0.0039
    74 C6     2px       -0.0522   -0.1699   -0.2122    0.3168    0.0443   -0.2812   -0.2934   -0.0763   -0.0367   -0.1137
    75 C6     3px       -0.0178    0.0108    0.0063    0.0057   -0.0290   -0.0355   -0.0618    0.0133   -0.0186   -0.0186
    76 C6     2py        0.0052    0.0091   -0.0273   -0.0934   -0.0328    0.0587    0.0102    0.0676    0.0634   -0.0220
    77 C6     3py        0.0325   -0.0239   -0.0129    0.0436   -0.0058   -0.0181    0.0157    0.0334   -0.0149   -0.0094
    78 C6     2pz        0.0496    0.1503   -0.2897   -0.0661   -0.0701   -0.1815   -0.6786    0.2085   -0.5532   -0.1146
    79 C6     3pz        0.0314   -0.0134    0.0430   -0.0231    0.0081   -0.0022   -0.1001    0.0335   -0.0976   -0.0339
    80 C6     3d2-      -0.0055   -0.0328    0.0151   -0.0267    0.0007    0.0124   -0.0161   -0.0196    0.0035    0.0009
    81 C6     3d1-       0.0031   -0.0111    0.0420   -0.0079    0.0038    0.0131   -0.0252   -0.0000   -0.0140    0.0235
    82 C6     3d0       -0.0036   -0.0054   -0.0287    0.0069    0.0031    0.0074   -0.0319   -0.0105    0.0410    0.0132
    83 C6     3d1+      -0.0017   -0.0036   -0.0006    0.0133    0.0107    0.0214   -0.0012   -0.0133   -0.0059    0.0302
    84 C6     3d2+      -0.0089    0.0048    0.0069   -0.0125    0.0048    0.0110    0.0110   -0.0023    0.0053   -0.0224
    85 H7     1s        -0.8586    0.0658    0.0232    0.2611    0.0036    0.0460    0.0080    0.0152   -0.0210    0.0276
    86 H7     2s         0.6924   -0.0522   -0.0175   -0.1430   -0.0016   -0.0237    0.0000    0.0015    0.0023    0.0010
    87 H7     2px       -0.0005   -0.0003    0.0015    0.0016   -0.0009    0.0001    0.0005    0.0014   -0.0102    0.0149
    88 H7     2py        0.2205   -0.0097   -0.0046   -0.0480   -0.0052    0.0127   -0.0006    0.0048   -0.0026    0.0167
    89 H7     2pz        0.0387   -0.0142   -0.0010   -0.0445    0.0060    0.0103    0.0013   -0.0089   -0.0152    0.0096
    90 H8     1s        -0.0314   -0.0164    0.0348    0.0123   -0.0017    0.0056    0.0438   -0.0010   -0.0387    0.0621
    91 H8     2s         0.0155    0.0102   -0.0136    0.0082    0.0018    0.0016   -0.0213   -0.0030    0.0098    0.0020
    92 H8     2px       -0.0115   -0.0022    0.0040    0.0016    0.0044   -0.0023   -0.0026   -0.0061   -0.0043    0.0062
    93 H8     2py       -0.0005   -0.0003   -0.0052    0.0000   -0.0008    0.0024   -0.0045    0.0007   -0.0013    0.0195
    94 H8     2pz       -0.0045   -0.0026    0.0021    0.0023   -0.0096    0.0040   -0.0004    0.0125    0.0091    0.0130
    95 H9     1s        -0.0189   -0.0129    0.0346    0.0111   -0.0070   -0.0102   -0.0524   -0.0144   -0.0163    0.2322
    96 H9     2s         0.0021    0.0024   -0.0194    0.0022    0.0053    0.0122    0.0194    0.0023   -0.0015   -0.0404
    97 H9     2px       -0.0025   -0.0010    0.0045   -0.0010    0.0045   -0.0001    0.0023    0.0052   -0.0030    0.0018
    98 H9     2py       -0.0023   -0.0040    0.0039    0.0023   -0.0000   -0.0023   -0.0030    0.0016    0.0028   -0.0093
    99 H9     2pz       -0.0012    0.0006    0.0034    0.0012   -0.0099    0.0033   -0.0002   -0.0140   -0.0048   -0.0117
   100 H10    1s        -0.0009   -0.0440   -0.0175   -0.0174    0.0203   -0.0623   -0.0003    0.0252    0.1251    0.0485
   101 H10    2s         0.0025    0.0401    0.0219   -0.0167   -0.0111    0.0226   -0.0013   -0.0132   -0.0259   -0.0043
   102 H10    2px       -0.0004   -0.0004    0.0011    0.0006   -0.0005   -0.0017   -0.0000   -0.0002   -0.0049    0.0183
   103 H10    2py       -0.0019   -0.0069   -0.0037    0.0010    0.0025   -0.0016   -0.0017   -0.0012   -0.0018    0.0071
   104 H10    2pz        0.0011    0.0075    0.0074   -0.0017    0.0014   -0.0013   -0.0076   -0.0016    0.0033    0.0174
   105 H11    1s        -0.0200    0.0464    0.0329   -0.0214    0.0294   -0.0086   -0.0218    0.0257    0.0345    0.0412
   106 H11    2s         0.0042   -0.0464   -0.0348    0.0142   -0.0078    0.0196    0.0013   -0.0156   -0.0311   -0.0075
   107 H11    2px        0.0028   -0.0062   -0.0058    0.0043   -0.0012   -0.0026    0.0040    0.0029    0.0022    0.0013
   108 H11    2py       -0.0035    0.0097    0.0048   -0.0038    0.0028   -0.0040    0.0003    0.0038    0.0010    0.0005
   109 H11    2pz       -0.0011    0.0076   -0.0037   -0.0010   -0.0010   -0.0039    0.0166    0.0012   -0.0108    0.0091
   110 H12    1s        -0.0397   -0.0549   -0.0067    0.0080    0.0255   -0.0127    0.0090   -0.0514   -0.0011   -0.1274
   111 H12    2s         0.0131    0.0530    0.0092   -0.0078   -0.0043    0.0218   -0.0002    0.0202   -0.0160    0.0288
   112 H12    2px        0.0097    0.0076    0.0009   -0.0019   -0.0017   -0.0025   -0.0026    0.0001   -0.0020   -0.0092
   113 H12    2py       -0.0012    0.0095    0.0033   -0.0073   -0.0026    0.0062   -0.0024    0.0006   -0.0010    0.0064
   114 H12    2pz       -0.0082   -0.0021   -0.0077    0.0047   -0.0012   -0.0054   -0.0159    0.0015   -0.0174    0.0044
   115 B13    1s         0.0074    0.0023   -0.0035    0.0358   -0.0038    0.0099    0.0069    0.0070    0.0735   -0.0692
   116 B13    2s         0.1258    0.0120    0.0708    0.5341    0.2236    0.4913    0.0294    0.0337    0.5382   -0.4895
   117 B13    3s        -0.0460   -0.0015   -0.0145   -0.1144   -0.0201    0.0040    0.0022    0.0025   -0.0340    0.0023
   118 B13    2px       -0.0975    0.1672   -0.4398   -0.3166    0.0642    0.5726   -0.1844   -0.2511    0.4881    0.0750
   119 B13    3px        0.0257   -0.0387    0.1070    0.1075   -0.0032   -0.0778    0.0043    0.0018    0.0504    0.0041
   120 B13    2py        0.1026   -0.4212   -0.1788    0.4623   -0.0628   -0.1385    0.1600   -0.3534    0.2965    0.7888
   121 B13    3py       -0.0335    0.0979    0.0438   -0.1396    0.0106    0.0131    0.0001    0.0064    0.0008    0.0845
   122 B13    2pz        0.0172   -0.0723    0.1664    0.0555    0.0956    0.4624    0.0614    0.1240   -0.8240    0.1700
   123 B13    3pz       -0.0181    0.0178   -0.0401   -0.0282   -0.0236   -0.1006    0.0009   -0.0044    0.0560   -0.0295
   124 B13    3d2-      -0.0240    0.0553    0.0363   -0.0872   -0.0008   -0.0062   -0.1011   -0.0058    0.0127    0.0996
   125 B13    3d1-       0.0016    0.0528    0.0212   -0.0224   -0.0026   -0.0088    0.0530   -0.0185    0.0299    0.0759
   126 B13    3d0       -0.0212    0.0190   -0.0573   -0.0567   -0.0216   -0.0285    0.0058    0.0124   -0.0202   -0.0247
   127 B13    3d1+       0.0028   -0.0298    0.0781    0.0026   -0.0013   -0.0248   -0.0025   -0.0054    0.0486   -0.0071
   128 B13    3d2+       0.0099    0.0073   -0.0171    0.0601   -0.0253   -0.0058    0.0135    0.0227    0.0151   -0.0609


      Orbital                31        32        33        34        35        36        37        38        39        40
      Energy            -0.9654   -0.9278   -0.8791   -0.8642   -0.8540   -0.8367   -0.8090   -0.7976   -0.7758   -0.7718
      Occ. No.           0.0000    0.0000    0.0000    0.0000    0.0000    0.0000    0.0000    0.0000    0.0000    0.0000

     1 C1     1s        -0.0803    0.0624   -0.0241    0.0247   -0.0837   -0.0095   -0.0593    0.0376   -0.0538   -0.0180
     2 C1     2s        -0.6535    0.4996   -0.1419    0.1693   -0.6682    0.0292   -0.2821    0.2011   -0.2911   -0.1446
     3 C1     3s        -0.0630    0.0661   -0.0207    0.0077   -0.0433   -0.0007   -0.0648    0.0486   -0.0494    0.0060
     4 C1     2px       -0.7157   -0.3798    0.0966   -0.4659   -0.1138   -0.1272   -0.0897    0.2969   -0.0471   -0.2405
     5 C1     3px       -0.2004   -0.0532    0.0176   -0.2064   -0.0345   -0.0668   -0.1237    0.0898   -0.0377    0.0221
     6 C1     2py        0.2461   -0.2423    0.0735    0.0717    0.0883   -0.0803   -0.0428    0.0835   -0.1249    0.0368
     7 C1     3py        0.0582   -0.0626   -0.0747    0.0442   -0.0322   -0.0197    0.0188   -0.0340    0.0335   -0.0484
     8 C1     2pz        0.0957   -0.1226    0.1028   -0.0868    0.2137   -0.0602   -0.0661   -0.0666    0.0514    0.1362
     9 C1     3pz        0.0319    0.0085    0.0074   -0.0367    0.0430   -0.0251   -0.0329   -0.0010    0.0072   -0.0056
    10 C1     3d2-      -0.0370   -0.0131    0.0212   -0.0869   -0.0221    0.0401   -0.0038    0.0047    0.0235    0.0412
    11 C1     3d1-      -0.0058    0.0458    0.0135    0.0054    0.0176   -0.0188   -0.0055    0.0361   -0.0498   -0.0391
    12 C1     3d0        0.0123    0.0210    0.0006   -0.0012   -0.0033    0.0291    0.0500    0.0079    0.0278   -0.0101
    13 C1     3d1+      -0.0424   -0.0147   -0.0057   -0.0186   -0.0061   -0.0356   -0.0061    0.0208   -0.0093   -0.0244
    14 C1     3d2+      -0.0015   -0.0099   -0.0278   -0.0247    0.0385    0.0015    0.0285    0.0165    0.0280   -0.0327
    15 C2     1s        -0.0505   -0.0429   -0.0300   -0.0970    0.0056   -0.0920   -0.0494    0.0587   -0.0273    0.0297
    16 C2     2s        -0.3048   -0.3441   -0.2208   -0.7892    0.1381   -0.6087   -0.2561    0.5459   -0.1226    0.1575
    17 C2     3s        -0.0399   -0.0827    0.0110   -0.0764   -0.0080   -0.0169    0.0401    0.0922    0.0330    0.0026
    18 C2     2px       -0.1049   -0.3667    0.1674   -0.1624    0.2511    0.0442    0.0056   -0.1514   -0.0185   -0.0671
    19 C2     3px       -0.0057   -0.1153    0.0605   -0.0271    0.0585   -0.0064    0.0644    0.0094    0.0976    0.0222
    20 C2     2py       -0.0702   -0.0544    0.0314    0.1118    0.2338   -0.3094   -0.1290   -0.0394    0.2559   -0.1116
    21 C2     3py       -0.0302   -0.0014    0.0105    0.0374    0.1200   -0.1396   -0.1381   -0.1306   -0.0490   -0.0055
    22 C2     2pz       -0.1058   -0.0873    0.0205   -0.0848   -0.1776    0.0075    0.0305    0.0313   -0.0685    0.0084
    23 C2     3pz       -0.0187   -0.0254   -0.0035   -0.0125   -0.0600   -0.0263   -0.0091    0.0279    0.0208   -0.1040
    24 C2     3d2-       0.0335    0.0653   -0.0618   -0.0125    0.0150   -0.0200    0.0394    0.0399    0.0545   -0.0169
    25 C2     3d1-       0.0402    0.0444   -0.0322    0.0013   -0.0082   -0.0207   -0.0023    0.0179    0.0146   -0.0349
    26 C2     3d0        0.0350   -0.0434   -0.0169   -0.0516    0.0262    0.0369    0.0575    0.0693    0.0353   -0.0132
    27 C2     3d1+      -0.0160    0.0269    0.0052    0.0165   -0.0280    0.0186   -0.0647   -0.0641   -0.0268    0.0629
    28 C2     3d2+      -0.0274    0.0344    0.0105   -0.0533   -0.0331    0.0405    0.0016    0.0454   -0.0142    0.0007
    29 C3     1s        -0.0367   -0.0314   -0.0230    0.0967    0.0146   -0.0934    0.0090   -0.0904    0.0378    0.0039
    30 C3     2s        -0.2275   -0.3199   -0.1991    0.7775   -0.0067   -0.6237    0.1823   -0.5941    0.3494   -0.0073
    31 C3     3s        -0.0253   -0.0682    0.0163    0.0790    0.0057   -0.0204    0.0725   -0.0033    0.0818   -0.0200
    32 C3     2px       -0.1009   -0.4493   -0.0153    0.2269   -0.2487    0.0393    0.0200    0.1069   -0.3238    0.0882
    33 C3     3px        0.0009   -0.1283   -0.0285    0.0317   -0.0490    0.0054    0.1092    0.0813   -0.0467    0.0911
    34 C3     2py        0.1656    0.2527    0.1616    0.1139    0.1737    0.2359   -0.0636    0.0023    0.1465   -0.1438
    35 C3     3py        0.0552    0.0624    0.0393    0.0233    0.0445    0.1201    0.0963    0.1199    0.1724   -0.0895
    36 C3     2pz       -0.2089   -0.2218    0.1869    0.1010    0.2687   -0.0015    0.0782   -0.0476   -0.0606    0.0615
    37 C3     3pz       -0.0360   -0.0461    0.0363    0.0138    0.0801   -0.0240    0.0144   -0.0150    0.0310   -0.0854
    38 C3     3d2-      -0.0263   -0.0514    0.0832    0.0171    0.0007    0.0146   -0.0587   -0.0303   -0.0432    0.0109
    39 C3     3d1-      -0.0342   -0.0342    0.0357    0.0062    0.0265    0.0188   -0.0026   -0.0069   -0.0172    0.0349
    40 C3     3d0        0.0365   -0.0462   -0.0306    0.0432   -0.0372    0.0329    0.0657    0.0346    0.0509   -0.0201
    41 C3     3d1+      -0.0049    0.0470    0.0068   -0.0083    0.0093    0.0185   -0.0716   -0.0267   -0.0457    0.0614
    42 C3     3d2+      -0.0109    0.0567    0.0420    0.0557    0.0078    0.0304    0.0011   -0.0213    0.0500   -0.0256
    43 C4     1s        -0.0440    0.1230   -0.0282   -0.0231    0.0767    0.0031    0.0119   -0.0720   -0.0294   -0.0278
    44 C4     2s        -0.3476    1.0145   -0.2556   -0.1636    0.5705    0.1197    0.1443   -0.3258   -0.1905   -0.1987
    45 C4     3s        -0.0411    0.1035    0.0056   -0.0078    0.0486    0.0041   -0.0068   -0.0874   -0.0014   -0.0156
    46 C4     2px       -0.5909   -0.2867    0.1111    0.5182    0.3058   -0.1060    0.2522   -0.2812   -0.0083   -0.1332
    47 C4     3px       -0.1728   -0.0700    0.0451    0.2059    0.0935   -0.0619    0.0273   -0.1809   -0.0043    0.0434
    48 C4     2py       -0.1199    0.4365    0.2496    0.1203   -0.0364   -0.0011   -0.3426    0.0306    0.3991   -0.1588
    49 C4     3py       -0.0278    0.0916    0.0545    0.0639   -0.0965    0.0065   -0.0845   -0.0665    0.1472   -0.0263
    50 C4     2pz        0.2334    0.0299   -0.2849    0.1793   -0.6674   -0.0283   -0.0006    0.1381   -0.2487    0.2078
    51 C4     3pz        0.0670    0.0539   -0.0792    0.0727   -0.2364   -0.0211   -0.0296    0.0553   -0.0524    0.0101
    52 C4     3d2-       0.0170   -0.0065   -0.0140   -0.0858   -0.0045   -0.0312   -0.0022   -0.0101   -0.0207   -0.0364
    53 C4     3d1-       0.0013   -0.0400   -0.0601   -0.0092    0.0585    0.0261    0.0327    0.0364   -0.0322    0.0640
    54 C4     3d0        0.0067    0.0122   -0.0374   -0.0067   -0.0034    0.0308    0.0438    0.0456    0.0199   -0.0099
    55 C4     3d1+      -0.0475   -0.0271    0.0026    0.0159    0.0328   -0.0324    0.0214   -0.0247   -0.0043   -0.0165
    56 C4     3d2+      -0.0118   -0.0384   -0.1136    0.0206   -0.0539    0.0109    0.0615    0.0403   -0.0175   -0.0131
    57 C5     1s         0.0524    0.0046   -0.0414   -0.1001   -0.0732    0.0076   -0.0624   -0.0935    0.0258   -0.0132
    58 C5     2s         0.3549   -0.0360   -0.3153   -0.7177   -0.7070    0.1202   -0.3968   -0.6101    0.2558   -0.0080
    59 C5     3s         0.0859    0.0032   -0.0109   -0.0881   -0.0719    0.0427   -0.0052   -0.0315    0.0732   -0.0173
    60 C5     2px       -0.3421    0.1114    0.0343   -0.0589    0.4318    0.1316   -0.0056   -0.3588    0.1750   -0.2037
    61 C5     3px       -0.1120    0.0647    0.0713   -0.0102    0.1080   -0.0443   -0.0406   -0.1662    0.0374   -0.0831
    62 C5     2py       -0.2309    0.0761    0.3484   -0.4307    0.1917   -0.0709    0.2054   -0.4335    0.3624   -0.2461
    63 C5     3py       -0.0420    0.0286    0.0780   -0.1244    0.0856    0.0495    0.1167   -0.1336    0.1784   -0.1649
    64 C5     2pz        0.2490    0.1461    0.0361   -0.1014   -0.1786   -0.0410   -0.0368    0.3300   -0.1442    0.0691
    65 C5     3pz        0.0389    0.0910    0.0278    0.0098   -0.0407   -0.0210   -0.0597    0.0890   -0.0098    0.0675
    66 C5     3d2-      -0.0696   -0.0104   -0.0745    0.0021    0.0198    0.0922    0.0386    0.0331    0.0484   -0.0218
    67 C5     3d1-       0.0630   -0.0093    0.0214   -0.0262    0.0165   -0.0183   -0.0187   -0.0224   -0.0292   -0.0193
    68 C5     3d0       -0.0070   -0.0680   -0.0468   -0.0450   -0.0343    0.0240    0.0121   -0.0184    0.0169   -0.0263
    69 C5     3d1+       0.0214   -0.0392   -0.0117    0.0020   -0.0559    0.0661    0.0314    0.0318    0.0693    0.0729
    70 C5     3d2+      -0.0025    0.0456    0.0494   -0.0631   -0.0228    0.0066    0.0192   -0.0127    0.0507   -0.0470
    71 C6     1s         0.0579    0.0107   -0.0547    0.1039    0.0529    0.0022   -0.0814    0.0369   -0.0346    0.0089
    72 C6     2s         0.4335    0.0835   -0.3778    0.7452    0.5467    0.0904   -0.4989    0.3107   -0.1681    0.1714
    73 C6     3s         0.0948    0.0120   -0.0269    0.0865    0.0196    0.0408   -0.0089    0.0705    0.0117    0.0042
    74 C6     2px       -0.4386   -0.0151   -0.1225    0.0473   -0.1490    0.1292   -0.2403    0.2198    0.0300   -0.1733
    75 C6     3px       -0.1320    0.0480   -0.0272    0.0187   -0.0467   -0.0431   -0.0799    0.0635   -0.0870   -0.0519
    76 C6     2py        0.2517   -0.0608    0.0747   -0.4283    0.1659    0.0935   -0.2302   -0.5874    0.4812    0.0599
    77 C6     3py        0.0567   -0.0213    0.0554   -0.1384    0.0872   -0.0358   -0.0649   -0.2881    0.1180    0.1171
    78 C6     2pz        0.2307    0.0854    0.1343    0.1206    0.0121   -0.0241    0.2044   -0.2449    0.0052    0.0666
    79 C6     3pz        0.0292    0.0673    0.0667    0.0014   -0.0474   -0.0148    0.0024   -0.1057    0.0433    0.0780
    80 C6     3d2-       0.0663    0.0050    0.0493    0.0107   -0.0338   -0.0913   -0.0231   -0.0243   -0.0690    0.0272
    81 C6     3d1-      -0.0695    0.0035   -0.0005   -0.0155   -0.0018    0.0186    0.0121    0.0118    0.0424    0.0158
    82 C6     3d0        0.0082   -0.0422   -0.0464    0.0410    0.0677    0.0218    0.0003    0.0389    0.0062   -0.0222
    83 C6     3d1+       0.0400   -0.0008   -0.0010   -0.0070    0.0446    0.0712    0.0378    0.0384    0.0610    0.0845
    84 C6     3d2+      -0.0039    0.0410    0.0084    0.0711    0.0009    0.0066    0.0435    0.0640   -0.0251   -0.0214
    85 H7     1s         0.0711   -0.0205   -0.0553   -0.0167    0.1868    0.0400    0.0904   -0.0046    0.2879    0.0151
    86 H7     2s        -0.0108    0.0116    0.0062   -0.0219    0.0270    0.0170    0.0892   -0.0929    0.1221   -0.0294
    87 H7     2px       -0.0276   -0.0178    0.0103   -0.0632   -0.0136    0.0021    0.0196    0.0161    0.0197    0.0104
    88 H7     2py        0.0114    0.0013   -0.0162    0.0043    0.0014   -0.0081   -0.0146   -0.0118   -0.0016    0.0063
    89 H7     2pz        0.0015    0.0139   -0.0059   -0.0054    0.0269   -0.0011    0.0076    0.0160   -0.0054   -0.0179
    90 H8     1s        -0.1190   -0.2305    0.3332    0.2882   -0.2565    0.6014    0.2006   -0.5982   -0.2937    0.0088
    91 H8     2s         0.0391   -0.0048   -0.0124    0.0024    0.0143    0.0855    0.1055   -0.0358    0.0076   -0.0672
    92 H8     2px        0.0107   -0.0171   -0.0147   -0.0037    0.0215   -0.0254    0.0249    0.0232    0.0441   -0.0209
    93 H8     2py       -0.0063   -0.0211    0.0141    0.0258    0.0065   -0.0067   -0.0089   -0.0525   -0.0127    0.0053
    94 H8     2pz        0.0035   -0.0018   -0.0086   -0.0021   -0.0041   -0.0159    0.0150    0.0225    0.0172   -0.0048
    95 H9     1s        -0.0617   -0.1047    0.3697   -0.1713    0.1583    0.5421   -0.2211    0.4364   -0.5808    0.0583
    96 H9     2s         0.0269   -0.0254   -0.0315   -0.0114   -0.0092    0.0770    0.0527    0.1193   -0.0575   -0.0410
    97 H9     2px        0.0072   -0.0245   -0.0304   -0.0040   -0.0123   -0.0221    0.0361    0.0250    0.0235   -0.0104
    98 H9     2py        0.0110    0.0267   -0.0219    0.0175   -0.0039    0.0086    0.0339   -0.0072    0.0386   -0.0163
    99 H9     2pz       -0.0023   -0.0105   -0.0038   -0.0016    0.0093   -0.0145    0.0236    0.0046    0.0203   -0.0018
   100 H10    1s         0.0677   -0.0077    0.7214    0.0323   -0.0615   -0.1230   -0.5901   -0.1511    0.8992   -0.1988
   101 H10    2s        -0.0170    0.0067   -0.0022    0.0156   -0.0195   -0.0018   -0.0601    0.0879    0.1336   -0.0346
   102 H10    2px       -0.0157   -0.0079    0.0096    0.0538    0.0085   -0.0020    0.0194    0.0146    0.0233    0.0060
   103 H10    2py       -0.0034    0.0043   -0.0463    0.0024   -0.0116    0.0166    0.0393    0.0146   -0.0072   -0.0025
   104 H10    2pz        0.0012    0.0050    0.0054    0.0089   -0.0389   -0.0050   -0.0101   -0.0015    0.0225   -0.0251
   105 H11    1s         0.2885    0.1432    0.4081    0.0691    0.3294   -0.3762    0.3428    0.4726   -0.2909   -0.1348
   106 H11    2s        -0.0225   -0.0390   -0.0097    0.0133   -0.0162    0.0366    0.1124    0.1393    0.0341    0.0142
   107 H11    2px       -0.0050    0.0244    0.0419   -0.0099    0.0108   -0.0342    0.0108   -0.0021   -0.0118   -0.0131
   108 H11    2py       -0.0221    0.0042   -0.0172   -0.0302   -0.0060    0.0317    0.0306   -0.0124    0.0302   -0.0251
   109 H11    2pz        0.0089   -0.0052   -0.0019    0.0033   -0.0189    0.0207    0.0099    0.0298    0.0300    0.0392
   110 H12    1s         0.2179   -0.0106    0.3043   -0.0736   -0.6198   -0.3967    0.7088   -0.1003   -0.4971   -0.1590
   111 H12    2s        -0.0046   -0.0103    0.0062   -0.0247    0.0064    0.0369    0.1827    0.0170    0.0193    0.0132
   112 H12    2px       -0.0082    0.0161    0.0245    0.0126   -0.0253   -0.0334    0.0291    0.0038   -0.0418   -0.0058
   113 H12    2py        0.0235   -0.0026    0.0121   -0.0303   -0.0186   -0.0295   -0.0104   -0.0489   -0.0109    0.0167
   114 H12    2pz        0.0102   -0.0009    0.0040   -0.0031    0.0085    0.0231    0.0259    0.0018    0.0326    0.0423
   115 B13    1s         0.0412   -0.0764   -0.0422   -0.0148    0.0573    0.0192    0.0130   -0.0085   -0.0165    0.0174
   116 B13    2s         0.3003   -0.5169   -0.1823   -0.1010    0.3922    0.1120    0.0846   -0.0465   -0.0404    0.1532
   117 B13    3s         0.0785   -0.0185    0.0479   -0.0075   -0.0213    0.2237    0.2070    0.1612    0.2286    0.0349
   118 B13    2px       -0.2115    0.3498    0.0501    0.0563   -0.2028    0.0918   -0.1239   -0.0062    0.0967    0.2003
   119 B13    3px       -0.1183    0.1146    0.1067    0.0174   -0.0469   -0.0649    0.0246   -0.0012    0.2333    0.6914
   120 B13    2py        0.2451    0.3671   -0.1138    0.1243    0.0066    0.0197    0.0512    0.0003   -0.1359    0.0385
   121 B13    3py        0.0299    0.0930   -0.0006   -0.1769    0.2441    0.0323    0.1683   -0.1025   -0.1880    0.0789
   122 B13    2pz       -0.1479    0.4712    0.0959    0.0364   -0.0933   -0.1600   -0.1173   -0.0811   -0.1608   -0.2968
   123 B13    3pz        0.0372   -0.0149    0.0062   -0.0056    0.0044   -0.1346   -0.0561   -0.0247   -0.0028   -0.5009
   124 B13    3d2-       0.0369    0.0738   -0.0151    0.0065    0.1252    0.0041   -0.0003    0.0691   -0.0543    0.0131
   125 B13    3d1-       0.0179    0.0338    0.0111   -0.1069    0.0093    0.0056    0.0077   -0.0380   -0.0044    0.0046
   126 B13    3d0        0.0670    0.0243    0.0414   -0.0015    0.0181   -0.1330   -0.1113   -0.0928   -0.1315   -0.0853
   127 B13    3d1+      -0.0986    0.1038    0.0797    0.0108   -0.0084   -0.0592   -0.0762   -0.0610   -0.0312    0.0094
   128 B13    3d2+       0.1090   -0.0138    0.0553   -0.0091    0.0016    0.1151   -0.0172    0.0155    0.0785    0.1246


      Orbital                41        42        43        44        45        46        47        48        49        50
      Energy            -0.7505   -0.7311   -0.7120   -0.6961   -0.6902   -0.6673   -0.6585   -0.6508   -0.6372   -0.6044
      Occ. No.           0.0000    0.0000    0.0000    0.0000    0.0000    0.0000    0.0000    0.0000    0.0000    0.0000

     1 C1     1s         0.0310    0.0227   -0.0016   -0.0127    0.0160   -0.0062    0.0542   -0.0096    0.0456   -0.0681
     2 C1     2s         0.2864    0.1359    0.0481   -0.1362    0.1024   -0.0253    0.1948   -0.1304    0.2899   -0.2274
     3 C1     3s         0.0470    0.0383    0.0250    0.0198   -0.0118   -0.0120    0.0784    0.0168    0.0515   -0.0634
     4 C1     2px       -0.5356    0.1237   -0.4798   -0.4831   -0.6266   -0.0683    0.0276   -0.3295    0.1821    0.0559
     5 C1     3px       -0.1905    0.1115   -0.1893   -0.3354   -0.2332   -0.2433    0.0846   -0.0164    0.2829   -0.2352
     6 C1     2py       -0.1583    0.0621    0.1355    0.1441   -0.2901   -0.0283    0.3677    0.2071   -0.0397   -0.3682
     7 C1     3py       -0.1736    0.0622    0.1449   -0.0283    0.0154    0.0426    0.1250    0.0205    0.0879   -0.3488
     8 C1     2pz       -0.2610    0.0346    0.0509    0.1418   -0.1085    0.0314    0.1721    0.0689    0.0229   -0.1686
     9 C1     3pz        0.0572    0.0364    0.0415    0.1394   -0.1150    0.0312    0.0216   -0.1492    0.1032   -0.1749
    10 C1     3d2-       0.0260    0.0661   -0.0061    0.0105   -0.0219   -0.0832   -0.0074    0.0277    0.0376    0.0233
    11 C1     3d1-       0.0350   -0.0098    0.0251   -0.0116   -0.0871    0.0306    0.0360   -0.0048   -0.0256   -0.0390
    12 C1     3d0        0.0496   -0.0159    0.0084    0.0009    0.0138    0.0325   -0.0741   -0.0266   -0.0355    0.0791
    13 C1     3d1+      -0.0365    0.0073   -0.0044   -0.0552   -0.0062   -0.0461   -0.0185   -0.0056   -0.0812   -0.0370
    14 C1     3d2+      -0.0288   -0.0083   -0.0140   -0.0511    0.0344   -0.0009   -0.0512   -0.0138    0.0080   -0.0130
    15 C2     1s         0.0368    0.0117   -0.0214    0.0018    0.0195    0.0099    0.0235    0.0712    0.0489   -0.0181
    16 C2     2s         0.1189    0.0470   -0.1362    0.0457    0.0774    0.0010    0.1518    0.4593    0.0579    0.0478
    17 C2     3s         0.0488    0.0299    0.0337    0.0180   -0.0553   -0.0345    0.0800    0.0487   -0.0545    0.0176
    18 C2     2px       -0.4588    0.2515   -0.4537   -0.2545   -0.5243    0.0237    0.1732    0.0467   -0.0028   -0.2126
    19 C2     3px       -0.2021    0.0377   -0.1188   -0.1083   -0.1612    0.1340    0.2173    0.0187    0.0073    0.1496
    20 C2     2py       -0.7306   -0.3959   -0.1199   -0.0695   -0.3118    0.1201   -0.0811   -0.7973    0.2236   -0.1470
    21 C2     3py       -0.3212   -0.2091   -0.2614   -0.0819   -0.0000    0.3382   -0.1486   -0.2493    0.1731    0.1536
    22 C2     2pz       -0.2084    0.1425   -0.1888   -0.2975   -0.2190    0.0381    0.1267   -0.0143   -0.1078   -0.0246
    23 C2     3pz        0.0176   -0.0044   -0.1545    0.0945   -0.2054    0.0610   -0.2239   -0.0639   -0.0989   -0.1014
    24 C2     3d2-      -0.0162   -0.0126    0.0212   -0.0788    0.0586   -0.0324   -0.0099   -0.0152   -0.0305   -0.0471
    25 C2     3d1-       0.0046   -0.0062    0.0022    0.0024   -0.0096    0.0227   -0.0485    0.0160   -0.0577   -0.0586
    26 C2     3d0       -0.0173    0.0124    0.0169    0.0245   -0.0002   -0.0447    0.0090    0.0639   -0.0595    0.1019
    27 C2     3d1+       0.0171    0.0166   -0.0369    0.0110    0.0352   -0.0495    0.0078    0.0163    0.2042   -0.0520
    28 C2     3d2+       0.0472    0.0449    0.0289   -0.0064   -0.0172   -0.0727    0.0063    0.0643   -0.0311    0.0663
    29 C3     1s        -0.0183   -0.0199   -0.0097    0.0119   -0.0070    0.0102    0.0058   -0.0667    0.0507    0.0447
    30 C3     2s        -0.0086   -0.0581    0.0666    0.0617   -0.0952    0.0111    0.1060   -0.4694    0.2054    0.0050
    31 C3     3s        -0.0313   -0.0069    0.0358    0.0491   -0.0505   -0.0333    0.0588   -0.0663   -0.0582    0.0581
    32 C3     2px        0.4482   -0.2032    0.2670    0.4958    0.5303   -0.0080    0.0424   -0.1032   -0.1097   -0.0472
    33 C3     3px        0.1775   -0.0268    0.0884    0.1503    0.1915    0.1278    0.1741   -0.0643   -0.0024    0.0016
    34 C3     2py       -0.7916   -0.3613   -0.0846   -0.0743   -0.3119   -0.0884   -0.0354   -0.8395    0.0792   -0.2494
    35 C3     3py       -0.3470   -0.0805    0.0663    0.0042   -0.2590   -0.3230    0.0504   -0.3285   -0.1607    0.0618
    36 C3     2pz        0.1445   -0.1312    0.2302    0.2391    0.2623   -0.0141    0.1028   -0.0279   -0.1391   -0.0493
    37 C3     3pz        0.0919   -0.0450   -0.0362    0.2307   -0.0359    0.0334   -0.1758    0.1864   -0.1071   -0.1532
    38 C3     3d2-       0.0058   -0.0096   -0.0083    0.0756   -0.0628    0.0313    0.0091    0.0088    0.0303    0.0602
    39 C3     3d1-      -0.0130   -0.0141    0.0005   -0.0090    0.0008   -0.0249    0.0543    0.0105    0.0577    0.0514
    40 C3     3d0        0.0050    0.0166    0.0457   -0.0105   -0.0314   -0.0339    0.0230   -0.0760    0.0135   -0.1168
    41 C3     3d1+      -0.0124   -0.0310   -0.0595    0.0111    0.0184   -0.0467   -0.0173   -0.0079    0.1591    0.1256
    42 C3     3d2+      -0.0438   -0.0208    0.0598    0.0094   -0.0478   -0.0749    0.0088   -0.0671    0.0088   -0.0214
    43 C4     1s        -0.0466   -0.0093   -0.0216    0.0311    0.0097   -0.0193    0.0437   -0.0067    0.0152    0.0330
    44 C4     2s        -0.4134   -0.0430   -0.1471    0.1756    0.0998   -0.1173    0.1769    0.0685    0.1325    0.1357
    45 C4     3s        -0.0662   -0.0121   -0.0096    0.0518   -0.0319   -0.0254    0.0554   -0.0318    0.0235    0.0211
    46 C4     2px        0.5712   -0.1164    0.5714    0.5747    0.5275   -0.1756    0.1328    0.3735    0.0762    0.0795
    47 C4     3px        0.2044   -0.1034    0.2363    0.2418    0.2895   -0.2723    0.0201    0.0145    0.1068    0.3056
    48 C4     2py        0.0575   -0.1645    0.1694   -0.3947    0.0052    0.0805   -0.0988    0.3070    0.2366    0.0544
    49 C4     3py       -0.0329   -0.0372    0.0167   -0.0045   -0.0563   -0.0051    0.0247    0.0602    0.0869   -0.0335
    50 C4     2pz        0.2078    0.1927    0.0569   -0.0022    0.1714    0.1072    0.0544   -0.2248   -0.0389    0.1386
    51 C4     3pz       -0.0023    0.0749   -0.0315    0.0669    0.0528    0.0311   -0.0090    0.0669    0.0134    0.0702
    52 C4     3d2-       0.0230    0.0546   -0.0206   -0.0236    0.0284    0.0860    0.0110    0.0257   -0.0437   -0.0176
    53 C4     3d1-       0.0221   -0.0380   -0.0500   -0.0560   -0.0066   -0.0244   -0.0163    0.0005    0.0519   -0.0578
    54 C4     3d0       -0.0425    0.0013   -0.0310   -0.0120   -0.0042    0.0269   -0.0437    0.0475   -0.0076   -0.0654
    55 C4     3d1+       0.0306   -0.0064    0.0396   -0.0071    0.0230   -0.0522   -0.0173   -0.0069   -0.0815   -0.0263
    56 C4     3d2+       0.0164    0.0131    0.0015   -0.0309    0.0766    0.0019   -0.0358    0.0058    0.0196   -0.0609
    57 C5     1s        -0.0141    0.0061   -0.0267    0.0174    0.0271   -0.0199    0.0074    0.0206   -0.0482   -0.0204
    58 C5     2s        -0.1062    0.0353   -0.0920    0.1168    0.1334    0.0058    0.0589   -0.0333   -0.2264   -0.1189
    59 C5     3s        -0.0279    0.0260   -0.0229    0.0570   -0.0200    0.0142    0.0378    0.0188   -0.0989   -0.0132
    60 C5     2px        0.0341   -0.5147    0.3363    0.0841    0.0175   -0.0498    0.1407    0.4257    0.0831   -0.0297
    61 C5     3px        0.0299   -0.1213    0.0528    0.1839    0.0408    0.0798   -0.0820    0.2548    0.1219    0.1129
    62 C5     2py       -0.0968    0.6082    0.3265    0.5860    0.6217    0.0727    0.0609    0.0878   -0.0275   -0.1245
    63 C5     3py       -0.0463    0.2252    0.1577    0.3606    0.2233    0.3048    0.2010    0.2165   -0.0689    0.0461
    64 C5     2pz       -0.2263    0.1849   -0.1944   -0.2942   -0.2398    0.0816   -0.0307   -0.1798   -0.0862    0.0060
    65 C5     3pz       -0.0830    0.0009   -0.2039    0.0456   -0.2031   -0.0667   -0.2167    0.0179   -0.2199    0.0482
    66 C5     3d2-      -0.0087   -0.0266   -0.0122   -0.0249    0.0305    0.0395   -0.0079    0.0144    0.1051   -0.0245
    67 C5     3d1-      -0.0077    0.0122    0.0021   -0.0220    0.0003   -0.0115    0.0455   -0.0126    0.0201    0.0461
    68 C5     3d0        0.0426    0.0107    0.0101   -0.0015    0.0318    0.0203    0.0173   -0.0990    0.0696   -0.0316
    69 C5     3d1+      -0.0238   -0.0085    0.0111    0.0189   -0.0206    0.0085    0.0002   -0.0677    0.0261    0.0267
    70 C5     3d2+      -0.0236    0.0497    0.0367    0.0440   -0.0194    0.1094    0.0405   -0.0168   -0.0464   -0.0097
    71 C6     1s         0.0473   -0.0253   -0.0408   -0.0010   -0.0160   -0.0211   -0.0045   -0.0363   -0.0473   -0.0128
    72 C6     2s         0.2881   -0.1242   -0.2251    0.0160   -0.1166   -0.0554    0.0118   -0.0562   -0.2505   -0.0783
    73 C6     3s         0.0696   -0.0294   -0.0090    0.0380   -0.0668    0.0211    0.0306   -0.0344   -0.1029    0.0317
    74 C6     2px        0.0435    0.3508   -0.2448   -0.3300    0.0095    0.0429   -0.1299   -0.3434    0.0333    0.2978
    75 C6     3px        0.0268    0.0566   -0.1832   -0.0530   -0.1052    0.1218   -0.1564   -0.1498    0.1946   -0.1235
    76 C6     2py       -0.0206    0.5438    0.2232    0.5766    0.6309   -0.0995   -0.0169    0.0812    0.0018   -0.1342
    77 C6     3py       -0.0404    0.1663    0.0464    0.1638    0.3874   -0.3762   -0.1879    0.2283   -0.0241    0.0288
    78 C6     2pz        0.1114   -0.0796    0.3431    0.2670    0.2197    0.0238    0.0484    0.1547   -0.1290   -0.0093
    79 C6     3pz        0.1577   -0.0205    0.0300    0.2369   -0.0360   -0.0688   -0.1872    0.0320   -0.1797   -0.1870
    80 C6     3d2-      -0.0084    0.0036    0.0032    0.0176   -0.0370   -0.0422    0.0126   -0.0101   -0.1010   -0.0107
    81 C6     3d1-       0.0106    0.0088   -0.0121    0.0149   -0.0155    0.0139   -0.0519   -0.0035   -0.0263   -0.0149
    82 C6     3d0       -0.0409   -0.0179   -0.0306   -0.0192    0.0209   -0.0019    0.0354    0.0966    0.0518   -0.0200
    83 C6     3d1+       0.0170    0.0127    0.0185    0.0004   -0.0213   -0.0004    0.0240    0.0737    0.0236    0.0108
    84 C6     3d2+       0.0245   -0.0352    0.0188    0.0062   -0.0586    0.1009    0.0317    0.0179   -0.0644    0.0590
    85 H7     1s         0.0022   -0.2260   -0.3757   -0.0946    0.5817    0.0459   -0.7004   -0.1439   -0.3090    0.8339
    86 H7     2s         0.0228   -0.1089   -0.1717   -0.1034    0.2626    0.0165   -0.3459   -0.1129   -0.1013    0.3131
    87 H7     2px        0.0087    0.0244   -0.0030   -0.0083   -0.0253   -0.0850   -0.0106    0.0027    0.0144    0.0006
    88 H7     2py       -0.0264    0.0202    0.0332    0.0166    0.0015    0.0066    0.0258    0.0109    0.0352   -0.0816
    89 H7     2pz        0.0237   -0.0080    0.0153   -0.0240   -0.0351    0.0261    0.0279   -0.0252   -0.0034   -0.0247
    90 H8     1s         0.1810    0.7894   -0.4831   -0.4685   -0.4720    0.0577    0.3299    0.5649   -0.1222   -0.3537
    91 H8     2s        -0.0603    0.1238   -0.0757   -0.1929   -0.0273   -0.0039    0.0171    0.1188   -0.2650   -0.0477
    92 H8     2px       -0.0311   -0.0200    0.0068    0.0101   -0.0027    0.0130   -0.0047   -0.0236   -0.0437    0.0036
    93 H8     2py       -0.0206   -0.0009   -0.0308   -0.0033   -0.0198    0.0534   -0.0028   -0.0371    0.0393   -0.0334
    94 H8     2pz       -0.0169   -0.0073    0.0178   -0.0201   -0.0038    0.0266    0.0137   -0.0151   -0.0630    0.0062
    95 H9     1s        -0.3162   -0.7223    0.1484    0.7010    0.6245    0.0077   -0.0113   -0.6727   -0.1899   -0.1297
    96 H9     2s        -0.0034   -0.1032    0.1045    0.0189    0.1991   -0.0087   -0.0181   -0.1866   -0.1874   -0.3359
    97 H9     2px        0.0343    0.0202    0.0060   -0.0151   -0.0010    0.0157    0.0056    0.0228   -0.0359   -0.0483
    98 H9     2py       -0.0240    0.0142    0.0132   -0.0204   -0.0274   -0.0493    0.0091   -0.0502   -0.0023   -0.0706
    99 H9     2pz        0.0106    0.0120    0.0247   -0.0102    0.0019    0.0238    0.0192    0.0060   -0.0581   -0.0248
   100 H10    1s         0.4878   -0.3196    0.4582   -0.8289   -0.3454    0.2169   -0.0865    0.3325    0.2689    0.0064
   101 H10    2s         0.1106   -0.0909   -0.0095   -0.2822    0.0508    0.0571   -0.1256    0.1700    0.0869   -0.1452
   102 H10    2px       -0.0042   -0.0141    0.0188    0.0159   -0.0055   -0.0767   -0.0095   -0.0024    0.0092    0.0049
   103 H10    2py       -0.0129    0.0045   -0.0280    0.0075    0.0312   -0.0036   -0.0029    0.0128   -0.0021   -0.0527
   104 H10    2pz       -0.0144    0.0162    0.0194    0.0149    0.0271    0.0183    0.0163    0.0100   -0.0240    0.0281
   105 H11    1s        -0.0858    1.3203   -0.2590    0.2604    0.4148   -0.1104   -0.1740   -0.4231    0.0050    0.0044
   106 H11    2s         0.0061    0.2204   -0.0938    0.0415    0.1351    0.0278   -0.0790   -0.2055    0.2219   -0.0251
   107 H11    2px       -0.0180    0.0356    0.0047    0.0203   -0.0006    0.0176   -0.0092    0.0191   -0.0269   -0.0146
   108 H11    2py       -0.0119   -0.0059    0.0174    0.0212    0.0085    0.0617    0.0353   -0.0150    0.0246   -0.0497
   109 H11    2pz       -0.0222   -0.0047   -0.0004   -0.0176   -0.0037    0.0124    0.0177   -0.0158   -0.0175   -0.0102
   110 H12    1s        -0.1906   -0.9697    0.3241   -0.0006   -0.4155   -0.1383    0.1813    0.3624    0.1198   -0.2341
   111 H12    2s        -0.0477   -0.1991    0.0143   -0.0103   -0.0233   -0.0073    0.0335    0.2350    0.2401   -0.1145
   112 H12    2px        0.0086   -0.0226    0.0058    0.0013   -0.0251    0.0204   -0.0187   -0.0153   -0.0336    0.0310
   113 H12    2py       -0.0109   -0.0047    0.0089    0.0107    0.0094   -0.0590   -0.0237   -0.0176   -0.0033   -0.0485
   114 H12    2pz        0.0167    0.0038    0.0199   -0.0052    0.0113    0.0101    0.0208    0.0050   -0.0242    0.0148
   115 B13    1s        -0.0333    0.0028    0.0262   -0.0209    0.0051    0.0079    0.0061    0.0056    0.0217   -0.0284
   116 B13    2s        -0.1799    0.0076    0.1681   -0.0360   -0.1010    0.0139    0.0021    0.0587    0.1334   -0.1266
   117 B13    3s         0.0392   -0.0400   -0.1211    0.0884   -0.0139   -0.0296    0.1154    0.0162    0.2123    0.0440
   118 B13    2px        0.0811   -0.0298   -0.1113   -0.0122    0.0902    0.1025    0.0829   -0.0647   -0.2176    0.0240
   119 B13    3px        0.0524   -0.1176   -0.3097   -0.0420    0.1836    0.2475    0.3210   -0.1138   -0.5032   -0.2772
   120 B13    2py        0.5439   -0.0056    0.2564   -0.1302    0.0365    0.0644    0.0698   -0.0273    0.0590    0.0667
   121 B13    3py        0.7221   -0.0862    0.1091   -0.2959   -0.3179    0.0514    0.0045   -0.3446    0.0636    0.1494
   122 B13    2pz        0.0135   -0.0267   -0.1082   -0.1019    0.1760   -0.0351    0.4008   -0.0550   -0.0551    0.0575
   123 B13    3pz        0.2326   -0.1778   -0.6233    0.1050    0.2162   -0.3181    0.5924   -0.0876   -0.0898   -0.0691
   124 B13    3d2-       0.0095   -0.0348   -0.0232   -0.0959   -0.0787   -0.0015    0.0474    0.1922    0.0232   -0.1235
   125 B13    3d1-       0.1513    0.0585    0.0582   -0.0013    0.0007    0.0205    0.0014   -0.1195    0.0271   -0.0405
   126 B13    3d0       -0.0198    0.0066    0.0365   -0.0873    0.0610    0.0001    0.1942   -0.0353   -0.0087    0.0374
   127 B13    3d1+       0.0099   -0.0167   -0.0091   -0.0239    0.0063   -0.0157    0.0167   -0.0072   -0.1343    0.0340
   128 B13    3d2+       0.0240   -0.0054   -0.0605    0.2035   -0.1721   -0.0388    0.0283    0.0343    0.2040    0.0824


      Orbital                51        52        53        54        55        56        57        58        59        60
      Energy            -0.5804   -0.5636   -0.5467   -0.5199   -0.4956   -0.3801   -0.3742   -0.3695   -0.3534   -0.3482
      Occ. No.           0.0000    0.0000    0.0000    0.0000    0.0000    0.0000    0.0000    0.0000    0.0000    0.0000

     1 C1     1s        -0.0226    0.0185    0.0335   -0.0081    0.0556   -0.0122   -0.0496    0.0199    0.0333    0.0797
     2 C1     2s         0.0444    0.1813    0.1910   -0.0837    0.1849   -0.1336   -0.2050    0.0952    0.1248    0.3689
     3 C1     3s        -0.0673   -0.0032    0.0238   -0.0170   -0.1037   -0.0123   -0.0540    0.0160   -0.0140    0.0708
     4 C1     2px        0.0883    0.2077   -0.0069    0.0155   -0.0105   -0.3157    0.0550    0.7117    0.1386    0.0712
     5 C1     3px        0.0746    0.4980   -0.1630    0.1100    0.0254   -0.3673    0.0695    0.6616    0.1820    0.0834
     6 C1     2py       -0.1547   -0.3996   -0.0779   -0.1021   -0.9239   -0.1704    0.3045   -0.2521    0.1580   -0.3794
     7 C1     3py        0.0323   -0.2848    0.0383   -0.1525   -1.0089   -0.3203    0.2319   -0.2606    0.1399   -0.2919
     8 C1     2pz       -0.2877   -0.3134   -0.0886    0.0247   -0.1157    0.2872    0.5501   -0.1880   -0.1596   -0.3874
     9 C1     3pz       -0.4113   -0.3243   -0.1810    0.2545   -0.0710    0.3995    0.8737   -0.1868   -0.2414   -0.4973
    10 C1     3d2-       0.0089   -0.0000    0.0090   -0.0142   -0.0044    0.0250    0.0281   -0.0431   -0.0181   -0.0412
    11 C1     3d1-      -0.0540    0.0051   -0.0886    0.0099   -0.0198   -0.0119    0.0019   -0.0071   -0.0233    0.0392
    12 C1     3d0        0.0281    0.0238   -0.0971    0.0134   -0.0595    0.0030   -0.0261   -0.0092   -0.0219   -0.0263
    13 C1     3d1+      -0.0163    0.0602   -0.0743    0.0114   -0.0225   -0.0500    0.0038   -0.0669   -0.0006    0.0534
    14 C1     3d2+      -0.0633    0.0159    0.0326    0.0752    0.1531    0.0413    0.0135    0.0363    0.0516    0.0367
    15 C2     1s        -0.0101    0.0123   -0.0660    0.0192    0.0289    0.0258    0.0449    0.0275    0.0522   -0.0189
    16 C2     2s        -0.1889   -0.1042   -0.2564    0.0687    0.1314    0.1005    0.1529    0.1442    0.2277   -0.1295
    17 C2     3s         0.0757   -0.0154   -0.0270   -0.0364   -0.0185    0.1230    0.0232   -0.1071   -0.1239   -0.0429
    18 C2     2px       -0.2067   -0.3218   -0.0526    0.0092   -0.3646   -0.0966    0.2442    0.4581    0.2585   -0.3689
    19 C2     3px        0.1793   -0.1777   -0.0033    0.0445   -0.4930   -0.1286    0.1953    0.5848    0.3710   -0.5026
    20 C2     2py        0.2012    0.2614    0.1067    0.0302   -0.3043    0.0437   -0.1083   -0.0411   -0.5414    0.1116
    21 C2     3py        0.0847    0.0805   -0.1121   -0.0350   -0.3898   -0.0348   -0.1475   -0.1002   -0.5776    0.0594
    22 C2     2pz       -0.0197    0.0223   -0.0920   -0.0984   -0.1152   -0.3455    0.0766    0.0750    0.0008   -0.0199
    23 C2     3pz       -0.1045   -0.0358   -0.1572   -0.4998    0.0534   -0.8229    0.3010   -0.0260   -0.2243    0.0748
    24 C2     3d2-      -0.0178   -0.0385    0.0216    0.0761   -0.0520   -0.1438    0.0615    0.1320    0.1108   -0.0167
    25 C2     3d1-      -0.0716    0.0354    0.0268   -0.0774    0.0224   -0.0107    0.0457    0.0315    0.0154   -0.0568
    26 C2     3d0       -0.0127   -0.1879    0.1610    0.0147   -0.0168    0.0247   -0.0385    0.0207   -0.0364   -0.0679
    27 C2     3d1+       0.0527    0.0124    0.0692    0.0840    0.0715    0.0570    0.0290    0.0526    0.0061   -0.0151
    28 C2     3d2+      -0.0655    0.0460   -0.0693   -0.0377   -0.0188   -0.0130   -0.0218   -0.0462   -0.0728    0.0371
    29 C3     1s        -0.0193    0.0414   -0.0092    0.0064   -0.0701   -0.0489   -0.0037   -0.0011   -0.0516   -0.0058
    30 C3     2s         0.0295    0.2639    0.0913    0.0455   -0.2951   -0.2201    0.0423   -0.0206   -0.2274    0.0160
    31 C3     3s         0.0666   -0.0148   -0.0278   -0.0420    0.0308    0.0331   -0.0169   -0.0915   -0.0247   -0.0490
    32 C3     2px        0.1600    0.1821    0.1674    0.0482    0.0159   -0.4082    0.4136    0.2218    0.0117    0.0716
    33 C3     3px        0.3327   -0.1285   -0.1666    0.0694    0.1334   -0.3985    0.6449    0.1921   -0.0826    0.0697
    34 C3     2py        0.1743    0.2117    0.2192   -0.0195   -0.3256    0.0334   -0.0942   -0.1170   -0.4887    0.0720
    35 C3     3py       -0.1268    0.0138    0.3071   -0.0236   -0.1907   -0.0761   -0.2018   -0.0725   -0.5134    0.0984
    36 C3     2pz        0.0218    0.0942   -0.0545   -0.0324   -0.0375    0.0833    0.0728    0.2336    0.1731    0.0230
    37 C3     3pz        0.0773    0.2592    0.0813   -0.4099   -0.2029    0.4683   -0.0246    0.5919    0.4036   -0.0781
    38 C3     3d2-       0.0106    0.0403   -0.0202   -0.0724    0.0929    0.0628   -0.0747   -0.1141    0.0002   -0.0163
    39 C3     3d1-       0.0728   -0.0323   -0.0276    0.0805   -0.0036   -0.0184   -0.0655   -0.0164    0.0302    0.0513
    40 C3     3d0        0.1364   -0.0887    0.1455    0.0331    0.0942    0.0174    0.0558   -0.0183   -0.0300    0.0459
    41 C3     3d1+      -0.0814   -0.0971    0.0518    0.0451   -0.0150   -0.0586   -0.0021    0.0176   -0.0451    0.0002
    42 C3     3d2+      -0.0088    0.0975   -0.0548   -0.0175    0.0353    0.0285   -0.0051    0.0007    0.0840   -0.0323
    43 C4     1s        -0.0846   -0.0004    0.0643   -0.0106   -0.0350   -0.0216   -0.0363   -0.0030   -0.0165    0.0148
    44 C4     2s        -0.3543   -0.1560    0.1135   -0.1113   -0.1518    0.0022   -0.1560    0.0421   -0.1142    0.0668
    45 C4     3s        -0.0707    0.0567    0.0563    0.0105    0.0197   -0.1215   -0.0099   -0.0041    0.0942    0.0298
    46 C4     2px       -0.0637   -0.0533   -0.1110   -0.0091   -0.0333   -0.3360    0.2631    0.5685    0.0182    0.1089
    47 C4     3px       -0.4149    0.0065   -0.2716    0.0064   -0.1956   -0.3334    0.2249    0.5370    0.0880    0.1058
    48 C4     2py       -0.2334   -0.2668   -0.0770   -0.0750   -0.0903    0.3425   -0.2445    0.1115   -0.5107    0.1352
    49 C4     3py       -0.0983    0.0033   -0.0255    0.0036   -0.0809    0.4178   -0.3435    0.0949   -0.7843    0.1383
    50 C4     2pz        0.0687    0.1568    0.1653   -0.0555    0.0706   -0.0524    0.1551   -0.0837    0.0759   -0.3256
    51 C4     3pz       -0.0302    0.2994    0.2263    0.2616   -0.0275   -0.0003    0.2440   -0.0444   -0.1685   -0.7128
    52 C4     3d2-      -0.0061    0.0079    0.0069    0.0199   -0.0170    0.0096    0.0400    0.0021   -0.0291   -0.0365
    53 C4     3d1-       0.0295   -0.1070   -0.0042   -0.0324    0.0082    0.0328   -0.0452    0.0092   -0.0783    0.0783
    54 C4     3d0        0.0790    0.0248   -0.1269    0.0246   -0.0312    0.0442   -0.0078   -0.0063   -0.0337    0.0646
    55 C4     3d1+      -0.0354    0.0426   -0.0627    0.0135   -0.0594    0.0395   -0.0380   -0.0118    0.0457   -0.0399
    56 C4     3d2+      -0.0586   -0.0213    0.0348    0.0381   -0.0738    0.0639   -0.0841    0.0089   -0.2027    0.0153
    57 C5     1s         0.0713    0.0203    0.0731    0.0216   -0.0374   -0.0138    0.0246   -0.0534   -0.0748    0.0388
    58 C5     2s         0.2594    0.0946    0.3228    0.0640   -0.2037   -0.0897    0.0233   -0.2789   -0.2623    0.2949
    59 C5     3s         0.1155    0.1067   -0.0472    0.0519   -0.0209   -0.0194    0.0975    0.0784    0.0034    0.0180
    60 C5     2px       -0.1783   -0.3595   -0.1653    0.0202    0.0187    0.0342    0.2550    0.4706   -0.0493    0.0839
    61 C5     3px       -0.2217   -0.1604    0.2535    0.2531   -0.1307   -0.0864    0.3769    0.4363    0.0163    0.3950
    62 C5     2py        0.0194   -0.0383   -0.1385    0.0596   -0.2139   -0.1790   -0.1491   -0.1807   -0.4786    0.4650
    63 C5     3py       -0.1138    0.2436    0.0923    0.1680   -0.1608   -0.1959   -0.1993   -0.2886   -0.4565    0.4107
    64 C5     2pz        0.2618    0.1559    0.0808   -0.0158   -0.0305    0.0519   -0.0601   -0.4269    0.2252    0.5101
    65 C5     3pz        0.2120   -0.0364    0.0460    0.2267   -0.2952    0.3359    0.0707   -0.5210    0.4588    0.9184
    66 C5     3d2-      -0.0023   -0.0290    0.0292   -0.0782   -0.0229    0.0575   -0.1019   -0.1374   -0.0044   -0.0047
    67 C5     3d1-       0.0075    0.0174   -0.0110   -0.0539    0.0174   -0.0085    0.0174    0.0357   -0.0170    0.0222
    68 C5     3d0       -0.1052   -0.0136   -0.0127   -0.0390   -0.0135    0.0221   -0.0912    0.0352    0.0455   -0.0459
    69 C5     3d1+      -0.0403    0.0226   -0.1441   -0.0092   -0.0254   -0.0164   -0.0386    0.0100    0.0865    0.1284
    70 C5     3d2+       0.0245    0.0169   -0.0650    0.0790    0.0424   -0.0258    0.0339    0.0053    0.0823    0.0342
    71 C6     1s        -0.0126   -0.1185   -0.0241    0.0064    0.0109    0.0628    0.0035   -0.0102    0.0331   -0.0784
    72 C6     2s        -0.1195   -0.4828   -0.0881    0.0493    0.0583    0.2828    0.0421   -0.1338    0.1836   -0.4368
    73 C6     3s        -0.0079   -0.0730   -0.1449    0.0131   -0.0786   -0.0277   -0.0372    0.1134   -0.1085    0.0139
    74 C6     2px        0.3422    0.4123    0.2309    0.0346    0.3053   -0.3824   -0.4443    0.7481   -0.2009    0.4873
    75 C6     3px        0.1008    0.0600    0.1825    0.2708    0.3730   -0.4142   -0.7246    0.9113   -0.1967    0.4087
    76 C6     2py       -0.0286   -0.1236    0.0272   -0.0851   -0.0803   -0.0656   -0.0077    0.0552   -0.7811    0.4047
    77 C6     3py        0.1990   -0.0328    0.1116   -0.1349   -0.1873   -0.0737    0.1338    0.1172   -0.9005    0.2420
    78 C6     2pz       -0.0208   -0.2907   -0.1630   -0.0617   -0.1302    0.0442   -0.1964   -0.4803    0.2212   -0.5303
    79 C6     3pz        0.2116   -0.2355   -0.1668    0.2237   -0.0682   -0.3541   -0.5618   -0.6369    0.2489   -0.7988
    80 C6     3d2-       0.0172    0.0177   -0.0517    0.0689   -0.0021   -0.0300   -0.0520    0.2103   -0.0909    0.0611
    81 C6     3d1-      -0.0261   -0.0165    0.0230    0.0598   -0.0121   -0.0075    0.0397   -0.0631    0.0469   -0.0491
    82 C6     3d0       -0.0645    0.0903    0.0570   -0.0040    0.0059   -0.0498    0.0814   -0.0645   -0.0026    0.0429
    83 C6     3d1+       0.0200    0.1267   -0.0718    0.0123   -0.0623   -0.0717   -0.0586   -0.0215    0.0400   -0.0153
    84 C6     3d2+       0.0080    0.0302   -0.0287    0.0729   -0.0570   -0.0042   -0.0602    0.0314   -0.0726    0.0076
    85 H7     1s         0.0898    0.6878   -0.0235    0.4693    2.5885    0.6180   -0.7663    0.6162   -0.0073    0.6437
    86 H7     2s         0.0814    0.2411   -0.0223    0.1644    0.7422    0.1471   -0.1441    0.1532   -0.0741    0.1073
    87 H7     2px        0.0251    0.0213    0.0267    0.0066   -0.0216   -0.0053    0.0398    0.0210   -0.0090   -0.0224
    88 H7     2py       -0.0249   -0.0584    0.0159   -0.0140   -0.1555   -0.0373    0.0263   -0.0336    0.0122   -0.0414
    89 H7     2pz       -0.0333    0.0087   -0.0501    0.0330   -0.0656    0.0483    0.0408   -0.0137    0.0044    0.0160
    90 H8     1s        -0.2663   -0.4534   -0.2267   -0.0706   -0.3234   -0.7131    0.6398    0.9109    1.0122   -0.6068
    91 H8     2s        -0.2209   -0.2722    0.1171   -0.0171   -0.2020   -0.3894    0.0682    0.2871    0.3392   -0.2029
    92 H8     2px        0.0228   -0.0857    0.0655   -0.0092   -0.0417   -0.0976    0.0233    0.1251    0.1302   -0.0862
    93 H8     2py        0.0627    0.0221   -0.0384   -0.0056   -0.0003    0.0863   -0.0150   -0.0695   -0.0688    0.0177
    94 H8     2pz       -0.0123    0.0427   -0.0311   -0.0606   -0.0204   -0.0845    0.0258   -0.0036    0.0041    0.0041
    95 H9     1s         0.2433    0.3259    0.1999   -0.0123   -0.4155   -0.4156    0.6689    0.5939   -0.3420    0.0809
    96 H9     2s         0.1186    0.0549    0.1943    0.0481   -0.0509   -0.0610    0.2860    0.1849   -0.0309    0.1176
    97 H9     2px        0.0662   -0.0552    0.0597   -0.0039   -0.0089   -0.0576    0.0989    0.0633   -0.0250    0.0678
    98 H9     2py       -0.0016    0.0131    0.0327    0.0134    0.0068    0.0143    0.0364    0.0539   -0.0382    0.0152
    99 H9     2pz       -0.0093    0.0318   -0.0435   -0.0481    0.0020    0.0520    0.0262    0.0414    0.0359   -0.0377
   100 H10    1s        -0.4261   -0.1845    0.2370    0.0893   -0.4395    0.6428   -0.7382    0.0671   -1.5891    0.5635
   101 H10    2s        -0.0500   -0.1484   -0.0983    0.0241   -0.1785    0.3616   -0.2176    0.0599   -0.5699    0.1529
   102 H10    2px       -0.0039   -0.0344   -0.0146   -0.0069    0.0109   -0.0349   -0.0190    0.0326    0.0324    0.0265
   103 H10    2py        0.0276   -0.0310   -0.0715   -0.0181   -0.0318    0.1527   -0.0872    0.0261   -0.2184    0.0434
   104 H10    2pz       -0.0211    0.0419   -0.0239    0.0366    0.0079   -0.0545    0.0396   -0.0357    0.0252   -0.0841
   105 H11    1s         0.4210    0.3793    0.0920   -0.1251   -0.3260    0.0583   -0.7861   -1.1623   -0.1906    0.3013
   106 H11    2s        -0.0977   -0.0137    0.0196   -0.1790   -0.0900    0.0507   -0.4579   -0.2537    0.1119    0.1532
   107 H11    2px        0.0461    0.0085    0.0041    0.0860    0.0383   -0.0471    0.1235    0.0930    0.0067    0.0391
   108 H11    2py       -0.0131   -0.0201   -0.0181   -0.0020    0.0290    0.0058   -0.1307   -0.0683   -0.0026    0.0601
   109 H11    2pz       -0.0089    0.0017   -0.0658   -0.0033    0.0174   -0.0035    0.0195   -0.0481    0.0618    0.1227
   110 H12    1s        -0.2690   -0.5410   -0.3546   -0.1471   -0.3394    0.4217    0.6686   -1.7527    1.3334   -1.1329
   111 H12    2s        -0.1187    0.0378    0.0997   -0.1080   -0.0904   -0.0534    0.2969   -0.6635    0.4405   -0.2782
   112 H12    2px        0.0096   -0.0386   -0.0128    0.0634   -0.0178   -0.0068   -0.1281    0.2154   -0.1331    0.0732
   113 H12    2py        0.0261   -0.0341   -0.0570   -0.0069    0.0181   -0.0134   -0.0347    0.1429   -0.1099    0.0419
   114 H12    2pz        0.0036    0.0434   -0.0162    0.0005   -0.0558   -0.0201   -0.0476   -0.0528    0.0465   -0.1271
   115 B13    1s         0.0275   -0.0353    0.0451   -0.0634   -0.0593   -0.0719    0.0246    0.0706    0.0048    0.0169
   116 B13    2s         0.1467   -0.0818    0.1202   -0.2103   -0.3606   -0.4289    0.1982    0.5229   -0.0391    0.0484
   117 B13    3s         0.1674   -0.0489   -0.1138   -0.1157   -0.2429   -0.2740    0.2879    0.4921   -0.0807   -0.0414
   118 B13    2px       -0.0407   -0.1278    0.1960   -0.3210    0.3191    0.4122    0.3478    0.1321   -0.5355   -0.3304
   119 B13    3px       -0.3544    0.0805    0.2369   -0.2970    0.1911    0.3006    0.2680    0.1285   -0.4679   -0.2717
   120 B13    2py        0.0678    0.0651    0.2286   -0.1390   -0.5755    0.0970   -0.1997    0.0684   -0.0504    0.4237
   121 B13    3py        0.1223    0.3326    0.4597   -0.0413   -0.6649    0.0651   -0.1039    0.0126   -0.1441    0.3261
   122 B13    2pz        0.1195   -0.0435    0.0340   -0.1865    0.0293   -0.0561   -0.4268   -0.3338    0.3421    0.3220
   123 B13    3pz        0.0753   -0.0230   -0.0589    0.0236   -0.1338   -0.0762   -0.3187   -0.3163    0.3062    0.2263
   124 B13    3d2-       0.0676    0.0232   -0.0362    0.0084    0.1223   -0.1849   -0.0609   -0.0312   -0.0702    0.2081
   125 B13    3d1-      -0.0438   -0.1161   -0.0781   -0.0294    0.0143    0.1543   -0.0114    0.0722    0.1651   -0.1373
   126 B13    3d0       -0.0882    0.0300    0.1334   -0.1281    0.1366   -0.0213   -0.0160    0.0546    0.0087    0.0203
   127 B13    3d1+       0.1831   -0.1870    0.1666   -0.1732    0.0819    0.0163    0.0414   -0.0768    0.0609   -0.0573
   128 B13    3d2+       0.0908   -0.0972    0.1821   -0.1190    0.1034   -0.0457    0.0479    0.1844   -0.0290    0.0064


      Orbital                61        62        63        64        65        66        67        68        69        70
      Energy            -0.3337   -0.3115   -0.2938   -0.2799   -0.2677   -0.2281   -0.2214   -0.1657   -0.1481   -0.0457
      Occ. No.           0.0000    0.0000    0.0000    0.0000    0.0000    0.0000    0.0000    0.0000    0.0000    0.0000

     1 C1     1s         0.0002   -0.0835    0.0393   -0.0039    0.0008    0.0226    0.0419    0.0391    0.0416   -0.0102
     2 C1     2s        -0.0531   -0.4224    0.1949    0.0447   -0.0030    0.1100    0.2513    0.1227    0.1913    0.0249
     3 C1     3s         0.0794   -0.2059    0.0416   -0.0234    0.2046    0.0639    0.1078   -0.0468   -0.1761   -0.1467
     4 C1     2px       -0.0079    0.2433   -0.2289   -0.1455   -0.2961   -0.2672    0.0146    0.0469   -0.3392    0.2408
     5 C1     3px       -0.0377    0.2926   -0.3554   -0.1430   -0.1482   -0.3878   -0.0996   -0.0422   -0.6894    0.3260
     6 C1     2py        0.0341   -0.0294   -0.2132    0.2543    0.1997    0.3039   -0.1570   -0.2684   -0.5587   -0.4603
     7 C1     3py       -0.0236   -0.1424   -0.1246    0.3253    0.1441    0.3694   -0.0341   -0.2412   -0.3252   -0.3417
     8 C1     2pz       -0.1348    0.1064   -0.1440   -0.2545   -0.1790    0.0514   -0.0123   -0.7964    0.1309    0.0515
     9 C1     3pz       -0.3616    0.1161   -0.1196   -0.1568   -0.1373    0.0811   -0.0840   -1.0325    0.1096    0.1078
    10 C1     3d2-       0.1117    0.0082    0.0148   -0.0508    0.0117    0.0508    0.0191   -0.0375    0.0062   -0.0147
    11 C1     3d1-      -0.0538   -0.0229   -0.0015   -0.0649   -0.0307   -0.1330    0.0682   -0.0712    0.0030    0.1255
    12 C1     3d0        0.0737   -0.1820   -0.0499   -0.2141   -0.0055   -0.1590    0.0322   -0.0930   -0.0523   -0.0890
    13 C1     3d1+      -0.0172   -0.0381   -0.0112    0.0120    0.0327   -0.1663   -0.0041    0.0009    0.1325    0.0251
    14 C1     3d2+      -0.0286   -0.0104    0.0167    0.0542    0.0312    0.0080    0.0261   -0.0363    0.0491   -0.0147
    15 C2     1s        -0.0016   -0.0349   -0.0691   -0.0004    0.0560    0.0386    0.0004   -0.0079   -0.0641    0.0776
    16 C2     2s        -0.0083   -0.1849   -0.2639    0.0243    0.3088    0.1812    0.0229   -0.0592   -0.3950    0.4537
    17 C2     3s         0.0314   -0.0975    0.0260    0.1684    0.3503   -0.0654    0.0724   -0.1943   -0.3176    0.4430
    18 C2     2px       -0.2028    0.0823   -0.7454   -0.1915   -0.2944    0.1073   -0.2889   -0.3413   -0.3334   -0.2685
    19 C2     3px       -0.4488    0.2336   -0.7980   -0.1103   -0.4995    0.0235   -0.2422   -0.4793   -0.3765   -0.1362
    20 C2     2py        0.2698    0.2706    0.6683   -0.0676   -0.0467   -0.3896    0.2820   -0.2693    0.0713    0.4943
    21 C2     3py        0.2213    0.2804    0.9145    0.0735    0.0184   -0.3215    0.2448   -0.2338    0.0416    0.6234
    22 C2     2pz        0.0160    0.0327   -0.4343   -0.1170   -0.0920    0.0137   -0.1107    0.1504   -0.2361   -0.1105
    23 C2     3pz        0.0125    0.0078   -0.5250   -0.0669   -0.0232   -0.0391   -0.4119    0.2596   -0.2489   -0.0827
    24 C2     3d2-      -0.0750   -0.0242   -0.0709   -0.0329   -0.0380   -0.0720   -0.1494   -0.0036    0.0587    0.0656
    25 C2     3d1-      -0.0722    0.1542   -0.0826    0.0276   -0.0914    0.1609    0.3166   -0.0302   -0.1177   -0.0329
    26 C2     3d0       -0.0159   -0.0110    0.0690    0.0605    0.0332    0.0726   -0.0859   -0.0752   -0.1437    0.0825
    27 C2     3d1+       0.0102    0.0752    0.0732    0.0760    0.0513    0.1421   -0.0705   -0.0252    0.0233   -0.1208
    28 C2     3d2+       0.0332    0.0087    0.0716   -0.0291   -0.0166   -0.0789    0.0494   -0.0302   -0.0247   -0.0169
    29 C3     1s        -0.0167    0.0049    0.0876    0.0256    0.0143   -0.0302    0.0367   -0.0209   -0.0613    0.0907
    30 C3     2s        -0.0843   -0.0250    0.3713    0.1362    0.1202   -0.1324    0.1934   -0.1193   -0.3697    0.4891
    31 C3     3s        -0.1228   -0.1566    0.0075    0.2874    0.2713    0.0153    0.0270    0.0466   -0.3589    0.4309
    32 C3     2px        0.0119    0.4252    0.8528   -0.3733   -0.1055   -0.2476    0.0308    0.2757   -0.3306   -0.3332
    33 C3     3px        0.1905    0.6930    0.8401   -0.5234   -0.0876   -0.1684    0.0041    0.4177   -0.4249   -0.2268
    34 C3     2py        0.2183    0.2876    0.6964   -0.1154   -0.0313   -0.4632    0.1488   -0.2735   -0.1009   -0.1388
    35 C3     3py        0.2330    0.3508    0.9364   -0.1330   -0.1624   -0.3712    0.0955   -0.2322   -0.0995   -0.2377
    36 C3     2pz        0.0100    0.2282    0.4403   -0.0822   -0.0895   -0.0615   -0.0096   -0.2052   -0.1278   -0.1678
    37 C3     3pz        0.0338    0.2340    0.5574   -0.0611   -0.0067   -0.3075   -0.2005   -0.3184   -0.0974   -0.1598
    38 C3     3d2-      -0.0818   -0.0642   -0.1227    0.0942   -0.0007    0.0917    0.1335   -0.0275   -0.0543   -0.0496
    39 C3     3d1-      -0.0287   -0.1899   -0.0013    0.0110    0.0576   -0.1831   -0.2994    0.0071    0.1179    0.0330
    40 C3     3d0       -0.0028   -0.0412   -0.0735    0.0099    0.0479   -0.1230    0.0326    0.0248   -0.1624    0.0688
    41 C3     3d1+      -0.0066    0.0304   -0.1033    0.0441    0.0281   -0.1569    0.0999    0.0310    0.0134   -0.1350
    42 C3     3d2+      -0.0357   -0.0481   -0.0513   -0.0086    0.0089    0.0970   -0.0410    0.0235   -0.0124   -0.0461
    43 C4     1s         0.0678   -0.0806   -0.0181   -0.0220    0.0070    0.0428    0.0223   -0.0429    0.0619   -0.0105
    44 C4     2s         0.3929   -0.3729   -0.1196   -0.0936    0.0565    0.2511    0.1221   -0.1624    0.2599    0.0336
    45 C4     3s        -0.0348   -0.2488    0.0966    0.0618    0.1426    0.0615    0.1098   -0.0740   -0.1489   -0.1371
    46 C4     2px        0.2588    0.3472    0.1660   -0.1871   -0.2095    0.1968   -0.1990   -0.1390   -0.1353   -0.0713
    47 C4     3px        0.3054    0.4216    0.2824   -0.0714   -0.1341    0.1467   -0.3606   -0.1828   -0.4899   -0.0424
    48 C4     2py        0.5662   -0.1636   -0.5951    0.2730   -0.7127    0.3927   -0.4131   -0.0686    0.4416    0.5337
    49 C4     3py        0.4392   -0.0100   -0.6344    0.4287   -0.9365    0.2375   -0.5494   -0.0697    0.1558    0.4115
    50 C4     2pz       -0.3716    0.0657    0.2729   -0.2393   -0.1175    0.0367    0.0698    0.8209   -0.1306    0.0531
    51 C4     3pz       -0.6114    0.1245    0.3357   -0.2330   -0.0214   -0.2196    0.1830    1.1849   -0.2745    0.0782
    52 C4     3d2-       0.1158    0.0155    0.0093   -0.0143    0.0413    0.0043   -0.0464   -0.0290    0.0180    0.0157
    53 C4     3d1-      -0.0047    0.0390   -0.0657    0.0528   -0.0270   -0.1265    0.0663   -0.0626    0.0084   -0.1259
    54 C4     3d0       -0.0607   -0.1547    0.1047    0.0016   -0.1490    0.1427   -0.1638    0.0737   -0.1064   -0.0696
    55 C4     3d1+       0.0076   -0.0193    0.0388    0.0264    0.0538    0.0705   -0.1351    0.0505    0.1183    0.0383
    56 C4     3d2+       0.0938    0.0254   -0.1012    0.0902   -0.0659    0.0041   -0.0181    0.0509    0.0002   -0.0112
    57 C5     1s        -0.0846   -0.0468    0.0054   -0.0135    0.0257    0.0353    0.0442   -0.0162    0.0479   -0.0693
    58 C5     2s        -0.5052   -0.1763    0.0937    0.0381    0.1041    0.1295    0.2249   -0.0931    0.1564   -0.3226
    59 C5     3s         0.0504   -0.0773   -0.0197    0.1726    0.1021    0.2149    0.2074    0.0941   -0.0216    0.0875
    60 C5     2px        0.9429   -0.1765   -0.2176    0.3243   -0.2800   -0.2288    0.1983   -0.4451   -0.2631    0.3174
    61 C5     3px        1.0469   -0.3861   -0.2005    0.3823   -0.3403   -0.2462    0.2586   -0.5414   -0.3423    0.1779
    62 C5     2py       -0.4696    0.4942   -0.1557   -0.4368    0.4249    0.2118   -0.2922   -0.6971    0.3176   -0.4254
    63 C5     3py       -0.2751    0.5967   -0.3436   -0.6572    0.6235    0.3702   -0.4991   -0.7136    0.2393   -0.3478
    64 C5     2pz       -0.6370    0.2791    0.1078    0.0668    0.0351   -0.0082   -0.1682    0.1909    0.0718   -0.3074
    65 C5     3pz       -0.5654    0.3230   -0.0579   -0.1964    0.0291    0.0497    0.0171    0.3767   -0.0239    0.0927
    66 C5     3d2-      -0.1353   -0.0477    0.0073   -0.1953   -0.0369    0.0168    0.0492    0.0183   -0.0688   -0.0389
    67 C5     3d1-       0.0413   -0.2400    0.0666   -0.1694   -0.1575    0.0590    0.0060   -0.0636   -0.1027   -0.0214
    68 C5     3d0        0.0077    0.0626   -0.0259    0.0457    0.0955   -0.0932    0.0034    0.0712    0.1471    0.1169
    69 C5     3d1+      -0.0209    0.0513    0.0320    0.0392   -0.0255    0.1457   -0.0698    0.0071    0.0223   -0.0212
    70 C5     3d2+       0.0138   -0.0532    0.0722    0.0945   -0.0818    0.0084    0.0110    0.0781   -0.0511   -0.0306
    71 C6     1s         0.0470   -0.0731    0.0169    0.0186    0.0044    0.0258    0.0524    0.0258    0.0308   -0.0624
    72 C6     2s         0.3687   -0.2875   -0.0062    0.0445    0.1358    0.1682    0.2254    0.0787    0.0956   -0.2978
    73 C6     3s         0.0040   -0.0261    0.0054    0.1011    0.1309    0.0646    0.3017   -0.1593    0.0432    0.0063
    74 C6     2px       -0.4041    0.0544    0.0837   -0.0839    0.2366    0.3406   -0.0396    0.2530   -0.3522    0.3532
    75 C6     3px       -0.3313   -0.0619    0.1046   -0.1863    0.3409    0.4617   -0.0487    0.2791   -0.4606    0.2305
    76 C6     2py       -0.5116    0.0457   -0.0887   -0.5133    0.3595    0.3729   -0.0196   -0.7487    0.1642    0.1473
    77 C6     3py       -0.4023   -0.0083   -0.2377   -0.6830    0.5640    0.6195   -0.0188   -0.7131    0.2524    0.1601
    78 C6     2pz        0.5670    0.1502   -0.1582   -0.0630    0.0529   -0.1351   -0.1137   -0.1532    0.1626   -0.2981
    79 C6     3pz        0.5441    0.1658    0.0233   -0.0559   -0.1741    0.0005   -0.0075   -0.3740    0.1432    0.0534
    80 C6     3d2-      -0.0316    0.1100   -0.0622    0.0815    0.1270   -0.0589   -0.0236    0.0355    0.0580    0.0558
    81 C6     3d1-       0.0073    0.2287   -0.0360    0.2151    0.1317   -0.0550   -0.0108   -0.0165    0.1226    0.0186
    82 C6     3d0       -0.0063    0.0614    0.0038    0.1164    0.0517    0.0187   -0.0701   -0.0154    0.1676    0.1109
    83 C6     3d1+       0.1203    0.0304   -0.0607   -0.0398   -0.0005   -0.1000    0.0779   -0.0313    0.0475   -0.0637
    84 C6     3d2+       0.0222    0.0129   -0.0682   -0.1169    0.0832    0.0253    0.0079   -0.0947   -0.0001   -0.0569
    85 H7     1s         0.2167    0.0896    0.2591   -0.4929   -0.0420   -0.6390    0.1370    0.4381    0.6075    0.3648
    86 H7     2s         0.0184    0.0619    0.0741   -0.1029    0.0754   -0.0862    0.0523   -0.0913    0.0312    0.0982
    87 H7     2px        0.0625    0.0123   -0.0957   -0.1115    0.0321    0.0711   -0.0153   -0.0731   -0.0922    0.1539
    88 H7     2py        0.0213   -0.0196   -0.0039    0.0477    0.0661    0.1042   -0.0046   -0.0116   -0.0323   -0.1371
    89 H7     2pz       -0.0818   -0.1237    0.0075   -0.1105   -0.0890   -0.2214    0.0390   -0.1994   -0.0066    0.0943
    90 H8     1s        -0.8174    0.0084   -2.0580   -0.3378   -0.8074    0.3391   -0.6869   -0.0371   -0.4446   -0.7210
    91 H8     2s        -0.3335   -0.0509   -0.6040   -0.0126   -0.3274    0.0997   -0.1038    0.0158   -0.0250   -0.0458
    92 H8     2px       -0.0893    0.0035   -0.1491   -0.0034   -0.1001    0.0375   -0.1933   -0.0186    0.0097    0.0374
    93 H8     2py        0.0961    0.0132    0.1512    0.0098    0.0888   -0.0375    0.0282    0.0297   -0.0265    0.2127
    94 H8     2pz       -0.0350    0.0497   -0.1730   -0.0680   -0.1139   -0.0463    0.2529    0.1323   -0.0482   -0.0725
    95 H9     1s         0.5226    1.3278    2.2072   -1.0013   -0.3622   -0.6567    0.0182    0.0071   -0.4187   -0.5268
    96 H9     2s         0.2933    0.4094    0.6761   -0.4167    0.0057   -0.0975    0.0745   -0.0151    0.0185   -0.0460
    97 H9     2px        0.0851    0.1309    0.1738   -0.1469   -0.0019   -0.1709   -0.0496    0.0257    0.0094    0.0214
    98 H9     2py        0.1031    0.1002    0.1548   -0.0946   -0.0324   -0.0293    0.0170    0.0425    0.0088   -0.1809
    99 H9     2pz        0.0273    0.1293    0.1411   -0.0430   -0.0847    0.2588    0.0766   -0.1339    0.0138   -0.0691
   100 H10    1s         0.9393   -0.1344   -1.1750    0.9227   -1.5279    0.4981   -0.9490   -0.1799    0.3721    0.4538
   101 H10    2s         0.2782    0.0040   -0.4054    0.3854   -0.4867    0.0764   -0.1905    0.1001   -0.1114    0.0884
   102 H10    2px       -0.0511    0.0021    0.0941    0.0296   -0.0888   -0.0420    0.0491    0.0304   -0.1013    0.0893
   103 H10    2py        0.1221    0.0378   -0.1497    0.0879   -0.2279    0.0596   -0.1524    0.0035   -0.0281    0.1388
   104 H10    2pz       -0.0107   -0.0955    0.0973   -0.1304    0.0252    0.1483   -0.1444    0.1574   -0.0519    0.1035
   105 H11    1s        -1.9563    1.0716   -0.0334   -1.3308    0.9728    0.4431   -0.6008    0.1884    0.6694   -0.5585
   106 H11    2s        -0.6136    0.3794    0.0302   -0.4937    0.3505    0.0263   -0.0890    0.0589   -0.0440    0.0403
   107 H11    2px        0.1654   -0.1276    0.0046    0.2128   -0.1060    0.0043    0.0691   -0.0181   -0.0694   -0.0732
   108 H11    2py       -0.1360    0.0697   -0.0174   -0.1104    0.0614   -0.0053   -0.0679   -0.0237   -0.0942   -0.0786
   109 H11    2pz       -0.1100    0.1686    0.0134    0.0964    0.0506    0.0767   -0.0885    0.0040    0.0110    0.0055
   110 H12    1s         1.0777    0.0177    0.1488    0.7587   -1.0497   -0.8744   -0.0458    0.1459    0.4354   -0.4285
   111 H12    2s         0.4309    0.0191    0.0182    0.2486   -0.3415   -0.1392   -0.0765   -0.0952   -0.0768    0.0516
   112 H12    2px       -0.0464   -0.0038   -0.0311   -0.0825    0.1644    0.0798    0.0560   -0.0241   -0.0438   -0.1041
   113 H12    2py       -0.1324    0.0105   -0.0158   -0.0404    0.0726    0.0471    0.0516    0.0122    0.1153    0.0821
   114 H12    2pz        0.1231    0.1355   -0.0783    0.0466    0.0536   -0.1361    0.0335   -0.0197    0.0355   -0.0453
   115 B13    1s        -0.0022   -0.1961    0.0644    0.0965    0.2204    0.0459    0.1382   -0.0249   -0.0368   -0.0370
   116 B13    2s        -0.0612   -1.0545    0.3703    0.6172    1.2945    0.2053    0.7990   -0.1123   -0.2611    0.0598
   117 B13    3s        -0.0460   -0.5741    0.2202    0.4035    0.7765    0.1206    0.4299   -0.0264    0.0713    0.2753
   118 B13    2px       -0.2079   -0.2788    0.0032   -0.1897   -0.3595   -0.0189   -0.1266    0.1135    0.2575    0.0826
   119 B13    3px       -0.2135   -0.4199    0.0630   -0.1280   -0.1892   -0.0427   -0.0646    0.1016    0.1365    0.0798
   120 B13    2py       -0.3163    0.0433    0.3545    0.3804   -0.2712    0.3783   -0.2251    1.3966   -0.2757   -0.0774
   121 B13    3py       -0.4051    0.0496    0.2831    0.4080   -0.2957    0.3448   -0.2216    1.1926   -0.2532   -0.0684
   122 B13    2pz        0.2692    0.3778   -0.1648   -0.1216   -0.3460    0.0058   -0.2474    0.0467    0.3989   -0.4760
   123 B13    3pz        0.1738    0.2316   -0.0956   -0.0833   -0.1732    0.0591   -0.0601   -0.0169    0.0737   -0.5576
   124 B13    3d2-      -0.3772    0.0147    0.2566    0.1731   -0.1786   -0.1555    0.0821   -0.3305    0.0587   -0.0351
   125 B13    3d1-       0.2615   -0.0402   -0.1642   -0.1240    0.1187   -0.0375    0.0420    0.1731   -0.0219    0.0647
   126 B13    3d0        0.0279    0.0788   -0.0114   -0.0621   -0.0519    0.0314    0.0701   -0.0928   -0.2663    0.7213
   127 B13    3d1+      -0.0331    0.1879   -0.0173    0.0825    0.1767   -0.1466   -0.1856   -0.1098   -0.4441   -0.3330
   128 B13    3d2+       0.0094    0.0892   -0.0173   -0.1505   -0.2513    0.0535    0.1099    0.0815    0.4454    0.2444


      Orbital                71        72        73        74        75        76        77        78
      Energy            -0.0244   -0.0028    0.0128    0.0171    0.0412    0.0687    0.0762    0.1050
      Occ. No.           0.0000    0.0000    0.0000    0.0000    0.0000    0.0000    0.0000    0.0000

     1 C1     1s         0.0076   -0.0603    0.0696    0.0307   -0.1015    0.0592   -0.0854    0.0646
     2 C1     2s         0.0289   -0.2498    0.3068    0.2207   -0.3959    0.2963   -0.4480    0.2628
     3 C1     3s         0.0579    0.1289   -0.1468    0.2551    0.0161    0.2515   -0.3161    0.0111
     4 C1     2px        1.1980   -0.1397    0.4758    0.3685    0.0217    0.4249    0.2340    0.0978
     5 C1     3px        1.3896   -0.3635    0.4084    0.3018   -0.0349    0.2602    0.0236    0.1813
     6 C1     2py        0.5618    0.7255   -0.7806   -0.3991    0.2320    1.3908   -0.2694   -0.2984
     7 C1     3py        0.5192    0.5049   -0.5243   -0.4542    0.0815    1.3071   -0.2405   -0.2175
     8 C1     2pz        0.2775    0.1583    0.0230   -0.0735   -0.1147    0.2384    0.1479   -0.0971
     9 C1     3pz        0.2584    0.1880    0.0517   -0.0947   -0.1153    0.1615    0.0994   -0.0607
    10 C1     3d2-      -0.0056   -0.0337    0.0521    0.1470   -0.0622   -0.0434   -0.0234   -0.1254
    11 C1     3d1-      -0.0045    0.0878   -0.0653    0.0100    0.0609   -0.0464    0.0676    0.0267
    12 C1     3d0       -0.0060   -0.0135    0.0599    0.0391   -0.0618    0.1371   -0.0248    0.0330
    13 C1     3d1+       0.0299    0.0675   -0.1751   -0.1582    0.0256    0.0052   -0.0720   -0.0731
    14 C1     3d2+       0.0220   -0.0550    0.0224   -0.0124   -0.0807    0.1060   -0.1200    0.0035
    15 C2     1s        -0.0306   -0.0443   -0.0680   -0.0143   -0.1274    0.0978   -0.0169   -0.0333
    16 C2     2s        -0.0639   -0.2652   -0.3075   -0.0511   -0.6255    0.3817   -0.1446   -0.1086
    17 C2     3s         0.0139   -0.3720   -0.0143    0.0968   -0.2508   -0.2260   -0.3721    0.0561
    18 C2     2px        0.3639   -0.0331    0.4438    0.0254    0.4489    1.1453    1.0954    0.2196
    19 C2     3px        0.4147   -0.1789    0.4695   -0.0075    0.5868    0.8750    1.0157    0.3168
    20 C2     2py        1.2520   -0.0306    0.3842    0.6103   -0.2381   -0.7006   -0.4050   -0.1112
    21 C2     3py        1.3698   -0.0370    0.2987    0.4641   -0.2797   -0.3190   -0.0106   -0.2038
    22 C2     2pz        0.1098   -0.0640    0.4497    0.0310    0.2436    0.3700    0.4105   -0.0961
    23 C2     3pz        0.1072   -0.0797    0.6095    0.0908    0.2351    0.2898    0.3647   -0.1307
    24 C2     3d2-       0.0616    0.0104   -0.0447   -0.0015   -0.1317   -0.0099   -0.1535   -0.0436
    25 C2     3d1-       0.0109   -0.0618    0.0433   -0.0547   -0.0310   -0.0137   -0.0429   -0.1258
    26 C2     3d0       -0.0609   -0.1745    0.3144   -0.0695   -0.0765   -0.1551   -0.0881    0.0069
    27 C2     3d1+       0.0180    0.1719    0.1147    0.0187    0.0903    0.0753    0.0440   -0.2846
    28 C2     3d2+       0.1493    0.0078   -0.0328   -0.0229    0.0756    0.0699   -0.0053    0.1331
    29 C3     1s         0.0306   -0.0793    0.0300    0.0650   -0.1294   -0.0520    0.0371   -0.0249
    30 C3     2s         0.0550   -0.4207    0.0802    0.2941   -0.6187   -0.1530    0.2533   -0.1077
    31 C3     3s        -0.0494   -0.2522   -0.1824   -0.0496   -0.1935    0.3317    0.4311   -0.0562
    32 C3     2px       -0.3987   -0.1763    0.0364   -0.5966   -0.2613   -0.9750   -1.0540    0.4903
    33 C3     3px       -0.4747   -0.2588   -0.0601   -0.6804   -0.0493   -0.7448   -0.9802    0.5440
    34 C3     2py        1.2337   -0.0856    0.8516    0.0545    0.2699   -0.6283   -0.4008    0.4511
    35 C3     3py        1.3646    0.1060    0.7265   -0.0498    0.3763   -0.2793   -0.0099    0.4223
    36 C3     2pz       -0.1789   -0.0435    0.0573   -0.5189   -0.0886   -0.3026   -0.4322   -0.0076
    37 C3     3pz       -0.2157    0.0117    0.0395   -0.6629   -0.1116   -0.2079   -0.3997   -0.0608
    38 C3     3d2-       0.0593    0.0140    0.0067   -0.0920    0.0750   -0.0433   -0.1570    0.0797
    39 C3     3d1-       0.0087    0.0641   -0.0498    0.0364    0.0186   -0.0196   -0.0318    0.1295
    40 C3     3d0       -0.0363   -0.0579    0.1051   -0.2992   -0.0757    0.2356    0.1038   -0.0423
    41 C3     3d1+      -0.0375    0.1589    0.0705   -0.0595    0.0323   -0.1379   -0.1099   -0.2566
    42 C3     3d2+      -0.1285   -0.0449   -0.0423    0.0182    0.0518   -0.0604    0.0196    0.1271
    43 C4     1s         0.0070   -0.0375    0.0041   -0.0707   -0.1240    0.0054    0.1105    0.0357
    44 C4     2s         0.0191   -0.1062   -0.0651   -0.3281   -0.5280   -0.0350    0.5385    0.1277
    45 C4     3s         0.0391    0.1358   -0.1926    0.0954   -0.0775   -0.2723    0.3140   -0.0237
    46 C4     2px       -1.1983   -0.2577   -0.5846   -0.3832   -0.4232   -0.2921   -0.1752   -0.0472
    47 C4     3px       -1.3738   -0.5079   -0.6738   -0.3385   -0.3723   -0.1192    0.0710   -0.0168
    48 C4     2py        0.3238    0.0386   -0.3774   -0.7679   -0.1214    1.2980   -0.1827    0.0953
    49 C4     3py        0.3144    0.2078   -0.4847   -0.4809    0.0702    1.1064   -0.2082    0.0397
    50 C4     2pz       -0.2970    0.0604    0.0923    0.1190   -0.2522   -0.1256   -0.1705   -0.0109
    51 C4     3pz       -0.3102    0.1178    0.1265    0.1220   -0.2252   -0.0347   -0.1025   -0.0252
    52 C4     3d2-      -0.0311   -0.0388    0.0963    0.0501    0.1059   -0.0532   -0.0143    0.1341
    53 C4     3d1-       0.0303   -0.0624    0.0236   -0.0613   -0.0514   -0.0207    0.0652   -0.0437
    54 C4     3d0        0.0062    0.0274    0.0050   -0.0331   -0.1176   -0.1070    0.0386    0.0369
    55 C4     3d1+      -0.0105   -0.0376    0.0897    0.1982    0.1183   -0.0414    0.0475   -0.0624
    56 C4     3d2+      -0.0195   -0.0332    0.0088    0.0144   -0.0687   -0.0831    0.1230   -0.0158
    57 C5     1s        -0.0382    0.0254    0.0812   -0.0187   -0.1056   -0.0641    0.0419    0.1176
    58 C5     2s        -0.1749    0.2270    0.3868   -0.0632   -0.5219   -0.3244    0.1917    0.5530
    59 C5     3s         0.1323    0.4598    0.1826   -0.2260   -0.2622   -0.2060    0.0933    0.1843
    60 C5     2px       -0.0850    0.2718   -0.5718   -0.5177    0.0489   -0.4099    0.0957    0.4819
    61 C5     3px       -0.1586    0.1059   -0.5487   -0.4084    0.0140   -0.4824    0.2207    0.5846
    62 C5     2py       -0.8496   -0.4448   -0.2183   -0.0493   -0.1759   -0.1529    0.1422   -0.3966
    63 C5     3py       -0.5501   -0.3507   -0.4219   -0.2172   -0.1723   -0.2858    0.2785   -0.4564
    64 C5     2pz        0.1072   -0.3199    0.2281    0.4303    0.0597    0.1983   -0.1061   -0.0319
    65 C5     3pz        0.1020   -0.1504    0.3467    0.3614    0.3135    0.1610   -0.1017   -0.0881
    66 C5     3d2-       0.0579    0.0876    0.0278   -0.1035   -0.1070   -0.0795    0.0379    0.0578
    67 C5     3d1-      -0.0099    0.0156    0.0748   -0.0313    0.0853   -0.0010   -0.0443   -0.2009
    68 C5     3d0        0.0014   -0.0629    0.0697   -0.0413    0.0849   -0.0121    0.0194    0.0230
    69 C5     3d1+       0.0787    0.1993    0.0880   -0.1575   -0.1831   -0.0147   -0.0090   -0.0870
    70 C5     3d2+       0.0729    0.0685    0.0819   -0.0448   -0.0325   -0.0310   -0.0331   -0.1582
    71 C6     1s         0.0227    0.0491    0.0684   -0.0250   -0.0873    0.0950   -0.0108    0.1073
    72 C6     2s         0.0661    0.3331    0.3363   -0.0796   -0.4338    0.4430   -0.0463    0.5154
    73 C6     3s        -0.3384    0.3182    0.3452    0.1458   -0.1247    0.2377   -0.0581    0.1812
    74 C6     2px       -0.1202   -0.0132    0.3261    0.6159    0.3349    0.2933    0.0032    0.7278
    75 C6     3px        0.0190   -0.0826    0.2207    0.5247    0.2458    0.3764   -0.0869    0.8162
    76 C6     2py       -1.0797    0.1599   -0.1448   -0.0144    0.0792   -0.2548    0.1849    0.3880
    77 C6     3py       -0.8072    0.2547   -0.1605   -0.2984   -0.0233   -0.3484    0.3385    0.4273
    78 C6     2pz        0.0963   -0.1085   -0.4092   -0.3732   -0.1301   -0.1751    0.1030   -0.1479
    79 C6     3pz       -0.0865    0.0433   -0.3576   -0.4897    0.0904   -0.1812    0.0399   -0.1833
    80 C6     3d2-       0.0827   -0.0308   -0.1151   -0.0665    0.0485   -0.1028    0.0190   -0.0690
    81 C6     3d1-       0.0175   -0.0328   -0.0393    0.0727   -0.0707    0.0538    0.0037    0.2201
    82 C6     3d0       -0.0281   -0.0485    0.0187   -0.1070    0.0614    0.0291   -0.0282    0.0348
    83 C6     3d1+      -0.1552    0.0981    0.2439    0.0820   -0.1243    0.0281    0.0075   -0.0852
    84 C6     3d2+      -0.0860    0.0432    0.0641   -0.0131   -0.0048    0.0279    0.0018   -0.1779
    85 H7     1s        -0.6955   -0.8759    0.8821    0.4997   -0.2329   -1.5160    0.2649    0.3492
    86 H7     2s         0.0342    0.0314    0.0077    0.0908    0.0794   -0.0531    0.0184   -0.0018
    87 H7     2px        0.1763   -0.1585    0.0695    0.1728   -0.1912   -0.1297   -0.1745   -0.3199
    88 H7     2py        0.0817   -0.0328   -0.0157   -0.0648    0.0232    0.2263   -0.1325   -0.0135
    89 H7     2pz        0.0012    0.1739   -0.0556    0.0991   -0.1923    0.1222   -0.0140    0.1225
    90 H8     1s        -0.6411   -0.0921    0.3920   -0.4686    0.6695    1.2877    1.0894    0.3364
    91 H8     2s         0.0017    0.0824   -0.0699    0.0133    0.0665   -0.0200   -0.0512    0.0091
    92 H8     2px       -0.0110    0.0125    0.1280    0.0540    0.1121   -0.0515    0.2736   -0.0448
    93 H8     2py        0.0948   -0.1667    0.0255    0.0727   -0.1506   -0.0164    0.2618   -0.0566
    94 H8     2pz        0.0787   -0.0646   -0.1509    0.0307    0.0197    0.1114    0.1383    0.1155
    95 H9     1s         0.5410   -0.2059    0.7107   -0.8045    0.0726   -1.0539   -1.0618    0.7488
    96 H9     2s         0.0141    0.0435   -0.0112    0.0423    0.0720   -0.0084    0.0438    0.0026
    97 H9     2px       -0.0282    0.0519   -0.0339   -0.1444    0.0304    0.0303   -0.2841   -0.0090
    98 H9     2py        0.0966    0.1631    0.1133    0.0201    0.1934   -0.0736    0.2260    0.0422
    99 H9     2pz        0.0053   -0.1256   -0.1035    0.0935   -0.0048   -0.1164   -0.1066    0.1445
   100 H10    1s         0.4388    0.0924   -0.5138   -0.8276   -0.0702    1.3456   -0.1783    0.1090
   101 H10    2s        -0.1010    0.1222   -0.1518    0.0606    0.0900   -0.0545   -0.0474   -0.0220
   102 H10    2px       -0.1233   -0.0799   -0.1692   -0.0336   -0.1892    0.1698    0.1367   -0.3481
   103 H10    2py       -0.0073    0.1175   -0.0812    0.0610    0.0459    0.1199   -0.1350    0.0089
   104 H10    2pz       -0.0376    0.1358   -0.0110    0.1257   -0.2004   -0.0653    0.0538    0.1150
   105 H11    1s        -0.3196   -0.5651    0.2827    0.3884   -0.1373    0.3064   -0.0173   -0.8167
   106 H11    2s        -0.0338    0.0487   -0.0685    0.0609    0.0544   -0.0667   -0.0114   -0.0101
   107 H11    2px        0.0851    0.1121   -0.0152   -0.1809   -0.2173   -0.1947    0.1440    0.0458
   108 H11    2py        0.0590   -0.0241   -0.1854   -0.1381   -0.0138   -0.2099    0.1318   -0.2704
   109 H11    2pz        0.1174    0.2235    0.1498    0.0194   -0.2123    0.0704   -0.0439    0.0651
   110 H12    1s         0.7526   -0.1901   -0.2529   -0.4384   -0.2757   -0.1236   -0.1322   -1.0331
   111 H12    2s         0.0401    0.0890   -0.0976    0.0607    0.0891    0.0280    0.0006   -0.0168
   112 H12    2px       -0.1111    0.0041    0.1889    0.1691   -0.0971    0.2404   -0.1163    0.0751
   113 H12    2py       -0.0149    0.1078   -0.0308   -0.2142   -0.1181   -0.1806    0.1815    0.2455
   114 H12    2pz       -0.1963    0.1835    0.1049    0.0220   -0.2324   -0.0187    0.0712    0.0475
   115 B13    1s         0.0141    0.1685   -0.1010    0.1043    0.0898   -0.0266   -0.0039    0.0152
   116 B13    2s         0.0823    1.0752   -0.8946    0.7682    0.9777   -0.2709   -0.0762   -0.1828
   117 B13    3s         0.0665    0.5240   -0.7703    0.4781    1.0884   -0.2770   -0.1069   -0.3982
   118 B13    2px       -0.1177   -0.2047    0.6477   -0.5330   -0.0716    0.0933   -0.0130    0.0132
   119 B13    3px       -0.1011   -0.1392    0.5805   -0.4761   -0.0253    0.0987   -0.0166   -0.0426
   120 B13    2py       -0.8701    0.0494   -0.3980   -0.2076   -0.1887   -0.0145   -0.3448   -0.0218
   121 B13    3py       -0.5528    0.0828   -0.3403   -0.2546   -0.1805   -0.0514   -0.2787   -0.0081
   122 B13    2pz        0.0790   -0.8393    0.4512   -0.4317   -0.6624    0.1747    0.0821    0.2160
   123 B13    3pz        0.0674   -0.4837    0.3561   -0.2196   -0.7892    0.1730    0.1000    0.3502
   124 B13    3d2-      -0.1679   -0.1387    0.2204    0.3272    0.1050   -0.1118    0.2398   -0.0473
   125 B13    3d1-       0.2877    0.0067    0.1355    0.0781    0.0564   -0.1718    0.3299    0.0014
   126 B13    3d0       -0.2093    0.5596    0.1899   -0.0341    0.1133    0.0085   -0.0427   -0.0328
   127 B13    3d1+       0.0605    0.3843   -0.3346    0.4400   -0.2210   -0.0567    0.0173    0.0364
   128 B13    3d2+       0.0893   -0.0491   -0.3454    0.3486   -0.4472    0.0902    0.0286    0.0463
--

      Von Neumann Entropy (Root   1) =  0.84363


      Mulliken population analysis for root number:  1
      -----------------------------------------------


++    Molecular charges:
      ------------------

      Mulliken charges per centre and basis function type
      ---------------------------------------------------

                C1      C2      C3      C4      C5      C6      H7      H8      H9      H10     H11     H12   
      1s       1.9994  1.9999  1.9999  1.9995  2.0000  1.9999  0.5179  0.5114  0.5114  0.4963  0.5098  0.5086
      2s       1.2560  1.2829  1.2843  1.2622  1.2875  1.2939  0.1932  0.1739  0.1739  0.1834  0.1695  0.1680
      2px      0.7895  0.7785  0.7829  0.7700  0.8522  0.7986  0.0065  0.0354  0.0353  0.0061  0.0390  0.0396
      2pz      0.6854  0.2098  0.2224  0.6574  0.3050  0.3016  0.0060  0.0076  0.0075  0.0056  0.0071  0.0067
      2py      0.9198  0.8898  0.8767  0.9615  0.8540  0.8809  0.0548  0.0253  0.0257  0.0540  0.0228  0.0223
      3s      -0.0200 -0.0178 -0.0179 -0.0201 -0.0225 -0.0225  0.0000  0.0000  0.0000  0.0000  0.0000  0.0000
      3px     -0.0194 -0.0113 -0.0097 -0.0214 -0.0170 -0.0165  0.0000  0.0000  0.0000  0.0000  0.0000  0.0000
      3pz     -0.0233 -0.0075 -0.0076 -0.0255 -0.0243 -0.0231  0.0000  0.0000  0.0000  0.0000  0.0000  0.0000
      3py     -0.0080  0.0149  0.0145 -0.0131  0.0017  0.0036  0.0000  0.0000  0.0000  0.0000  0.0000  0.0000
      3d2+     0.0201  0.0360  0.0376  0.0176  0.0342  0.0323  0.0000  0.0000  0.0000  0.0000  0.0000  0.0000
      3d1+     0.0131  0.0148  0.0150  0.0148  0.0142  0.0145  0.0000  0.0000  0.0000  0.0000  0.0000  0.0000
      3d0      0.0040  0.0090  0.0087  0.0044  0.0256  0.0231  0.0000  0.0000  0.0000  0.0000  0.0000  0.0000
      3d1-     0.0252  0.0083  0.0077  0.0259  0.0180  0.0178  0.0000  0.0000  0.0000  0.0000  0.0000  0.0000
      3d2-     0.0299  0.0308  0.0293  0.0325  0.0216  0.0256  0.0000  0.0000  0.0000  0.0000  0.0000  0.0000
      Total    5.6718  5.2381  5.2438  5.6656  5.3502  5.3298  0.7783  0.7537  0.7538  0.7453  0.7483  0.7453

      N-E      0.3282  0.7619  0.7562  0.3344  0.6498  0.6702  0.2217  0.2463  0.2462  0.2547  0.2517  0.2547

                B13   
      1s       1.9971
      2s       0.8922
      2px      0.1261
      2pz      0.1600
      2py      0.5964
      3s      -0.0127
      3px     -0.0005
      3pz      0.0029
      3py      0.0383
      3d2+     0.0282
      3d1+     0.0257
      3d0      0.0395
      3d1-     0.0563
      3d2-     0.0267
      Total    3.9761

      N-E      1.0239

      Total electronic charge=   41.000000

      Total            charge=    6.000000
--



      Expectation values of various properties for root number:  1
      -----------------------------------------------------------


++    Molecular properties:
      ---------------------

      Charge (e):
                      =    6.0000
      Dipole Moment (debye):
      Origin of the operator (angstrom)=    0.0104    0.0000    0.0288
                   X=  1.1048E+00               Y= -1.7713E-01               Z=  1.3770E+00           Total=  1.7743E+00
      Center of Charge (angstrom)
                     X=    0.03862339               Y=   -0.00614612               Z=    0.04858137
      Quadrupole Moment (debye*angstrom):
      Origin of the operator (angstrom)=    0.0104    0.0000    0.0288
                  XX=  2.5980E+01              XY=  2.4290E-01              XZ=  3.1177E+00              YY=  1.0564E+01
                  YZ= -2.9041E-01              ZZ= -7.9593E+00
      In traceless form (debye*angstrom)
                  XX=  2.4677E+01              XY=  3.6435E-01              XZ=  4.6765E+00              YY=  1.5540E+00
                  YZ= -4.3562E-01              ZZ= -2.6231E+01
--


      Mulliken spin population analysis for root number:  1
      ---------------------------------------------------


++    Molecular charges:
      ------------------

      Mulliken spin population per centre and basis function type
      ---------------------------------------------------

                C1      C2      C3      C4      C5      C6      H7      H8      H9      H10     H11     H12   
      1s       0.0000 -0.0000 -0.0000  0.0000 -0.0000 -0.0000  0.0097  0.0003  0.0004  0.0025  0.0033  0.0049
      2s      -0.0004  0.0008  0.0016  0.0001  0.0007 -0.0010  0.0104  0.0004  0.0001  0.0042  0.0061  0.0083
      2px      0.0070  0.0045  0.0026  0.0078  0.0589  0.0486 -0.0000 -0.0001 -0.0000  0.0000 -0.0003 -0.0002
      2pz      0.2000  0.0094  0.0062  0.1268 -0.0122 -0.0126  0.0033  0.0001  0.0000  0.0014  0.0001 -0.0002
      2py      0.1115  0.0000 -0.0001  0.0449 -0.0001  0.0005 -0.0003 -0.0000 -0.0000 -0.0002  0.0005  0.0007
      3s      -0.0001 -0.0001 -0.0001  0.0001 -0.0002 -0.0002  0.0000  0.0000  0.0000  0.0000  0.0000  0.0000
      3px     -0.0005  0.0001  0.0008 -0.0008  0.0005  0.0011  0.0000  0.0000  0.0000  0.0000  0.0000  0.0000
      3pz     -0.0004 -0.0004  0.0001  0.0014  0.0008  0.0014  0.0000  0.0000  0.0000  0.0000  0.0000  0.0000
      3py      0.0035  0.0013  0.0003  0.0023  0.0001 -0.0002  0.0000  0.0000  0.0000  0.0000  0.0000  0.0000
      3d2+     0.0001  0.0001  0.0000  0.0005 -0.0002 -0.0002  0.0000  0.0000  0.0000  0.0000  0.0000  0.0000
      3d1+     0.0011  0.0027  0.0013  0.0020 -0.0002 -0.0004  0.0000  0.0000  0.0000  0.0000  0.0000  0.0000
      3d0     -0.0006  0.0014  0.0006 -0.0002  0.0019  0.0015  0.0000  0.0000  0.0000  0.0000  0.0000  0.0000
      3d1-     0.0039  0.0001  0.0003  0.0027 -0.0013 -0.0016  0.0000  0.0000  0.0000  0.0000  0.0000  0.0000
      3d2-    -0.0000  0.0007  0.0004 -0.0001  0.0033  0.0065  0.0000  0.0000  0.0000  0.0000  0.0000  0.0000
      Total    0.3252  0.0207  0.0140  0.1876  0.0521  0.0434  0.0231  0.0008  0.0006  0.0079  0.0098  0.0134

                B13   
      1s      -0.0000
      2s       0.0101
      2px      0.0294
      2pz     -0.0011
      2py      0.2259
      3s      -0.0004
      3px      0.0026
      3pz     -0.0011
      3py      0.0290
      3d2+    -0.0007
      3d1+    -0.0003
      3d0      0.0017
      3d1-    -0.0039
      3d2-     0.0101
      Total    0.3013

      Total electronic spin=    1.000000
--



      LoProp population analysis for root number:  1
      -----------------------------------------------


++    LoProp analysis:
      ----------------



      Input file to MOLDEN was generated!


++    Static properties:
      ------------------


      LoProp Charges per center


                   C1       C2       C3       C4       C5       C6       H7       H8       H9       H10   
      Nuclear      6.0000   6.0000   6.0000   6.0000   6.0000   6.0000   1.0000   1.0000   1.0000   1.0000
      Electronic  -6.0754  -5.5613  -5.5682  -6.0396  -5.7093  -5.6777  -0.4575  -0.4397  -0.4392  -0.4602

      Total       -0.0754   0.4387   0.4318  -0.0396   0.2907   0.3223   0.5425   0.5603   0.5608   0.5398


                   H11      H12      B13   
      Nuclear      1.0000   1.0000   5.0000
      Electronic  -0.4429  -0.4421  -3.6869

      Total        0.5571   0.5579   1.3131
--


      Natural Bond Order analysis for root number:  1

++    Natural Bond Order analysis
      ---------------------------
      Based on LoProp computed density
      -------------------------------------------------------------------------------------
      Atom A       Atom B       Bond Order | Atom A       Atom B       Bond Order
        C2           H8             0.796  |   C3           H9             0.795
      -------------------------------------------------------------------------------------
      NBO located      3.183 electrons involved in    2 bonds.
      NBO located      0.998 non-bonded electrons on atom C1        
      NBO located      0.995 non-bonded electrons on atom C2        
      NBO located      0.995 non-bonded electrons on atom C3        
      NBO located      0.998 non-bonded electrons on atom C4        
      NBO located      0.998 non-bonded electrons on atom C5        
      NBO located      0.998 non-bonded electrons on atom C6        
      NBO located      1.002 non-bonded electrons on atom B13       
      The remaining   14.574 electrons are to be considered as diffuse
--

--

      Von Neumann Entropy (Root   2) =  0.96264


      Mulliken population analysis for root number:  2
      -----------------------------------------------


++    Molecular charges:
      ------------------

      Mulliken charges per centre and basis function type
      ---------------------------------------------------

                C1      C2      C3      C4      C5      C6      H7      H8      H9      H10     H11     H12   
      1s       1.9994  1.9999  1.9999  1.9995  2.0000  1.9999  0.5084  0.5135  0.5135  0.4930  0.5067  0.5055
      2s       1.2599  1.2840  1.2835  1.2619  1.2856  1.2948  0.1850  0.1739  0.1740  0.1792  0.1634  0.1626
      2px      0.7879  0.7945  0.8057  0.7619  0.7515  0.7807  0.0065  0.0353  0.0351  0.0061  0.0397  0.0398
      2pz      0.5897  0.2042  0.2109  0.6027  0.4361  0.4123  0.0046  0.0076  0.0075  0.0047  0.0072  0.0076
      2py      0.8924  0.8896  0.8775  0.9448  0.8551  0.8802  0.0546  0.0256  0.0259  0.0541  0.0223  0.0219
      3s      -0.0199 -0.0181 -0.0181 -0.0200 -0.0217 -0.0221  0.0000  0.0000  0.0000  0.0000  0.0000  0.0000
      3px     -0.0178 -0.0087 -0.0084 -0.0199 -0.0176 -0.0175  0.0000  0.0000  0.0000  0.0000  0.0000  0.0000
      3pz     -0.0265 -0.0067 -0.0069 -0.0232 -0.0197 -0.0212  0.0000  0.0000  0.0000  0.0000  0.0000  0.0000
      3py     -0.0095  0.0145  0.0139 -0.0157  0.0020  0.0031  0.0000  0.0000  0.0000  0.0000  0.0000  0.0000
      3d2+     0.0237  0.0358  0.0373  0.0209  0.0344  0.0324  0.0000  0.0000  0.0000  0.0000  0.0000  0.0000
      3d1+     0.0131  0.0136  0.0136  0.0120  0.0139  0.0148  0.0000  0.0000  0.0000  0.0000  0.0000  0.0000
      3d0      0.0054  0.0086  0.0088  0.0052  0.0207  0.0227  0.0000  0.0000  0.0000  0.0000  0.0000  0.0000
      3d1-     0.0233  0.0080  0.0076  0.0255  0.0235  0.0248  0.0000  0.0000  0.0000  0.0000  0.0000  0.0000
      3d2-     0.0298  0.0304  0.0288  0.0325  0.0231  0.0209  0.0000  0.0000  0.0000  0.0000  0.0000  0.0000
      Total    5.5510  5.2497  5.2541  5.5882  5.3868  5.4260  0.7591  0.7557  0.7560  0.7373  0.7393  0.7374

      N-E      0.4490  0.7503  0.7459  0.4118  0.6132  0.5740  0.2409  0.2443  0.2440  0.2627  0.2607  0.2626

                B13   
      1s       1.9971
      2s       0.8804
      2px      0.3847
      2pz      0.1898
      2py      0.3966
      3s      -0.0130
      3px      0.0179
      3pz      0.0052
      3py      0.0153
      3d2+     0.0291
      3d1+     0.0352
      3d0      0.0430
      3d1-     0.0598
      3d2-     0.0185
      Total    4.0594

      N-E      0.9406

      Total electronic charge=   41.000000

      Total            charge=    6.000000
--



      Expectation values of various properties for root number:  2
      -----------------------------------------------------------


++    Molecular properties:
      ---------------------

      Charge (e):
                      =    6.0000
      Dipole Moment (debye):
      Origin of the operator (angstrom)=    0.0104    0.0000    0.0288
                   X=  5.2975E-01               Y= -3.4967E-02               Z=  1.4518E+00           Total=  1.5458E+00
      Center of Charge (angstrom)
                     X=    0.01867053               Y=   -0.00121333               Z=    0.05117555
      Quadrupole Moment (debye*angstrom):
      Origin of the operator (angstrom)=    0.0104    0.0000    0.0288
                  XX=  2.4429E+01              XY= -1.4569E-01              XZ=  3.2544E+00              YY=  1.3359E+01
                  YZ=  1.1740E-01              ZZ= -8.7606E+00
      In traceless form (debye*angstrom)
                  XX=  2.2130E+01              XY= -2.1854E-01              XZ=  4.8817E+00              YY=  5.5248E+00
                  YZ=  1.7610E-01              ZZ= -2.7655E+01
--


      Mulliken spin population analysis for root number:  2
      ---------------------------------------------------


++    Molecular charges:
      ------------------

      Mulliken spin population per centre and basis function type
      ---------------------------------------------------

                C1      C2      C3      C4      C5      C6      H7      H8      H9      H10     H11     H12   
      1s       0.0000 -0.0000 -0.0000  0.0000 -0.0000 -0.0000 -0.0021  0.0018  0.0018  0.0006  0.0015 -0.0005
      2s       0.0010  0.0016  0.0013  0.0004  0.0068  0.0083 -0.0026 -0.0002  0.0002  0.0017  0.0017 -0.0008
      2px      0.0040  0.0134  0.0187  0.0021  0.0474  0.0454  0.0000 -0.0001 -0.0002  0.0000  0.0002  0.0001
      2pz     -0.0298 -0.0005  0.0027  0.0779  0.2023  0.1667 -0.0006 -0.0000  0.0000  0.0008  0.0012  0.0013
      2py     -0.0216  0.0015  0.0014  0.0291 -0.0000  0.0005  0.0001  0.0002  0.0002 -0.0001  0.0001 -0.0001
      3s      -0.0000 -0.0003 -0.0002 -0.0001 -0.0003 -0.0001  0.0000  0.0000  0.0000  0.0000  0.0000  0.0000
      3px      0.0015  0.0025  0.0022  0.0008 -0.0002 -0.0004  0.0000  0.0000  0.0000  0.0000  0.0000  0.0000
      3pz      0.0019  0.0004 -0.0001  0.0028 -0.0009 -0.0021  0.0000  0.0000  0.0000  0.0000  0.0000  0.0000
      3py      0.0002 -0.0005  0.0000 -0.0001 -0.0003  0.0003  0.0000  0.0000  0.0000  0.0000  0.0000  0.0000
      3d2+     0.0036 -0.0003 -0.0003  0.0034 -0.0001 -0.0000  0.0000  0.0000  0.0000  0.0000  0.0000  0.0000
      3d1+     0.0016 -0.0007  0.0007  0.0011 -0.0005  0.0000  0.0000  0.0000  0.0000  0.0000  0.0000  0.0000
      3d0      0.0025 -0.0001  0.0007  0.0026  0.0021  0.0020  0.0000  0.0000  0.0000  0.0000  0.0000  0.0000
      3d1-    -0.0001  0.0002 -0.0001  0.0032  0.0112  0.0121  0.0000  0.0000  0.0000  0.0000  0.0000  0.0000
      3d2-    -0.0003 -0.0001  0.0001 -0.0003  0.0051  0.0020  0.0000  0.0000  0.0000  0.0000  0.0000  0.0000
      Total   -0.0353  0.0173  0.0272  0.1228  0.2725  0.2345 -0.0052  0.0016  0.0020  0.0030  0.0047 -0.0000

                B13   
      1s       0.0000
      2s       0.0174
      2px      0.2467
      2pz      0.0408
      2py      0.0104
      3s       0.0008
      3px      0.0158
      3pz      0.0071
      3py      0.0007
      3d2+     0.0018
      3d1+     0.0125
      3d0     -0.0002
      3d1-    -0.0002
      3d2-     0.0013
      Total    0.3550

      Total electronic spin=    1.000000
--



      LoProp population analysis for root number:  2
      -----------------------------------------------


++    LoProp analysis:
      ----------------



      Input file to MOLDEN was generated!


++    Static properties:
      ------------------


      LoProp Charges per center


                   C1       C2       C3       C4       C5       C6       H7       H8       H9       H10   
      Nuclear      6.0000   6.0000   6.0000   6.0000   6.0000   6.0000   1.0000   1.0000   1.0000   1.0000
      Electronic  -5.9298  -5.5775  -5.5820  -5.9470  -5.7443  -5.7774  -0.4462  -0.4405  -0.4404  -0.4522

      Total        0.0702   0.4225   0.4180   0.0530   0.2557   0.2226   0.5538   0.5595   0.5596   0.5478


                   H11      H12      B13   
      Nuclear      1.0000   1.0000   5.0000
      Electronic  -0.4399  -0.4365  -3.7863

      Total        0.5601   0.5635   1.2137
--


      Natural Bond Order analysis for root number:  2

++    Natural Bond Order analysis
      ---------------------------
      Based on LoProp computed density
      -------------------------------------------------------------------------------------
      Atom A       Atom B       Bond Order | Atom A       Atom B       Bond Order
        C2           H8             0.796  |   C3           H9             0.796
      -------------------------------------------------------------------------------------
      NBO located      3.185 electrons involved in    2 bonds.
      NBO located      0.998 non-bonded electrons on atom C1        
      NBO located      0.995 non-bonded electrons on atom C2        
      NBO located      0.995 non-bonded electrons on atom C3        
      NBO located      0.998 non-bonded electrons on atom C4        
      NBO located      0.998 non-bonded electrons on atom C5        
      NBO located      0.998 non-bonded electrons on atom C6        
      NBO located      1.002 non-bonded electrons on atom B13       
      The remaining   14.591 electrons are to be considered as diffuse
--

--

      Von Neumann Entropy (Root   3) =  1.00860


      Mulliken population analysis for root number:  3
      -----------------------------------------------


++    Molecular charges:
      ------------------

      Mulliken charges per centre and basis function type
      ---------------------------------------------------

                C1      C2      C3      C4      C5      C6      H7      H8      H9      H10     H11     H12   
      1s       1.9994  1.9999  1.9999  1.9995  2.0000  1.9999  0.3747  0.5122  0.5105  0.4980  0.5055  0.5131
      2s       1.1741  1.2796  1.2865  1.2628  1.2897  1.2853  0.1381  0.1731  0.1724  0.1841  0.1673  0.1742
      2px      0.7943  0.7793  0.7856  0.7777  0.9042  0.7908  0.0064  0.0351  0.0352  0.0061  0.0386  0.0395
      2pz      0.9378  0.2179  0.2256  0.6628  0.3633  0.3448  0.0122  0.0078  0.0074  0.0057  0.0079  0.0067
      2py      0.6630  0.8872  0.8674  0.9647  0.8358  0.8708  0.0389  0.0254  0.0258  0.0540  0.0231  0.0227
      3s      -0.0195 -0.0170 -0.0179 -0.0197 -0.0217 -0.0212  0.0000  0.0000  0.0000  0.0000  0.0000  0.0000
      3px     -0.0188 -0.0127 -0.0081 -0.0219 -0.0170 -0.0173  0.0000  0.0000  0.0000  0.0000  0.0000  0.0000
      3pz     -0.0164 -0.0076 -0.0071 -0.0261 -0.0247 -0.0220  0.0000  0.0000  0.0000  0.0000  0.0000  0.0000
      3py     -0.0188  0.0072  0.0137 -0.0113  0.0012 -0.0079  0.0000  0.0000  0.0000  0.0000  0.0000  0.0000
      3d2+     0.0192  0.0309  0.0376  0.0194  0.0341  0.0260  0.0000  0.0000  0.0000  0.0000  0.0000  0.0000
      3d1+     0.0127  0.0183  0.0149  0.0168  0.0144  0.0145  0.0000  0.0000  0.0000  0.0000  0.0000  0.0000
      3d0      0.0044  0.0110  0.0086  0.0056  0.0283  0.0239  0.0000  0.0000  0.0000  0.0000  0.0000  0.0000
      3d1-     0.0233  0.0079  0.0078  0.0244  0.0208  0.0195  0.0000  0.0000  0.0000  0.0000  0.0000  0.0000
      3d2-     0.0300  0.0309  0.0290  0.0322  0.0205  0.0357  0.0000  0.0000  0.0000  0.0000  0.0000  0.0000
      Total    5.5847  5.2328  5.2435  5.6868  5.4490  5.3427  0.5703  0.7536  0.7514  0.7480  0.7425  0.7563

      N-E      0.4153  0.7672  0.7565  0.3132  0.5510  0.6573  0.4297  0.2464  0.2486  0.2520  0.2575  0.2437

                B13   
      1s       1.9971
      2s       0.8460
      2px      0.2016
      2pz      0.1688
      2py      0.7005
      3s      -0.0143
      3px      0.0026
      3pz      0.0049
      3py      0.0537
      3d2+     0.0269
      3d1+     0.0286
      3d0      0.0375
      3d1-     0.0539
      3d2-     0.0306
      Total    4.1384

      N-E      0.8616

      Total electronic charge=   41.000000

      Total            charge=    6.000000
--



      Expectation values of various properties for root number:  3
      -----------------------------------------------------------


++    Molecular properties:
      ---------------------

      Charge (e):
                      =    6.0000
      Dipole Moment (debye):
      Origin of the operator (angstrom)=    0.0104    0.0000    0.0288
                   X= -1.4930E-01               Y=  3.3043E+00               Z=  1.8407E+00           Total=  3.7854E+00
      Center of Charge (angstrom)
                     X=   -0.00489181               Y=    0.11465662               Z=    0.06467117
      Quadrupole Moment (debye*angstrom):
      Origin of the operator (angstrom)=    0.0104    0.0000    0.0288
                  XX=  2.4620E+01              XY=  3.0120E-01              XZ=  3.1089E+00              YY=  1.6880E+01
                  YZ=  1.8680E+00              ZZ= -8.8520E+00
      In traceless form (debye*angstrom)
                  XX=  2.0606E+01              XY=  4.5180E-01              XZ=  4.6633E+00              YY=  8.9961E+00
                  YZ=  2.8020E+00              ZZ= -2.9602E+01
--


      Mulliken spin population analysis for root number:  3
      ---------------------------------------------------


++    Molecular charges:
      ------------------

      Mulliken spin population per centre and basis function type
      ---------------------------------------------------

                C1      C2      C3      C4      C5      C6      H7      H8      H9      H10     H11     H12   
      1s       0.0000 -0.0000 -0.0000 -0.0000 -0.0000  0.0000  0.2288 -0.0003  0.0013  0.0001  0.0045 -0.0004
      2s       0.0674  0.0045  0.0000  0.0005  0.0012  0.0035  0.1205  0.0011  0.0012  0.0005  0.0040  0.0012
      2px      0.0008  0.0117  0.0003  0.0000  0.0134  0.0037  0.0001  0.0001  0.0001 -0.0000  0.0001  0.0001
      2pz      0.1455  0.0013  0.0006  0.0153 -0.0087 -0.0046  0.0004 -0.0000  0.0000  0.0001  0.0000 -0.0000
      2py      0.2841  0.0035  0.0092  0.0048  0.0173  0.0091  0.0198  0.0000 -0.0001 -0.0000 -0.0000  0.0000
      3s      -0.0005 -0.0011 -0.0001  0.0000 -0.0008 -0.0008  0.0000  0.0000  0.0000  0.0000  0.0000  0.0000
      3px      0.0000  0.0012 -0.0002  0.0002  0.0003  0.0010  0.0000  0.0000  0.0000  0.0000  0.0000  0.0000
      3pz      0.0018 -0.0001 -0.0001 -0.0000  0.0002  0.0011  0.0000  0.0000  0.0000  0.0000  0.0000  0.0000
      3py      0.0040  0.0084  0.0006  0.0001  0.0009  0.0096  0.0000  0.0000  0.0000  0.0000  0.0000  0.0000
      3d2+     0.0037  0.0046 -0.0001 -0.0002 -0.0000  0.0057  0.0000  0.0000  0.0000  0.0000  0.0000  0.0000
      3d1+    -0.0001 -0.0001  0.0003  0.0000 -0.0001 -0.0001  0.0000  0.0000  0.0000  0.0000  0.0000  0.0000
      3d0      0.0001  0.0001  0.0001 -0.0001 -0.0002 -0.0000  0.0000  0.0000  0.0000  0.0000  0.0000  0.0000
      3d1-    -0.0011  0.0004 -0.0000  0.0008 -0.0004  0.0005  0.0000  0.0000  0.0000  0.0000  0.0000  0.0000
      3d2-     0.0003  0.0007  0.0005  0.0000  0.0003 -0.0000  0.0000  0.0000  0.0000  0.0000  0.0000  0.0000
      Total    0.5061  0.0350  0.0111  0.0214  0.0233  0.0285  0.3696  0.0009  0.0025  0.0007  0.0086  0.0009

                B13   
      1s      -0.0000
      2s      -0.0054
      2px     -0.0091
      2pz      0.0031
      2py      0.0019
      3s      -0.0015
      3px     -0.0007
      3pz     -0.0002
      3py     -0.0010
      3d2+     0.0018
      3d1+     0.0001
      3d0      0.0013
      3d1-     0.0009
      3d2-     0.0001
      Total   -0.0088

      Total electronic spin=    1.000000
--



      LoProp population analysis for root number:  3
      -----------------------------------------------


++    LoProp analysis:
      ----------------



      Input file to MOLDEN was generated!


++    Static properties:
      ------------------


      LoProp Charges per center


                   C1       C2       C3       C4       C5       C6       H7       H8       H9       H10   
      Nuclear      6.0000   6.0000   6.0000   6.0000   6.0000   6.0000   1.0000   1.0000   1.0000   1.0000
      Electronic  -5.9087  -5.5586  -5.5680  -6.0592  -5.8092  -5.6947  -0.3381  -0.4397  -0.4376  -0.4639

      Total        0.0913   0.4414   0.4320  -0.0592   0.1908   0.3053   0.6619   0.5603   0.5624   0.5361


                   H11      H12      B13   
      Nuclear      1.0000   1.0000   5.0000
      Electronic  -0.4381  -0.4514  -3.8329

      Total        0.5619   0.5486   1.1671
--


      Natural Bond Order analysis for root number:  3

++    Natural Bond Order analysis
      ---------------------------
      Based on LoProp computed density
      -------------------------------------------------------------------------------------
      Atom A       Atom B       Bond Order | Atom A       Atom B       Bond Order
        C2           H8             0.797  |   C3           H9             0.793
        C6           H12            0.787  |
      -------------------------------------------------------------------------------------
      NBO located      4.753 electrons involved in    3 bonds.
      NBO located      0.999 non-bonded electrons on atom C1        
      NBO located      0.995 non-bonded electrons on atom C2        
      NBO located      0.995 non-bonded electrons on atom C3        
      NBO located      0.998 non-bonded electrons on atom C4        
      NBO located      0.998 non-bonded electrons on atom C5        
      NBO located      0.995 non-bonded electrons on atom C6        
      NBO located      1.002 non-bonded electrons on atom B13       
      The remaining   13.004 electrons are to be considered as diffuse
--

--


      Input file to MOLDEN was generated!


      Input file to MOLDEN was generated!


      Input file to MOLDEN was generated!


      Input file to MOLDEN was generated!

      Average orbitals are written to the RASORB file
      Natural orbitals for root   1 are written to the RASORB.1 file
      Natural orbitals for root   2 are written to the RASORB.2 file
      Natural orbitals for root   3 are written to the RASORB.3 file
      Spin density orbitals for root   1 are written to the SPDORB.1 file
      Spin density orbitals for root   2 are written to the SPDORB.2 file
      Spin density orbitals for root   3 are written to the SPDORB.3 file

 ###############################################################################
 ###############################################################################
 ###                                                                         ###
 ###                                                                         ###
 ###    WARNING: RunFile label BirthCertificate                              ###
 ###    was used      122 times                                              ###
 ###                                                                         ###
 ###                                                                         ###
 ###############################################################################
 ###############################################################################
--- Stop Module: rasscf at Wed Sep 23 10:08:04 2026 /rc=_RC_ALL_IS_WELL_ ---
*** files: B-C6H6_A_dynamix.LprOrb B-C6H6_A_dynamix.rasscf.molden.3 B-C6H6_A_dynamix.rasscf.molden.2 B-C6H6_A_dynamix.rasscf.molden.1 B-C6H6_A_dynamix.rasscf.molden
           B-C6H6_A_dynamix.LoProp.molden B-C6H6_A_dynamix.RasOrb.1 B-C6H6_A_dynamix.RasOrb B-C6H6_A_dynamix.RasOrb.3 B-C6H6_A_dynamix.RasOrb.2 B-C6H6_A_dynamix.rasscf.h5
           B-C6H6_A_dynamix.SpdOrb.3 B-C6H6_A_dynamix.SpdOrb.2 B-C6H6_A_dynamix.SpdOrb.1 xmldump
    saved to directory /Users/lucas/Development/Honors/OpenMolcas/build/CALCULATIONS/B-C6H6_A_ex_st/dynamix/./output
--- Module rasscf spent 54 seconds ---

>>> COPY B-C6H6_A_dynamix.JobIph B-C6H6_A_dynamix.JobOld

--- Start Module: rasscf at Wed Sep 23 10:08:04 2026 ---

()()()()()()()()()()()()()()()()()()()()()()()()()()()()()()()()()()()()()()()()()()()()()()()()()()

                                              &RASSCF

                                   only a single process is used
                       available to each process: 5.0 GB of memory, 1 thread?
                                             pid: 53225
()()()()()()()()()()()()()()()()()()()()()()()()()()()()()()()()()()()()()()()()()()()()()()()()()()


      Header of the ONEINT file:
      --------------------------
      
      Integrals generated by Gateway/Seward, Wed Sep 23 10:07:01 2026


      OrdInt status: non-squared


      Cartesian coordinates in angstrom:
      -----------------------------------------------------
      No.  Label        X            Y            Z        
      -----------------------------------------------------
       1   C1        -0.04355100   1.21071200   0.29745900
       2   C2        -1.34546800   0.66464800  -0.19016700
       3   C3        -1.34548600  -0.66462400  -0.19013200
       4   C4        -0.04355800  -1.21072300   0.29743200
       5   C5         1.13285100  -0.68662000  -0.45520000
       6   C6         1.13289000   0.68659700  -0.45518600
       7   H7         0.02132100   2.25364300   0.57781400
       8   H8        -2.13715100   1.29796200  -0.56701000
       9   H9        -2.13718000  -1.29793700  -0.56695400
      10   H10        0.02127400  -2.25364700   0.57781900
      11   H11        1.98822400  -1.28643500  -0.73345100
      12   H12        1.98822600   1.28639600  -0.73355900
      13   B13        0.66584400   0.00001500   1.12402200
      -----------------------------------------------------
      Nuclear repulsion energy =  257.70668174

++    Wave function specifications:
      -----------------------------

      Number of closed shell electrons          36
      Number of electrons in active shells       1
      Max number of holes in RAS1 space          0
      Max nr of electrons in RAS3 space          0
      Number of inactive orbitals               18
      Number of active orbitals                  6
      Number of secondary orbitals             104
      Spin quantum number                      0.5
      State symmetry                             1
--

++    Orbital specifications:
      -----------------------

      Symmetry species                           1
                                                 a
      Frozen orbitals                            0
      Inactive orbitals                         18
      Active orbitals                            6
      RAS1 orbitals                              0
      RAS2 orbitals                              6
      RAS3 orbitals                              0
      Secondary orbitals                       104
      Deleted orbitals                           0
      Number of basis functions                128
--

++    CI expansion specifications:
      ----------------------------

      Number of CSFs                             6
      Number of determinants                     6
      Number of root(s) required                 3
      Root chosen for geometry opt.              3
      CI roots used                              1     2     3
      weights                                0.333 0.333 0.333
      highest root included in the CI            3
      max. size of the explicit Hamiltonian      6
--

++    Optimization specifications:
      ----------------------------

      RASSCF algorithm: LK RI/DF
      Maximum number of macro iterations       200
      Maximum number of SX iterations          100
      Threshold for RASSCF energy            1.000E-08
      Threshold for max MO rotation          1.000E-01
      Threshold for max BLB element          1.000E-04
      Level shift parameter                  5.000E-01
      Make Quasi-Newton update
--
      Starting CI array(s) will be read from file

      The MO-coefficients are taken from the file:
      JOBOLD
      Title:(No title given)                                                        

      Total molecular charge   10.00

      ************************************************************************************************************************
      *                                                                                                                      *
      *                                            Wave function control section                                             *
      *                                                                                                                      *
      ************************************************************************************************************************


                                         RASSCF iterations: Energy and convergence statistics
                                         ----------------------------------------------------

      Iter CI   SX   CI       RASSCF       Energy    max ROT     max BLB   max BLB  Level Ln srch  Step   QN   Walltime
          iter iter root      energy       change     param      element    value   shift minimum  type update hh:mm:ss
 Nr of preliminary CI iterations:   1
        1   1   27    0  -240.26039465    0.00E+00  -2.92E-01*  13  33 1  2.20E-01*  0.63   0.00    SX    NO    0:00:00
        2   1   19    0  -240.70967927   -4.49E-01* -8.18E-02   13  19 1  1.11E-01*  0.46   0.00    SX    NO    0:00:00
        3   1   21    0  -240.82223601   -1.13E-01*  7.26E-02   17  20 1 -7.14E-02*  0.39   0.00    SX    NO    0:00:00
        4   1   15    0  -240.86587282   -4.36E-02*  7.29E-02   17  20 1 -7.28E-02*  0.37   0.00    SX    NO    0:00:00
        5   1   21    0  -240.89325660   -2.74E-02*  1.54E-01*  17  20 1 -7.18E-02*  0.35   2.50    QN   YES    0:00:00
        6   1   22    0  -240.93343480   -4.02E-02*  1.44E-01*  17  20 1 -5.96E-02*  0.33   2.04    QN   YES    0:00:00
        7   1   17    0  -240.95564931   -2.22E-02*  1.18E-01*  17  20 1 -4.02E-02*  0.32   1.66    QN   YES    0:00:00
        8   1   18    0  -240.96682165   -1.12E-02*  1.03E-01*  17  20 1 -2.56E-02*  0.31   1.65    QN   YES    0:00:00
        9   1   14    0  -240.97502882   -8.21E-03*  1.11E-01*  17  19 1  2.23E-02*  0.31   2.24    QN   YES    0:00:00
       10   1   19    0  -240.98352333   -8.49E-03*  1.05E-01*  17  19 1  2.30E-02*  0.30   2.50    LS   YES    0:00:00
       11   1   26    0  -240.98698560   -3.46E-03*  7.69E-02   13  20 1 -2.88E-02*  0.30   1.40    QN   YES    0:00:00
       12   1   20    0  -240.99220670   -5.22E-03*  1.36E-01*  13  20 1 -2.42E-02*  0.30   2.50    QN   YES    0:00:00
       13   1   20    0  -240.99877820   -6.57E-03*  9.16E-02   13  20 1 -1.38E-02*  0.31   2.11    LS   YES    0:00:00
       14   1   24    0  -241.00144380   -2.67E-03*  9.92E-02   11  20 1  1.09E-02*  0.31   1.92    QN   YES    0:00:00
       15   1   22    0  -241.00400031   -2.56E-03*  1.04E-01*  18  20 1 -1.13E-02*  0.31   1.95    QN   YES    0:00:00
       16   1   22    0  -241.00604633   -2.05E-03*  1.07E-01*  18  20 1 -1.24E-02*  0.31   2.28    QN   YES    0:00:00
       17   1   19    0  -241.00808227   -2.04E-03*  9.83E-02   18  20 1 -1.39E-02*  0.31   2.19    QN   YES    0:00:00
       18   1   23    0  -241.01011262   -2.03E-03*  9.27E-02   18  20 1 -1.58E-02*  0.31   2.16    QN   YES    0:00:00
       19   1   24    0  -241.01247477   -2.36E-03* -1.13E-01*  18  20 1 -1.80E-02*  0.30   2.15    QN   YES    0:00:00
       20   1   24    0  -241.01552980   -3.06E-03*  1.48E-01*  18  20 1 -1.94E-02*  0.30   1.92    QN   YES    0:00:00
       21   1   21    0  -241.01942655   -3.90E-03*  1.55E-01*  18  20 1 -1.78E-02*  0.29   1.60    QN   YES    0:00:00
       22   1   21    0  -241.02428266   -4.86E-03*  1.56E-01*  14  23 1  2.08E-02*  0.28   1.74    QN   YES    0:00:00
       23   1   23    0  -241.03139868   -7.12E-03*  1.61E-01*  14  19 1 -2.44E-02*  0.28   2.16    QN   YES    0:00:00
       24   1   23    0  -241.04086364   -9.46E-03*  1.36E-01*  14  19 1 -2.49E-02*  0.28   2.17    QN   YES    0:00:00
       25   1   30    0  -241.05077258   -9.91E-03*  1.07E-01*  18  19 1  2.39E-02*  0.27   1.92    QN   YES    0:00:00
       26   1   21    0  -241.05886255   -8.09E-03* -7.37E-02   18  19 1  2.45E-02*  0.26   1.84    QN   YES    0:00:00
       27   1   23    0  -241.06435159   -5.49E-03* -1.20E-01*  18  19 1  2.07E-02*  0.26   1.89    QN   YES    0:00:00
       28   1   23    0  -241.06891056   -4.56E-03* -7.40E-02   18  24 1  1.86E-02*  0.26   1.31    QN   YES    0:00:00
       29   1   22    0  -241.07270272   -3.79E-03* -7.08E-02   18  19 1  1.64E-02*  0.26   1.47    QN   YES    0:00:00
       30   1   21    0  -241.07642580   -3.72E-03*  7.80E-02   14  19 1  1.42E-02*  0.26   1.50    QN   YES    0:00:00
       31   1   22    0  -241.08140183   -4.98E-03*  6.10E-02   18  23 1 -1.27E-02*  0.26   1.64    QN   YES    0:00:00
       32   1   22    0  -241.08515009   -3.75E-03* -4.71E-02   15  24 1  9.41E-03*  0.26   1.91    QN   YES    0:00:00
       33   1   20    0  -241.08768494   -2.53E-03* -3.15E-02   11  20 1 -8.29E-03*  0.27   1.79    LS   YES    0:00:00
       34   1   19    0  -241.08825005   -5.65E-04*  2.55E-02   11  20 1 -9.64E-03*  0.27   1.12    QN   YES    0:00:00
       35   1   19    0  -241.08903220   -7.82E-04*  3.22E-02   11  20 1 -6.29E-03*  0.27   2.50    LS   YES    0:00:00
       36   1   18    0  -241.08948404   -4.52E-04* -2.55E-02   13  19 1 -4.17E-03*  0.27   1.25    QN   YES    0:00:00
       37   1   17    0  -241.08982251   -3.38E-04* -2.89E-02   13  19 1 -2.95E-03*  0.27   1.79    QN   YES    0:00:00
       38   1   15    0  -241.09006207   -2.40E-04*  2.74E-02   11  20 1  2.54E-03*  0.27   1.68    QN   YES    0:00:00
       39   1   15    0  -241.09019604   -1.34E-04*  1.74E-02   11  20 1  2.21E-03*  0.27   1.55    QN   YES    0:00:00
       40   1   15    0  -241.09027186   -7.58E-05*  9.25E-03   15  19 1 -1.32E-03*  0.27   1.47    QN   YES    0:00:00
       41   1   14    0  -241.09031854   -4.67E-05* -4.34E-03   14  22 1 -8.77E-04*  0.27   1.34    QN   YES    0:00:00
       42   1   13    0  -241.09033906   -2.05E-05* -2.63E-03   18  23 1  7.04E-04*  0.27   1.32    QN   YES    0:00:00
       43   1   13    0  -241.09034774   -8.68E-06* -1.35E-03   18  23 1  6.09E-04*  0.27   1.34    QN   YES    0:00:00
       44   1   12    0  -241.09035207   -4.32E-06*  1.76E-03   18  23 1  4.36E-04*  0.27   1.43    QN   YES    0:00:00
       45   1   11    0  -241.09035446   -2.40E-06*  7.58E-04   18  22 1 -2.26E-04*  0.27   1.36    QN   YES    0:00:00
       46   1   11    0  -241.09035562   -1.16E-06*  7.44E-04   11  20 1  1.67E-04*  0.27   1.49    QN   YES    0:00:00
       47   1   10    0  -241.09035618   -5.57E-07*  2.53E-04   17  22 1  9.93E-05   0.27   1.27    QN   YES    0:00:00
       48   1    9    0  -241.09035634   -1.63E-07*  1.36E-04   17  22 1  5.95E-05   0.27   1.48    QN   YES    0:00:00
       49   1    8    0  -241.09035640   -6.36E-08*  1.24E-04   17  23 1  3.43E-05   0.27   1.20    QN   YES    0:00:00
       50   1    8    0  -241.09035642   -1.99E-08*  1.35E-04   13  19 1  2.56E-05   0.27   1.64    QN   YES    0:00:00
       51   1    8    0  -241.09035644   -1.20E-08*  7.99E-05   17  19 1 -1.44E-05   0.27   1.31    QN   YES    0:00:00
       52   1    8    0  -241.09035644   -4.09E-09  -3.32E-05   17  19 1 -9.02E-06   0.27   1.53    QN   YES    0:00:00
      Convergence after 52 iterations
       53   1    8    0  -241.09035644   -2.03E-09  -3.32E-05   14  26 1 -5.05E-06   0.27   1.53    QN   YES    0:00:00

      ************************************************************************************************************************
                                                      Wave function printout:
                       occupation of active orbitals, and spin coupling of open shells (u,d: Spin up or down)
      ************************************************************************************************************************

      Note: transformation to natural orbitals
      has been made, which may change the order of the CSFs.

      printout of CI-coefficients larger than  0.05 for root  1
      energy=    -241.118509

      Occupation of active orbitals, and spin coupling of open shells. (u,d: Spin up or down).

         Conf Occupation    Coeff  Weight
            1   u00000    0.99580 0.99162
            2   0u0000    0.05621 0.00316
            4   000u00   -0.07223 0.00522

      ************************************************************************************************************************

      printout of CI-coefficients larger than  0.05 for root  2
      energy=    -241.113156

      Occupation of active orbitals, and spin coupling of open shells. (u,d: Spin up or down).

         Conf Occupation    Coeff  Weight
            1   u00000   -0.06554 0.00429
            2   0u0000    0.98882 0.97776
            4   000u00   -0.13396 0.01795

      ************************************************************************************************************************

      printout of CI-coefficients larger than  0.05 for root  3
      energy=    -241.039403

      Occupation of active orbitals, and spin coupling of open shells. (u,d: Spin up or down).

         Conf Occupation    Coeff  Weight
            1   u00000    0.06389 0.00408
            2   0u0000    0.13813 0.01908
            4   000u00    0.98835 0.97684

      ************************************************************************************************************************

      Natural orbitals and occupation numbers for root  1
      sym 1:   1.000000   0.000000   0.000000   0.000000   0.000000   0.000000

      Natural orbitals and occupation numbers for root  2
      sym 1:  -0.000000   1.000000   0.000000   0.000000   0.000000   0.000000

      Natural orbitals and occupation numbers for root  3
      sym 1:  -0.000000   0.000000   0.000000   1.000000   0.000000   0.000000

      ************************************************************************************************************************
      *                                                                                                                      *
      *                                                    Final results                                                     *
      *                                                                                                                      *
      ************************************************************************************************************************


++    Final optimization conditions:
      ------------------------------

      Average CI energy                            -241.09035644
      RASSCF energy for state  3                   -241.03940342
      Super-CI energy                                -0.00000000
      RASSCF energy change                           -0.00000000
      Max change in MO coefficients               3.257E-05
      Max non-diagonal density matrix element    -3.319E-05
      Maximum BLB matrix element                 -5.051E-06
      (orbital pair  14,  26 in symmetry   1)
      Norm of electronic gradient            1.414E-01
--


      Final state energy(ies):
      ------------------------

::    RASSCF root number  1 Total energy:   -241.11850950
::    RASSCF root number  2 Total energy:   -241.11315641
::    RASSCF root number  3 Total energy:   -241.03940342

++    Molecular orbitals:
      -------------------

      Pseudonatural active orbitals and approximate occupation numbers




      Molecular orbitals for symmetry species 1: a  


      Orbital                 1         2         3         4         5         6         7         8         9        10
      Energy           -13.8932  -13.8915  -13.8532  -13.8521  -13.8174  -13.8174  -10.3717   -3.7626   -3.5748   -3.4785
      Occ. No.           2.0000    2.0000    2.0000    2.0000    2.0000    2.0000    2.0000    2.0000    2.0000    2.0000

     1 C1     1s        -0.0031   -0.0030    0.0084   -0.0086    0.5187   -0.8546   -0.0001   -0.0297    0.0010   -0.0348
     2 C1     2s        -0.0000    0.0006    0.0004    0.0003    0.0009   -0.0009    0.0011    0.2172   -0.0532    0.4126
     3 C1     3s         0.0001    0.0004   -0.0000    0.0003   -0.0006    0.0012    0.0004   -0.0249   -0.0022   -0.0258
     4 C1     2px        0.0005    0.0003   -0.0001   -0.0001    0.0001    0.0000    0.0002    0.0151    0.0705    0.0164
     5 C1     3px        0.0002    0.0001   -0.0003    0.0001    0.0000    0.0000   -0.0000   -0.0155   -0.0549   -0.0201
     6 C1     2py        0.0003   -0.0005   -0.0004   -0.0005   -0.0004    0.0003   -0.0010   -0.1014    0.0261   -0.1237
     7 C1     3py        0.0001   -0.0004   -0.0002   -0.0005    0.0005   -0.0011   -0.0006    0.0143    0.0118   -0.0234
     8 C1     2pz       -0.0000   -0.0002   -0.0000   -0.0001   -0.0001    0.0002    0.0004   -0.0295    0.0118   -0.0873
     9 C1     3pz       -0.0001   -0.0002    0.0001   -0.0001    0.0006   -0.0007    0.0001    0.0088    0.0027   -0.0213
    10 C1     3d2-      -0.0001   -0.0000   -0.0001   -0.0000   -0.0001    0.0001   -0.0003   -0.0060   -0.0193   -0.0058
    11 C1     3d1-      -0.0000    0.0000    0.0001    0.0001    0.0003   -0.0004   -0.0004    0.0077   -0.0032    0.0122
    12 C1     3d0       -0.0000   -0.0000   -0.0000   -0.0000   -0.0001    0.0002   -0.0001   -0.0093    0.0038   -0.0139
    13 C1     3d1+      -0.0001   -0.0000    0.0000   -0.0000   -0.0000    0.0000    0.0001   -0.0005   -0.0082   -0.0022
    14 C1     3d2+      -0.0001   -0.0001    0.0000   -0.0000   -0.0000    0.0000   -0.0001    0.0002    0.0002    0.0123
    15 C2     1s        -0.7055   -0.7087   -0.0000    0.0002   -0.0024    0.0038   -0.0000   -0.0245    0.0413   -0.0113
    16 C2     2s        -0.0008   -0.0024   -0.0001   -0.0004   -0.0005   -0.0005   -0.0002    0.1631   -0.3848    0.1757
    17 C2     3s         0.0004   -0.0003    0.0001   -0.0002   -0.0003   -0.0001   -0.0002   -0.0285    0.0462   -0.0166
    18 C2     2px        0.0000   -0.0006    0.0003   -0.0004   -0.0002   -0.0003   -0.0002    0.0606   -0.0674    0.0585
    19 C2     3px        0.0006    0.0001    0.0003   -0.0003   -0.0003   -0.0001   -0.0002   -0.0165   -0.0062   -0.0317
    20 C2     2py        0.0006    0.0013   -0.0002    0.0000    0.0007   -0.0002    0.0001   -0.0565    0.1548    0.0144
    21 C2     3py       -0.0007    0.0002   -0.0002    0.0000    0.0004   -0.0000    0.0001    0.0147   -0.0522   -0.0572
    22 C2     2pz       -0.0001   -0.0003   -0.0001    0.0000   -0.0003    0.0001   -0.0001    0.0161   -0.0286    0.0184
    23 C2     3pz        0.0003    0.0002   -0.0001    0.0000   -0.0003    0.0001   -0.0001   -0.0064   -0.0038   -0.0049
    24 C2     3d2-       0.0001    0.0001   -0.0000    0.0000    0.0001   -0.0000    0.0000   -0.0044    0.0043    0.0085
    25 C2     3d1-       0.0001    0.0002   -0.0000    0.0000    0.0000    0.0000    0.0000   -0.0027    0.0015    0.0025
    26 C2     3d0        0.0005    0.0006   -0.0001    0.0000    0.0001   -0.0001    0.0000   -0.0133    0.0261   -0.0084
    27 C2     3d1+      -0.0001   -0.0003   -0.0001    0.0000   -0.0000    0.0000   -0.0001    0.0072   -0.0128    0.0096
    28 C2     3d2+       0.0005    0.0003    0.0000   -0.0001    0.0001   -0.0000   -0.0000   -0.0019    0.0224    0.0101
    29 C3     1s        -0.7080    0.7062    0.0000   -0.0002    0.0039    0.0022   -0.0000   -0.0245    0.0413    0.0113
    30 C3     2s        -0.0008    0.0024   -0.0001    0.0004    0.0002   -0.0007   -0.0002    0.1631   -0.3848   -0.1757
    31 C3     3s         0.0004    0.0003    0.0001    0.0002    0.0002   -0.0002   -0.0002   -0.0285    0.0462    0.0166
    32 C3     2px        0.0000    0.0006    0.0003    0.0004    0.0001   -0.0003   -0.0002    0.0606   -0.0674   -0.0585
    33 C3     3px        0.0006   -0.0001    0.0003    0.0003    0.0002   -0.0002   -0.0002   -0.0165   -0.0062    0.0317
    34 C3     2py       -0.0006    0.0013    0.0002    0.0000    0.0007   -0.0002   -0.0001    0.0565   -0.1548    0.0144
    35 C3     3py        0.0007    0.0002    0.0002    0.0000    0.0004   -0.0002   -0.0001   -0.0147    0.0522   -0.0572
    36 C3     2pz       -0.0001    0.0003   -0.0001   -0.0000    0.0003   -0.0001   -0.0001    0.0161   -0.0285   -0.0184
    37 C3     3pz        0.0003   -0.0002   -0.0001   -0.0000    0.0003   -0.0000   -0.0001   -0.0064   -0.0038    0.0049
    38 C3     3d2-      -0.0001    0.0001    0.0000    0.0000    0.0001   -0.0000   -0.0000    0.0044   -0.0043    0.0085
    39 C3     3d1-      -0.0001    0.0002    0.0000    0.0000   -0.0000   -0.0000   -0.0000    0.0027   -0.0015    0.0025
    40 C3     3d0        0.0005   -0.0006   -0.0001   -0.0000   -0.0001   -0.0000    0.0000   -0.0133    0.0261    0.0084
    41 C3     3d1+      -0.0001    0.0003   -0.0001   -0.0000    0.0000    0.0000   -0.0001    0.0072   -0.0128   -0.0096
    42 C3     3d2+       0.0005   -0.0003    0.0000    0.0001   -0.0001    0.0000   -0.0000   -0.0019    0.0224   -0.0101
    43 C4     1s        -0.0031    0.0030    0.0083    0.0087   -0.8547   -0.5186   -0.0001   -0.0297    0.0010    0.0348
    44 C4     2s        -0.0000   -0.0006    0.0004   -0.0003   -0.0013   -0.0004    0.0011    0.2172   -0.0532   -0.4126
    45 C4     3s         0.0001   -0.0004   -0.0000   -0.0003    0.0011    0.0008    0.0004   -0.0249   -0.0022    0.0258
    46 C4     2px        0.0005   -0.0003   -0.0001    0.0001   -0.0000    0.0000    0.0002    0.0151    0.0705   -0.0164
    47 C4     3px        0.0002   -0.0001   -0.0003   -0.0001   -0.0000    0.0001   -0.0000   -0.0155   -0.0549    0.0201
    48 C4     2py       -0.0003   -0.0005    0.0004   -0.0005   -0.0005   -0.0001    0.0010    0.1014   -0.0261   -0.1237
    49 C4     3py       -0.0001   -0.0004    0.0002   -0.0005    0.0010    0.0008    0.0006   -0.0143   -0.0118   -0.0234
    50 C4     2pz       -0.0000    0.0002   -0.0000    0.0001    0.0002    0.0002    0.0004   -0.0295    0.0118    0.0873
    51 C4     3pz       -0.0001    0.0002    0.0001    0.0001   -0.0008   -0.0004    0.0001    0.0088    0.0028    0.0213
    52 C4     3d2-       0.0001   -0.0000    0.0001   -0.0000   -0.0001   -0.0001    0.0003    0.0060    0.0193   -0.0058
    53 C4     3d1-       0.0000    0.0000   -0.0001    0.0001    0.0004    0.0002    0.0004   -0.0077    0.0032    0.0122
    54 C4     3d0       -0.0000    0.0000   -0.0000    0.0000    0.0002    0.0001   -0.0001   -0.0093    0.0038    0.0139
    55 C4     3d1+      -0.0001    0.0000    0.0000    0.0000    0.0000    0.0000    0.0001   -0.0005   -0.0082    0.0022
    56 C4     3d2+      -0.0001    0.0001    0.0000    0.0000    0.0000    0.0000   -0.0001    0.0002    0.0002   -0.0123
    57 C5     1s         0.0000    0.0003    0.7029    0.7114    0.0107    0.0059   -0.0002   -0.0372   -0.0256    0.0165
    58 C5     2s        -0.0003    0.0005    0.0013    0.0028    0.0004   -0.0007   -0.0004    0.2490    0.2429   -0.2235
    59 C5     3s        -0.0002    0.0002   -0.0004    0.0003    0.0003   -0.0002   -0.0001   -0.0360   -0.0254    0.0177
    60 C5     2px        0.0004   -0.0004   -0.0004   -0.0007    0.0001    0.0003    0.0001   -0.0749   -0.0316    0.0879
    61 C5     3px        0.0003   -0.0003    0.0009    0.0008   -0.0001    0.0001    0.0001    0.0122   -0.0169   -0.0202
    62 C5     2py        0.0000   -0.0001    0.0004    0.0020    0.0009   -0.0001   -0.0002    0.0826    0.0992    0.0198
    63 C5     3py       -0.0000   -0.0001   -0.0015   -0.0001    0.0006   -0.0001   -0.0002   -0.0268   -0.0281   -0.0569
    64 C5     2pz       -0.0001    0.0001    0.0001    0.0005    0.0003    0.0001   -0.0003    0.0594    0.0513   -0.0611
    65 C5     3pz       -0.0001    0.0001   -0.0008   -0.0005    0.0003    0.0001   -0.0002   -0.0185   -0.0009    0.0199
    66 C5     3d2-      -0.0000    0.0000    0.0001   -0.0001   -0.0001    0.0000    0.0000   -0.0049   -0.0015   -0.0067
    67 C5     3d1-       0.0000    0.0000    0.0000    0.0001   -0.0000   -0.0000    0.0000    0.0091    0.0067    0.0041
    68 C5     3d0        0.0000   -0.0000   -0.0003   -0.0005   -0.0001    0.0000   -0.0000   -0.0097   -0.0071    0.0011
    69 C5     3d1+       0.0000   -0.0000   -0.0002   -0.0004   -0.0001   -0.0000   -0.0001   -0.0177   -0.0117    0.0214
    70 C5     3d2+      -0.0000    0.0001   -0.0002   -0.0005   -0.0001   -0.0000   -0.0000   -0.0086   -0.0181   -0.0118
    71 C6     1s         0.0000   -0.0003    0.7109   -0.7034   -0.0067    0.0102   -0.0002   -0.0372   -0.0256   -0.0165
    72 C6     2s        -0.0003   -0.0005    0.0013   -0.0028   -0.0007   -0.0004   -0.0004    0.2490    0.2429    0.2235
    73 C6     3s        -0.0002   -0.0002   -0.0004   -0.0004   -0.0003   -0.0000   -0.0001   -0.0360   -0.0254   -0.0177
    74 C6     2px        0.0004    0.0004   -0.0004    0.0007    0.0001    0.0003    0.0001   -0.0749   -0.0316   -0.0879
    75 C6     3px        0.0003    0.0003    0.0010   -0.0008    0.0001    0.0000    0.0001    0.0122   -0.0169    0.0202
    76 C6     2py       -0.0000   -0.0001   -0.0004    0.0020    0.0008   -0.0004    0.0002   -0.0826   -0.0992    0.0198
    77 C6     3py        0.0000   -0.0001    0.0015   -0.0001    0.0005   -0.0002    0.0002    0.0268    0.0281   -0.0569
    78 C6     2pz       -0.0001   -0.0001    0.0001   -0.0005   -0.0002    0.0002   -0.0003    0.0594    0.0513    0.0611
    79 C6     3pz       -0.0001   -0.0001   -0.0008    0.0005   -0.0002    0.0002   -0.0002   -0.0185   -0.0009   -0.0199
    80 C6     3d2-       0.0000    0.0000   -0.0001   -0.0001   -0.0001    0.0000   -0.0000    0.0049    0.0015   -0.0067
    81 C6     3d1-      -0.0000    0.0000   -0.0000    0.0001    0.0000    0.0000   -0.0000   -0.0091   -0.0067    0.0041
    82 C6     3d0        0.0000    0.0000   -0.0003    0.0005    0.0001    0.0000   -0.0000   -0.0097   -0.0071   -0.0011
    83 C6     3d1+       0.0000    0.0000   -0.0002    0.0004    0.0000   -0.0000   -0.0001   -0.0177   -0.0117   -0.0214
    84 C6     3d2+      -0.0000   -0.0001   -0.0002    0.0005    0.0001   -0.0001   -0.0000   -0.0086   -0.0181    0.0118
    85 H7     1s        -0.0001    0.0003    0.0001    0.0004    0.0001    0.0000    0.0004    0.0154   -0.0097    0.0949
    86 H7     2s         0.0001    0.0001   -0.0001    0.0001   -0.0002    0.0003   -0.0000   -0.0102    0.0003   -0.0208
    87 H7     2px       -0.0000    0.0000    0.0001   -0.0000   -0.0000   -0.0000    0.0001    0.0017    0.0062    0.0006
    88 H7     2py        0.0000    0.0000    0.0000    0.0000   -0.0002    0.0004   -0.0000   -0.0043    0.0003   -0.0175
    89 H7     2pz        0.0000    0.0000   -0.0000   -0.0000   -0.0001    0.0002    0.0001   -0.0014   -0.0000   -0.0036
    90 H8     1s         0.0001   -0.0004    0.0002   -0.0001   -0.0004    0.0000   -0.0002    0.0076   -0.0452    0.0365
    91 H8     2s         0.0003    0.0000    0.0000   -0.0000   -0.0001    0.0000   -0.0001   -0.0060    0.0163   -0.0112
    92 H8     2px       -0.0002   -0.0002   -0.0000    0.0000    0.0000   -0.0000    0.0000    0.0030   -0.0065    0.0102
    93 H8     2py        0.0003    0.0001   -0.0000    0.0000   -0.0000   -0.0000    0.0000   -0.0023    0.0122    0.0011
    94 H8     2pz       -0.0001   -0.0001    0.0000   -0.0000    0.0000   -0.0000   -0.0000    0.0009   -0.0029    0.0036
    95 H9     1s         0.0001    0.0004    0.0002    0.0001    0.0004   -0.0002   -0.0002    0.0076   -0.0452   -0.0365
    96 H9     2s         0.0003   -0.0000    0.0000    0.0000    0.0001   -0.0000   -0.0001   -0.0060    0.0163    0.0112
    97 H9     2px       -0.0002    0.0002   -0.0000   -0.0000   -0.0000   -0.0000    0.0000    0.0030   -0.0066   -0.0102
    98 H9     2py       -0.0003    0.0001    0.0000    0.0000    0.0000    0.0000   -0.0000    0.0023   -0.0122    0.0011
    99 H9     2pz       -0.0001    0.0001    0.0000    0.0000   -0.0001   -0.0000   -0.0000    0.0009   -0.0029   -0.0035
   100 H10    1s        -0.0001   -0.0003    0.0001   -0.0004   -0.0001    0.0001    0.0004    0.0154   -0.0097   -0.0949
   101 H10    2s         0.0001   -0.0001   -0.0001   -0.0001    0.0003    0.0002   -0.0000   -0.0102    0.0003    0.0208
   102 H10    2px       -0.0000   -0.0000    0.0001    0.0000   -0.0000   -0.0000    0.0001    0.0017    0.0062   -0.0006
   103 H10    2py       -0.0000    0.0000   -0.0000    0.0000   -0.0004   -0.0002    0.0000    0.0043   -0.0003   -0.0175
   104 H10    2pz        0.0000   -0.0000   -0.0000    0.0000    0.0002    0.0001    0.0001   -0.0014   -0.0000    0.0036
   105 H11    1s        -0.0003    0.0001   -0.0002    0.0003    0.0004   -0.0001   -0.0003    0.0166    0.0401   -0.0460
   106 H11    2s        -0.0000    0.0000   -0.0005   -0.0002    0.0001   -0.0000   -0.0001   -0.0094   -0.0111    0.0113
   107 H11    2px       -0.0000    0.0000   -0.0004   -0.0004   -0.0000   -0.0000    0.0001   -0.0025   -0.0041    0.0101
   108 H11    2py       -0.0000    0.0000    0.0004    0.0003   -0.0000    0.0000    0.0000    0.0045    0.0082    0.0013
   109 H11    2pz       -0.0000    0.0000    0.0003    0.0002   -0.0001   -0.0000    0.0001    0.0045    0.0033   -0.0056
   110 H12    1s        -0.0003   -0.0001   -0.0002   -0.0003   -0.0004    0.0001   -0.0003    0.0166    0.0401    0.0460
   111 H12    2s        -0.0000   -0.0000   -0.0005    0.0002   -0.0001    0.0000   -0.0001   -0.0094   -0.0111   -0.0113
   112 H12    2px       -0.0000   -0.0000   -0.0004    0.0004    0.0000   -0.0000    0.0001   -0.0025   -0.0041   -0.0101
   113 H12    2py        0.0000    0.0000   -0.0004    0.0003   -0.0000   -0.0000   -0.0000   -0.0045   -0.0082    0.0013
   114 H12    2pz       -0.0000   -0.0000    0.0003   -0.0002    0.0000   -0.0001    0.0001    0.0045    0.0033    0.0056
   115 B13    1s        -0.0000   -0.0000    0.0003    0.0000   -0.0001   -0.0003    0.9997   -0.0316   -0.0071   -0.0000
   116 B13    2s        -0.0003   -0.0000    0.0013    0.0000   -0.0004   -0.0016   -0.0012    0.1719    0.1040    0.0000
   117 B13    3s        -0.0002   -0.0000    0.0002    0.0000   -0.0001   -0.0003    0.0007   -0.0233   -0.0016   -0.0000
   118 B13    2px        0.0003    0.0000    0.0006    0.0000    0.0001    0.0002    0.0008   -0.0195    0.0287   -0.0000
   119 B13    3px        0.0002    0.0000    0.0003    0.0000    0.0000    0.0000    0.0000    0.0158    0.0019    0.0000
   120 B13    2py        0.0000   -0.0002    0.0000   -0.0002    0.0001   -0.0000   -0.0000    0.0000   -0.0000    0.1545
   121 B13    3py        0.0000   -0.0000    0.0000   -0.0001   -0.0001    0.0000   -0.0000   -0.0000    0.0000   -0.0240
   122 B13    2pz        0.0001    0.0000   -0.0003   -0.0000    0.0001    0.0004   -0.0012   -0.1202   -0.0773   -0.0000
   123 B13    3pz        0.0001    0.0000   -0.0000   -0.0000    0.0001    0.0002    0.0001    0.0379    0.0145    0.0000
   124 B13    3d2-      -0.0000    0.0001   -0.0000    0.0000    0.0000   -0.0000    0.0000   -0.0000   -0.0000   -0.0227
   125 B13    3d1-      -0.0000    0.0001    0.0000   -0.0001    0.0000   -0.0000    0.0000   -0.0000    0.0000   -0.0475
   126 B13    3d0        0.0001    0.0000   -0.0002   -0.0000    0.0000    0.0001    0.0004    0.0241    0.0200    0.0000
   127 B13    3d1+      -0.0001   -0.0000   -0.0001   -0.0000    0.0000    0.0001   -0.0002    0.0057   -0.0099    0.0000
   128 B13    3d2+      -0.0001   -0.0000   -0.0000   -0.0000   -0.0000   -0.0000   -0.0002   -0.0064   -0.0100   -0.0000


      Orbital                11        12        13        14        15        16        17        18        19        20
      Energy            -3.3142   -3.2208   -3.1166   -3.0667   -3.0074   -2.9780   -2.9714   -2.9058   -2.6596   -2.6562
      Occ. No.           2.0000    2.0000    2.0000    2.0000    2.0000    2.0000    2.0000    2.0000    0.3333    0.3333

     1 C1     1s         0.0181   -0.0016   -0.0047    0.0059   -0.0003    0.0028   -0.0003   -0.0062   -0.0017    0.0124
     2 C1     2s        -0.3318   -0.0632    0.1510   -0.1100    0.0482    0.0902   -0.2900    0.0151   -0.1919    0.1838
     3 C1     3s         0.0156   -0.0032   -0.0127    0.0243   -0.0151    0.0046    0.0101   -0.0244    0.0155    0.0207
     4 C1     2px       -0.0072    0.2405   -0.1931   -0.2014   -0.1094    0.0122   -0.0174   -0.0342    0.0028   -0.2200
     5 C1     3px        0.0047   -0.0720    0.0508    0.0388    0.0161   -0.0029    0.0132    0.0206    0.0057    0.0593
     6 C1     2py        0.0835    0.0025    0.0950   -0.1661    0.0757    0.0147   -0.0102    0.3433   -0.2210   -0.0366
     7 C1     3py        0.0337    0.0141   -0.0431    0.0473   -0.0315   -0.0442    0.0773   -0.0911    0.1106   -0.0391
     8 C1     2pz       -0.0016    0.0003   -0.0784   -0.0310    0.3112    0.0550   -0.2197    0.1947   -0.0584   -0.1334
     9 C1     3pz        0.0322   -0.0045    0.0116    0.0095   -0.0607   -0.0175    0.0723   -0.0258    0.0168    0.0336
    10 C1     3d2-       0.0042   -0.0213    0.0221    0.0188    0.0053    0.0255    0.0040    0.0137    0.0003    0.0347
    11 C1     3d1-       0.0029   -0.0008    0.0098    0.0107   -0.0402   -0.0069    0.0126   -0.0234   -0.0168    0.0129
    12 C1     3d0        0.0102    0.0021    0.0033   -0.0062   -0.0126   -0.0053    0.0093    0.0035   -0.0082    0.0028
    13 C1     3d1+      -0.0032   -0.0240    0.0106    0.0123    0.0205   -0.0054   -0.0087    0.0048    0.0038   -0.0001
    14 C1     3d2+      -0.0016   -0.0030    0.0187   -0.0217   -0.0041   -0.0025    0.0110    0.0151    0.0046   -0.0098
    15 C2     1s        -0.0129    0.0091   -0.0006    0.0075   -0.0023    0.0044    0.0045   -0.0024    0.0014   -0.0034
    16 C2     2s         0.1743   -0.3999    0.0624   -0.0746    0.0324   -0.1220    0.2448    0.0047    0.0725   -0.2304
    17 C2     3s        -0.0172    0.0172   -0.0115    0.0320   -0.0104    0.0286   -0.0032   -0.0084   -0.0063    0.0228
    18 C2     2px       -0.0773   -0.1304    0.1139    0.2351   -0.0843    0.1531    0.0359   -0.0874   -0.0096    0.2612
    19 C2     3px        0.0477   -0.0359   -0.0155   -0.0711    0.0203   -0.0823    0.0555    0.0363    0.0251   -0.1247
    20 C2     2py       -0.1803   -0.1027    0.3020    0.0264    0.0402   -0.2573    0.0504    0.0583    0.1722   -0.0667
    21 C2     3py        0.0454    0.0782   -0.0913   -0.0007   -0.0132    0.1041   -0.0454   -0.0019   -0.0706    0.0569
    22 C2     2pz       -0.0417   -0.0462    0.0232    0.1039    0.0752    0.1292   -0.0411    0.0033   -0.0070    0.1075
    23 C2     3pz        0.0190   -0.0171    0.0007   -0.0339   -0.0092   -0.0437    0.0277    0.0088    0.0112   -0.0526
    24 C2     3d2-      -0.0001   -0.0108    0.0146   -0.0238    0.0101   -0.0296   -0.0043    0.0037   -0.0047    0.0284
    25 C2     3d1-      -0.0000   -0.0039    0.0070   -0.0098   -0.0044   -0.0162   -0.0065    0.0039   -0.0078    0.0123
    26 C2     3d0       -0.0117    0.0094    0.0016   -0.0032    0.0132   -0.0043   -0.0077    0.0052    0.0036   -0.0067
    27 C2     3d1+      -0.0067   -0.0156    0.0086    0.0111    0.0172    0.0050   -0.0049   -0.0002    0.0116    0.0067
    28 C2     3d2+      -0.0275   -0.0133    0.0293    0.0229   -0.0106   -0.0163    0.0099   -0.0204    0.0216    0.0169
    29 C3     1s        -0.0129   -0.0091   -0.0006    0.0075   -0.0023    0.0044   -0.0045    0.0024    0.0016    0.0036
    30 C3     2s         0.1743    0.3999    0.0624   -0.0747    0.0324   -0.1222   -0.2447   -0.0047    0.0567    0.2376
    31 C3     3s        -0.0172   -0.0172   -0.0115    0.0320   -0.0104    0.0286    0.0031    0.0084   -0.0033   -0.0233
    32 C3     2px       -0.0773    0.1304    0.1139    0.2351   -0.0843    0.1531   -0.0361    0.0873    0.0275   -0.2602
    33 C3     3px        0.0477    0.0359   -0.0155   -0.0712    0.0203   -0.0823   -0.0554   -0.0363    0.0060    0.1264
    34 C3     2py        0.1803   -0.1028   -0.3020   -0.0264   -0.0402    0.2573    0.0502    0.0583   -0.1563   -0.0852
    35 C3     3py       -0.0454    0.0782    0.0913    0.0007    0.0132   -0.1041   -0.0453   -0.0019    0.0665    0.0647
    36 C3     2pz       -0.0417    0.0462    0.0232    0.1039    0.0752    0.1292    0.0409   -0.0033    0.0213   -0.1066
    37 C3     3pz        0.0190    0.0171    0.0007   -0.0339   -0.0092   -0.0437   -0.0276   -0.0088    0.0013    0.0533
    38 C3     3d2-       0.0001   -0.0108   -0.0146    0.0238   -0.0101    0.0296   -0.0043    0.0037    0.0024    0.0288
    39 C3     3d1-       0.0000   -0.0039   -0.0070    0.0098    0.0044    0.0162   -0.0065    0.0039    0.0058    0.0131
    40 C3     3d0       -0.0117   -0.0094    0.0016   -0.0032    0.0132   -0.0043    0.0077   -0.0052    0.0041    0.0071
    41 C3     3d1+      -0.0067    0.0156    0.0086    0.0111    0.0172    0.0050    0.0049    0.0002    0.0154   -0.0051
    42 C3     3d2+      -0.0275    0.0133    0.0293    0.0229   -0.0106   -0.0163   -0.0099    0.0204    0.0250   -0.0143
    43 C4     1s         0.0181    0.0016   -0.0047    0.0059   -0.0003    0.0028    0.0003    0.0062   -0.0008   -0.0125
    44 C4     2s        -0.3318    0.0632    0.1510   -0.1100    0.0481    0.0904    0.2899   -0.0150   -0.1838   -0.2050
    45 C4     3s         0.0156    0.0032   -0.0127    0.0243   -0.0152    0.0046   -0.0101    0.0244    0.0173   -0.0189
    46 C4     2px       -0.0072   -0.2405   -0.1931   -0.2014   -0.1094    0.0122    0.0174    0.0342   -0.0472    0.2175
    47 C4     3px        0.0047    0.0720    0.0508    0.0388    0.0161   -0.0029   -0.0132   -0.0206    0.0128   -0.0582
    48 C4     2py       -0.0835    0.0025   -0.0950    0.1661   -0.0757   -0.0147   -0.0102    0.3433    0.2615   -0.0095
    49 C4     3py       -0.0337    0.0141    0.0431   -0.0473    0.0315    0.0442    0.0773   -0.0911   -0.1165   -0.0519
    50 C4     2pz       -0.0016   -0.0003   -0.0784   -0.0310    0.3112    0.0552    0.2197   -0.1946   -0.0352    0.1281
    51 C4     3pz        0.0322    0.0045    0.0116    0.0095   -0.0607   -0.0176   -0.0723    0.0258    0.0127   -0.0319
    52 C4     3d2-      -0.0042   -0.0213   -0.0221   -0.0188   -0.0053   -0.0255    0.0041    0.0137   -0.0067    0.0343
    53 C4     3d1-      -0.0029   -0.0008   -0.0098   -0.0107    0.0402    0.0069    0.0126   -0.0233    0.0188    0.0149
    54 C4     3d0        0.0102   -0.0021    0.0033   -0.0062   -0.0126   -0.0053   -0.0093   -0.0035   -0.0104   -0.0038
    55 C4     3d1+      -0.0032    0.0240    0.0106    0.0123    0.0205   -0.0054    0.0087   -0.0048    0.0060    0.0006
    56 C4     3d2+      -0.0016    0.0030    0.0187   -0.0217   -0.0041   -0.0025   -0.0110   -0.0151    0.0032    0.0103
    57 C5     1s        -0.0181    0.0067   -0.0056    0.0014    0.0005   -0.0032   -0.0093    0.0017   -0.0024   -0.0008
    58 C5     2s         0.2547   -0.3101    0.1551   -0.0939   -0.0973    0.1143   -0.4095   -0.1117    0.0226   -0.0428
    59 C5     3s        -0.0251    0.0087   -0.0238    0.0169   -0.0038   -0.0226   -0.0017    0.0183   -0.0210    0.0035
    60 C5     2px        0.0723    0.0802    0.0982   -0.0133    0.2578    0.1656    0.0214   -0.2228    0.2238   -0.0243
    61 C5     3px       -0.0640    0.0342   -0.0447    0.0197   -0.0362   -0.0608    0.0833    0.0870   -0.0566    0.0214
    62 C5     2py        0.2122    0.0483    0.0357    0.2548    0.1809   -0.1568    0.0732    0.1034   -0.2522    0.0336
    63 C5     3py       -0.0398   -0.0615    0.0066   -0.0752   -0.0614    0.0542   -0.0704   -0.0268    0.0788    0.0005
    64 C5     2pz       -0.0376   -0.0829   -0.1152   -0.0555    0.0239   -0.0688    0.0178    0.0746    0.0225    0.1115
    65 C5     3pz        0.0299   -0.0040    0.0430   -0.0024   -0.0118    0.0342   -0.0486   -0.0398    0.0055   -0.0339
    66 C5     3d2-       0.0004   -0.0030    0.0105   -0.0210    0.0113    0.0241    0.0057    0.0024    0.0182    0.0014
    67 C5     3d1-       0.0063    0.0049   -0.0136    0.0158    0.0193   -0.0200   -0.0034    0.0062    0.0036   -0.0022
    68 C5     3d0       -0.0193   -0.0055   -0.0202   -0.0157    0.0186    0.0030    0.0096   -0.0006    0.0226    0.0193
    69 C5     3d1+       0.0100    0.0182    0.0171    0.0071    0.0134    0.0106   -0.0008   -0.0216   -0.0020   -0.0135
    70 C5     3d2+      -0.0342   -0.0070   -0.0119   -0.0147   -0.0390    0.0007   -0.0139    0.0231    0.0228   -0.0016
    71 C6     1s        -0.0181   -0.0067   -0.0056    0.0014    0.0005   -0.0032    0.0093   -0.0017   -0.0019    0.0006
    72 C6     2s         0.2547    0.3101    0.1551   -0.0939   -0.0974    0.1146    0.4094    0.1117    0.0073    0.0445
    73 C6     3s        -0.0251   -0.0087   -0.0238    0.0169   -0.0038   -0.0226    0.0017   -0.0183   -0.0168   -0.0057
    74 C6     2px        0.0723   -0.0802    0.0981   -0.0133    0.2578    0.1656   -0.0216    0.2228    0.1818    0.0472
    75 C6     3px       -0.0640   -0.0342   -0.0447    0.0197   -0.0361   -0.0608   -0.0832   -0.0870   -0.0442   -0.0271
    76 C6     2py       -0.2122    0.0483   -0.0357   -0.2548   -0.1809    0.1568    0.0731    0.1034    0.2461    0.0616
    77 C6     3py        0.0398   -0.0615   -0.0066    0.0752    0.0614   -0.0543   -0.0703   -0.0267   -0.0789   -0.0084
    78 C6     2pz       -0.0376    0.0829   -0.1153   -0.0555    0.0239   -0.0688   -0.0177   -0.0746    0.0366   -0.1081
    79 C6     3pz        0.0299    0.0040    0.0430   -0.0024   -0.0118    0.0343    0.0486    0.0399   -0.0002    0.0342
    80 C6     3d2-      -0.0004   -0.0030   -0.0105    0.0210   -0.0113   -0.0241    0.0057    0.0024   -0.0219   -0.0008
    81 C6     3d1-      -0.0063    0.0049    0.0136   -0.0158   -0.0193    0.0200   -0.0034    0.0062   -0.0019   -0.0026
    82 C6     3d0       -0.0193    0.0055   -0.0202   -0.0157    0.0186    0.0030   -0.0096    0.0006    0.0220   -0.0168
    83 C6     3d1+       0.0100   -0.0182    0.0171    0.0071    0.0134    0.0106    0.0008    0.0216   -0.0042    0.0132
    84 C6     3d2+      -0.0342    0.0070   -0.0119   -0.0147   -0.0390    0.0007    0.0139   -0.0232    0.0226    0.0041
    85 H7     1s        -0.1032   -0.0144    0.0675   -0.0903    0.0775    0.0604   -0.1557    0.1694   -0.1752    0.0252
    86 H7     2s         0.0222    0.0029   -0.0310    0.0558   -0.0443   -0.0232    0.0630   -0.0978    0.0981   -0.0082
    87 H7     2px        0.0012    0.0063   -0.0062   -0.0023   -0.0020   -0.0016    0.0010   -0.0045    0.0015   -0.0061
    88 H7     2py        0.0195    0.0019   -0.0157    0.0269   -0.0231   -0.0117    0.0334   -0.0474    0.0421    0.0001
    89 H7     2pz        0.0029    0.0012   -0.0073    0.0085   -0.0001   -0.0024    0.0053   -0.0138    0.0154   -0.0041
    90 H8     1s         0.0519   -0.1395    0.0512   -0.1086    0.0330   -0.1994    0.1158    0.0557    0.0854   -0.2232
    91 H8     2s        -0.0134    0.0377   -0.0293    0.0510   -0.0178    0.0905   -0.0400   -0.0230   -0.0463    0.1143
    92 H8     2px        0.0047   -0.0223    0.0145   -0.0201    0.0055   -0.0396    0.0172    0.0089    0.0173   -0.0383
    93 H8     2py       -0.0122    0.0128   -0.0024    0.0210   -0.0054    0.0271   -0.0136   -0.0108   -0.0087    0.0354
    94 H8     2pz        0.0022   -0.0106    0.0058   -0.0093    0.0072   -0.0171    0.0073    0.0053    0.0086   -0.0178
    95 H9     1s         0.0519    0.1395    0.0512   -0.1086    0.0330   -0.1995   -0.1157   -0.0557    0.0545    0.2310
    96 H9     2s        -0.0134   -0.0377   -0.0293    0.0510   -0.0178    0.0906    0.0399    0.0230   -0.0308   -0.1187
    97 H9     2px        0.0047    0.0223    0.0145   -0.0201    0.0055   -0.0396   -0.0171   -0.0089    0.0120    0.0400
    98 H9     2py        0.0122    0.0128    0.0024   -0.0210    0.0054   -0.0271   -0.0135   -0.0108    0.0032    0.0361
    99 H9     2pz        0.0022    0.0106    0.0058   -0.0093    0.0072   -0.0171   -0.0072   -0.0053    0.0064    0.0187
   100 H10    1s        -0.1032    0.0144    0.0675   -0.0903    0.0775    0.0605    0.1556   -0.1693   -0.1858   -0.0455
   101 H10    2s         0.0222   -0.0029   -0.0310    0.0558   -0.0444   -0.0233   -0.0629    0.0978    0.1064    0.0198
   102 H10    2px        0.0012   -0.0063   -0.0062   -0.0023   -0.0020   -0.0016   -0.0010    0.0045    0.0009    0.0063
   103 H10    2py       -0.0195    0.0019    0.0157   -0.0269    0.0231    0.0118    0.0334   -0.0474   -0.0454   -0.0048
   104 H10    2pz        0.0029   -0.0012   -0.0073    0.0085   -0.0001   -0.0024   -0.0053    0.0138    0.0171    0.0059
   105 H11    1s         0.0835   -0.1075    0.0823   -0.0881   -0.0034    0.1404   -0.1732   -0.1552    0.1428   -0.0374
   106 H11    2s        -0.0208    0.0266   -0.0388    0.0425   -0.0025   -0.0672    0.0651    0.0785   -0.0833    0.0250
   107 H11    2px       -0.0096    0.0167   -0.0174    0.0208    0.0026   -0.0308    0.0283    0.0300   -0.0336    0.0084
   108 H11    2py        0.0155   -0.0082    0.0132   -0.0092    0.0065    0.0197   -0.0195   -0.0268    0.0187   -0.0077
   109 H11    2pz        0.0020   -0.0070    0.0012   -0.0077    0.0038    0.0089   -0.0079   -0.0095    0.0147   -0.0001
   110 H12    1s         0.0835    0.1075    0.0823   -0.0881   -0.0035    0.1405    0.1731    0.1552    0.1220    0.0523
   111 H12    2s        -0.0208   -0.0266   -0.0388    0.0425   -0.0025   -0.0673   -0.0651   -0.0785   -0.0692   -0.0336
   112 H12    2px       -0.0096   -0.0167   -0.0174    0.0208    0.0026   -0.0308   -0.0282   -0.0300   -0.0294   -0.0119
   113 H12    2py       -0.0155   -0.0082   -0.0132    0.0092   -0.0065   -0.0197   -0.0195   -0.0268   -0.0147   -0.0096
   114 H12    2pz        0.0020    0.0070    0.0012   -0.0077    0.0038    0.0089    0.0079    0.0095    0.0131    0.0016
   115 B13    1s         0.0144   -0.0000    0.0057    0.0120   -0.0116   -0.0073    0.0000   -0.0000    0.0046    0.0003
   116 B13    2s        -0.1620    0.0000   -0.3399    0.0560    0.3290   -0.1026    0.0001    0.0000    0.2783    0.0157
   117 B13    3s         0.0173   -0.0000    0.0016    0.0425   -0.0619   -0.0072   -0.0000   -0.0000   -0.0226   -0.0013
   118 B13    2px        0.0866    0.0000    0.0497   -0.0601   -0.0622   -0.0351    0.0000   -0.0000   -0.1027   -0.0058
   119 B13    3px       -0.0220    0.0000   -0.0065    0.0022    0.0255    0.0034   -0.0000    0.0000    0.0159    0.0009
   120 B13    2py       -0.0000    0.1100   -0.0000   -0.0000    0.0000   -0.0001   -0.2400   -0.0964   -0.0094   -0.2680
   121 B13    3py        0.0000   -0.0130    0.0000    0.0000   -0.0000    0.0000    0.0484    0.0061    0.0026    0.0530
   122 B13    2pz        0.0592   -0.0000    0.1914   -0.0540   -0.0940    0.1130   -0.0001    0.0000   -0.1241   -0.0070
   123 B13    3pz       -0.0163    0.0000   -0.0294   -0.0156    0.0364   -0.0121    0.0000    0.0000    0.0169    0.0010
   124 B13    3d2-       0.0000   -0.0036    0.0000    0.0000   -0.0000    0.0000    0.0369    0.0145    0.0024    0.0167
   125 B13    3d1-       0.0000   -0.0368    0.0000    0.0000   -0.0000    0.0000    0.0472    0.0426    0.0013    0.0686
   126 B13    3d0        0.0080    0.0000   -0.0296    0.0188   -0.0138   -0.0417    0.0000   -0.0000    0.0051    0.0003
   127 B13    3d1+      -0.0254   -0.0000   -0.0147    0.0222   -0.0014    0.0036    0.0000    0.0000    0.0287    0.0016
   128 B13    3d2+       0.0130   -0.0000    0.0105    0.0231   -0.0021    0.0034   -0.0000   -0.0000    0.0207    0.0012


      Orbital                22        25        26        27        28        29        30        31        32        33
      Energy            -2.5779   -2.4229   -2.2765   -2.1735   -2.1352   -2.0589   -1.9860   -1.9640   -1.9159   -1.8651
      Occ. No.           0.3333    0.0000    0.0000    0.0000    0.0000    0.0000    0.0000    0.0000    0.0000    0.0000

     1 C1     1s         0.0036    0.0032   -0.0085    0.0096   -0.0123   -0.0129   -0.0714   -0.0233    0.0260   -0.0215
     2 C1     2s         0.1086    0.0524   -0.1777    0.0829   -0.1344   -0.1318   -0.6775   -0.1991    0.2451   -0.1872
     3 C1     3s         0.0015   -0.0029    0.0172    0.0150    0.0007    0.0046   -0.0382   -0.0026    0.0305   -0.0122
     4 C1     2px        0.1763    0.0060   -0.0060   -0.0106    0.0106   -0.1776    0.0746   -0.6554   -0.2346   -0.5816
     5 C1     3px       -0.0046   -0.0001    0.0175   -0.0054   -0.0027    0.0034    0.0032   -0.0573    0.0194   -0.1360
     6 C1     2py        0.2786   -0.0296    0.0532   -0.1071    0.1470    0.1352    0.3568    0.0825   -0.2240    0.1622
     7 C1     3py       -0.0841   -0.0092   -0.0113   -0.0123    0.0176    0.0363    0.0459   -0.0053    0.0076    0.0175
     8 C1     2pz       -0.2584    0.1523   -0.0607    0.1332   -0.3572   -0.1765    0.1454    0.2002   -0.1712    0.0133
     9 C1     3pz        0.0523   -0.0289    0.0291    0.0021    0.0312   -0.0157    0.0119    0.0369   -0.0051   -0.0282
    10 C1     3d2-      -0.0181   -0.0014    0.0067   -0.0021    0.0024   -0.0189    0.0000   -0.0230   -0.0108   -0.1003
    11 C1     3d1-       0.0253    0.0070    0.0116   -0.0075   -0.0043   -0.0093   -0.0155    0.0037    0.0564    0.0104
    12 C1     3d0        0.0186    0.0124    0.0106    0.0040   -0.0454   -0.0208   -0.0048    0.0058    0.0103    0.0041
    13 C1     3d1+      -0.0153    0.0287    0.0141   -0.0567   -0.0174    0.0212    0.0133   -0.0649    0.0026   -0.0247
    14 C1     3d2+       0.0014   -0.0067    0.0282   -0.0099    0.0121   -0.0498    0.0675   -0.0172   -0.0313   -0.0076
    15 C2     1s        -0.0041   -0.0023    0.0105   -0.0015    0.0028   -0.0054    0.0215   -0.0286   -0.0291   -0.0582
    16 C2     2s        -0.0773   -0.0354    0.1353   -0.0193    0.0476   -0.0565    0.2247   -0.2153   -0.2764   -0.5029
    17 C2     3s        -0.0027    0.0040    0.0084    0.0025   -0.0098   -0.0092    0.0348   -0.0234   -0.0371   -0.0126
    18 C2     2px       -0.0541    0.2089    0.1568   -0.3319   -0.1115   -0.1392    0.2776   -0.1422   -0.2631   -0.1615
    19 C2     3px        0.0335   -0.0222   -0.0149    0.0215   -0.0157   -0.0029    0.0134   -0.0046   -0.0376   -0.0234
    20 C2     2py        0.0389   -0.0215    0.0323   -0.0509    0.0190   -0.0426    0.2210   -0.1619   -0.0236    0.1498
    21 C2     3py        0.0241    0.0085   -0.0054   -0.0083   -0.0127   -0.0060   -0.0330   -0.0044    0.0073   -0.0191
    22 C2     2pz       -0.1123   -0.4981    0.0921    0.4722    0.4961    0.1783    0.2895   -0.2050    0.0519   -0.1961
    23 C2     3pz        0.0267    0.0574   -0.0115    0.0002    0.0003   -0.0023    0.0171   -0.0077   -0.0091   -0.0281
    24 C2     3d2-       0.0066   -0.0228   -0.0096   -0.0179    0.0065    0.0185   -0.0562    0.0460    0.0515    0.0151
    25 C2     3d1-      -0.0037    0.0560   -0.0103    0.0191    0.0093    0.0042    0.0051    0.0476    0.0421    0.0052
    26 C2     3d0       -0.0091   -0.0088    0.0021    0.0144   -0.0031   -0.0144    0.0220    0.0218   -0.0391   -0.0304
    27 C2     3d1+      -0.0224   -0.0187   -0.0147    0.0212    0.0068   -0.0038   -0.0240    0.0178    0.0189    0.0015
    28 C2     3d2+      -0.0128    0.0062   -0.0021   -0.0024   -0.0067    0.0012   -0.0498   -0.0040    0.0387   -0.0785
    29 C3     1s         0.0039   -0.0016    0.0055    0.0011   -0.0093   -0.0100    0.0271   -0.0334   -0.0330    0.0638
    30 C3     2s         0.0680   -0.0387    0.0914    0.0141   -0.1084   -0.1017    0.2711   -0.2542   -0.3130    0.5610
    31 C3     3s         0.0034    0.0074    0.0082   -0.0025    0.0054   -0.0083    0.0400   -0.0256   -0.0360    0.0190
    32 C3     2px        0.0530    0.2039    0.1161    0.3085    0.0438   -0.0871    0.3306   -0.1345   -0.3287    0.2118
    33 C3     3px       -0.0358   -0.0251   -0.0110   -0.0154    0.0166    0.0149    0.0293   -0.0067   -0.0370    0.0424
    34 C3     2py        0.0627    0.0448   -0.0476   -0.0494    0.0551    0.0504   -0.0185    0.0909    0.2131    0.1324
    35 C3     3py        0.0141   -0.0041    0.0032   -0.0055   -0.0081   -0.0062    0.0208    0.0024    0.0048   -0.0216
    36 C3     2pz        0.1113   -0.5467    0.1231   -0.4467   -0.4490   -0.1027   -0.2243   -0.1288   -0.2716    0.2227
    37 C3     3pz       -0.0276    0.0655   -0.0062   -0.0010    0.0094   -0.0129   -0.0100   -0.0014   -0.0185    0.0371
    38 C3     3d2-       0.0061    0.0230    0.0071   -0.0216   -0.0028   -0.0139    0.0820   -0.0554   -0.0362    0.0123
    39 C3     3d1-      -0.0047   -0.0522    0.0077    0.0229    0.0313    0.0056    0.0135   -0.0516   -0.0287    0.0173
    40 C3     3d0        0.0086   -0.0107    0.0014   -0.0141   -0.0080   -0.0106    0.0422    0.0157   -0.0292    0.0422
    41 C3     3d1+       0.0205   -0.0238   -0.0139   -0.0228   -0.0091    0.0013    0.0046    0.0099    0.0525   -0.0175
    42 C3     3d2+       0.0095    0.0100   -0.0086    0.0025    0.0106    0.0038   -0.0010   -0.0201    0.0724    0.0569
    43 C4     1s        -0.0035    0.0024   -0.0044   -0.0107    0.0080   -0.0025   -0.0228   -0.0349    0.0896    0.0010
    44 C4     2s        -0.0814    0.0461   -0.1397   -0.1012    0.1092   -0.0110   -0.2191   -0.3065    0.8389    0.0033
    45 C4     3s        -0.0039    0.0023    0.0137   -0.0110    0.0159    0.0052   -0.0136   -0.0115    0.0395    0.0053
    46 C4     2px       -0.1731    0.0012   -0.0212    0.0146    0.0355   -0.1601    0.1403   -0.6860   -0.1801    0.5985
    47 C4     3px        0.0032   -0.0042    0.0133    0.0087    0.0096    0.0083   -0.0020   -0.0576   -0.0116    0.1250
    48 C4     2py        0.2435    0.0304   -0.0750   -0.1131    0.0541   -0.0148    0.0772   -0.2022    0.5763   -0.0006
    49 C4     3py       -0.0676    0.0102    0.0334   -0.0147    0.0168   -0.0152    0.0275   -0.0039    0.1033   -0.0141
    50 C4     2pz        0.2650    0.0953   -0.0510   -0.1625   -0.0624    0.0662    0.6842    0.0921    0.1909   -0.1221
    51 C4     3pz       -0.0544   -0.0237    0.0379   -0.0034   -0.0261   -0.0357    0.0576    0.0311    0.0620    0.0036
    52 C4     3d2-      -0.0176   -0.0007   -0.0022   -0.0014   -0.0038    0.0170   -0.0200    0.0321   -0.0191   -0.0939
    53 C4     3d1-       0.0227   -0.0060   -0.0012   -0.0026    0.0054    0.0084   -0.0325    0.0084   -0.0537    0.0375
    54 C4     3d0       -0.0173    0.0248    0.0252    0.0011    0.0456   -0.0083   -0.0357    0.0180    0.0040   -0.0003
    55 C4     3d1+       0.0146    0.0356    0.0088    0.0584    0.0118    0.0141   -0.0268   -0.0540   -0.0414    0.0289
    56 C4     3d2+      -0.0020   -0.0205    0.0406    0.0067   -0.0485   -0.0575    0.0188    0.0018   -0.0365    0.0083
    57 C5     1s        -0.0038   -0.0044    0.0048   -0.0059   -0.0057   -0.0214    0.0259    0.0420   -0.0207   -0.0940
    58 C5     2s         0.0706   -0.0972    0.0335   -0.1167   -0.0492   -0.1862    0.2574    0.3476   -0.1792   -0.7976
    59 C5     3s        -0.0241    0.0131    0.0239    0.0132   -0.0117    0.0059    0.0079    0.0530   -0.0063   -0.0375
    60 C5     2px        0.2474    0.1031   -0.1630    0.3093   -0.0259   -0.1192   -0.2158   -0.3135    0.1597    0.2145
    61 C5     3px       -0.0629   -0.0239   -0.0050   -0.0038   -0.0174   -0.0447   -0.0328   -0.0363    0.0390    0.0277
    62 C5     2py        0.0132    0.0509   -0.0353    0.0743    0.0711   -0.1165   -0.1253   -0.2272   -0.0808   -0.4116
    63 C5     3py       -0.0094    0.0056    0.0212    0.0056    0.0023    0.0276   -0.0176    0.0021   -0.0096   -0.0236
    64 C5     2pz       -0.0137   -0.1333    0.0074    0.3321   -0.3764   -0.5796    0.1828    0.2527    0.2419   -0.1916
    65 C5     3pz        0.0127    0.0239    0.0176    0.0086   -0.0039   -0.0015   -0.0129    0.0023    0.0486   -0.0049
    66 C5     3d2-      -0.0269    0.0043   -0.0015   -0.0061    0.0121   -0.0299   -0.0619   -0.0830    0.0010    0.0220
    67 C5     3d1-       0.0098   -0.0068    0.0027   -0.0131    0.0250    0.0075   -0.0065    0.0777   -0.0169   -0.0255
    68 C5     3d0        0.0161   -0.0007    0.0137    0.0231   -0.0357    0.0308    0.0113   -0.0097   -0.0633   -0.0591
    69 C5     3d1+       0.0049    0.0094    0.0260    0.0060    0.0026   -0.0024    0.0001    0.0344   -0.0238   -0.0186
    70 C5     3d2+      -0.0024    0.0034   -0.0002   -0.0087    0.0061    0.0158   -0.0131   -0.0005    0.0369   -0.0896
    71 C6     1s         0.0041   -0.0026    0.0071    0.0052    0.0015   -0.0216    0.0185    0.0421    0.0086    0.0956
    72 C6     2s        -0.0729   -0.0674    0.0479    0.1158    0.0119   -0.2135    0.1760    0.3527    0.0740    0.8074
    73 C6     3s         0.0268    0.0097    0.0238   -0.0095   -0.0062    0.0160    0.0230    0.0478    0.0169    0.0360
    74 C6     2px       -0.2767    0.0988   -0.1150   -0.3424    0.1965   -0.0132   -0.2430   -0.2981    0.0302   -0.2247
    75 C6     3px        0.0702   -0.0332   -0.0116   -0.0013    0.0381   -0.0125   -0.0234   -0.0377    0.0185   -0.0370
    76 C6     2py       -0.0229   -0.0328    0.0063    0.0711   -0.0326    0.0689    0.0976    0.2352   -0.1903   -0.3979
    77 C6     3py        0.0020   -0.0009   -0.0244   -0.0007    0.0160   -0.0360   -0.0146    0.0044   -0.0481   -0.0173
    78 C6     2pz        0.0098   -0.0185    0.0966   -0.4151    0.6262   -0.3826    0.0051    0.2934   -0.0459    0.1621
    79 C6     3pz       -0.0131    0.0200    0.0133    0.0012   -0.0019    0.0021   -0.0200    0.0029    0.0151   -0.0003
    80 C6     3d2-      -0.0240   -0.0047    0.0061   -0.0071   -0.0148    0.0295    0.0433    0.0880   -0.0010    0.0134
    81 C6     3d1-       0.0101    0.0106   -0.0024   -0.0067    0.0007   -0.0053   -0.0034   -0.0755   -0.0089   -0.0359
    82 C6     3d0       -0.0193    0.0072    0.0200   -0.0211    0.0065    0.0384    0.0242   -0.0149   -0.0191    0.0702
    83 C6     3d1+      -0.0045    0.0076    0.0262   -0.0026   -0.0099   -0.0038    0.0278    0.0269    0.0138    0.0217
    84 C6     3d2+      -0.0009    0.0008    0.0016    0.0095   -0.0102    0.0154   -0.0350    0.0040    0.0552    0.0751
    85 H7     1s         0.1136   -0.0010    0.0226   -0.0096    0.0299    0.0727   -0.0839    0.0386    0.1135    0.0194
    86 H7     2s        -0.0756    0.0009   -0.0096    0.0069   -0.0283   -0.0522   -0.0029   -0.0326   -0.0190   -0.0241
    87 H7     2px       -0.0006   -0.0004   -0.0002   -0.0007    0.0016   -0.0042    0.0025   -0.0180   -0.0106   -0.0331
    88 H7     2py       -0.0282   -0.0055    0.0044    0.0033    0.0075    0.0077   -0.0017    0.0003    0.0168   -0.0006
    89 H7     2pz       -0.0166    0.0033   -0.0009    0.0040   -0.0117   -0.0051   -0.0016   -0.0004    0.0097    0.0044
    90 H8     1s         0.0315   -0.0108   -0.0299    0.0434   -0.0227   -0.0252    0.0400   -0.0713   -0.0923   -0.0006
    91 H8     2s        -0.0136    0.0053    0.0152   -0.0237    0.0228    0.0127    0.0073    0.0308    0.0113   -0.0289
    92 H8     2px        0.0050    0.0046   -0.0050   -0.0019   -0.0059   -0.0042    0.0078   -0.0040   -0.0132    0.0111
    93 H8     2py       -0.0096    0.0003    0.0073   -0.0048    0.0053   -0.0003    0.0159   -0.0066   -0.0077    0.0129
    94 H8     2pz        0.0005   -0.0118   -0.0013    0.0117    0.0084    0.0053    0.0088   -0.0052    0.0022    0.0007
    95 H9     1s        -0.0417   -0.0032   -0.0215   -0.0418    0.0285   -0.0111    0.1071   -0.0886   -0.0004   -0.0094
    96 H9     2s         0.0192    0.0028    0.0119    0.0235   -0.0243   -0.0049   -0.0368    0.0420   -0.0326    0.0448
    97 H9     2px       -0.0071    0.0050   -0.0044    0.0023    0.0047    0.0000    0.0084   -0.0034   -0.0127   -0.0048
    98 H9     2py       -0.0105    0.0001   -0.0059   -0.0037    0.0069    0.0044   -0.0035    0.0036    0.0209    0.0093
    99 H9     2pz       -0.0015   -0.0127   -0.0006   -0.0104   -0.0079    0.0003   -0.0063   -0.0029   -0.0096    0.0012
   100 H10    1s        -0.0874    0.0173   -0.0402    0.0106    0.0469    0.0740    0.0409   -0.0200    0.0409   -0.0363
   101 H10    2s         0.0608   -0.0096    0.0245   -0.0050   -0.0087   -0.0374   -0.0332   -0.0132    0.0386    0.0153
   102 H10    2px        0.0004    0.0002   -0.0018    0.0008    0.0003   -0.0047    0.0067   -0.0206   -0.0037    0.0339
   103 H10    2py       -0.0219    0.0050   -0.0005    0.0009    0.0018   -0.0015    0.0069    0.0012    0.0043   -0.0020
   104 H10    2pz        0.0142    0.0019   -0.0021   -0.0040    0.0002    0.0012    0.0127   -0.0033    0.0108   -0.0102
   105 H11    1s         0.0992    0.0450    0.0018    0.0121    0.0186    0.0563    0.0442    0.1267    0.0454    0.0132
   106 H11    2s        -0.0687   -0.0126    0.0248   -0.0128   -0.0163   -0.0318   -0.0121   -0.0386   -0.0460   -0.0491
   107 H11    2px       -0.0190   -0.0037    0.0040   -0.0011   -0.0042   -0.0132   -0.0022   -0.0035    0.0084   -0.0121
   108 H11    2py        0.0195    0.0036   -0.0056    0.0049    0.0043    0.0045   -0.0051   -0.0124    0.0025   -0.0145
   109 H11    2pz        0.0091   -0.0019   -0.0056    0.0068   -0.0042   -0.0087    0.0080    0.0096    0.0047    0.0008
   110 H12    1s        -0.1184    0.0244   -0.0052   -0.0156   -0.0500    0.0656    0.0304    0.1292   -0.0083   -0.0276
   111 H12    2s         0.0798   -0.0047    0.0257    0.0170    0.0191   -0.0313    0.0124   -0.0456   -0.0003    0.0596
   112 H12    2px        0.0236   -0.0051    0.0027   -0.0002    0.0082   -0.0065   -0.0030   -0.0037    0.0055    0.0085
   113 H12    2py        0.0219   -0.0048    0.0049    0.0046    0.0036   -0.0012    0.0110    0.0117   -0.0038   -0.0144
   114 H12    2pz       -0.0112    0.0002   -0.0029   -0.0091    0.0089   -0.0074    0.0017    0.0116   -0.0034   -0.0012
   115 B13    1s        -0.0003   -0.0092   -0.0087    0.0031    0.0096    0.0726   -0.0215    0.0193   -0.0741    0.0212
   116 B13    2s        -0.0202    0.1421    0.4361    0.0778    0.0821    0.6237   -0.2480    0.1442   -0.4972    0.1612
   117 B13    3s         0.0016   -0.0360   -0.1174   -0.0155    0.0002   -0.0487    0.0183    0.0487    0.0388   -0.0055
   118 B13    2px        0.0077    0.0049    0.5455    0.0079   -0.2930    0.3879   -0.0028   -0.1401    0.4274   -0.1236
   119 B13    3px       -0.0012    0.0055   -0.1343   -0.0026    0.0449   -0.0648    0.0113    0.0184   -0.0700    0.0167
   120 B13    2py       -0.3373   -0.0847   -0.0285   -0.1957   -0.1443    0.1276    0.6212   -0.1551    0.5505    0.1264
   121 B13    3py        0.0768    0.0146   -0.0004    0.0479    0.0251   -0.0150   -0.0965    0.0201   -0.0893    0.0226
   122 B13    2pz        0.0089    0.0350    0.4735    0.0358    0.1486   -0.7311   -0.0823   -0.0759    0.3430   -0.0524
   123 B13    3pz       -0.0012   -0.0076   -0.1095   -0.0082   -0.0346    0.1645    0.0189   -0.0190   -0.1165    0.0176
   124 B13    3d2-       0.0465    0.0100    0.0034   -0.0563    0.0725    0.0260    0.0490   -0.0163    0.0690    0.0567
   125 B13    3d1-       0.0717   -0.0092   -0.0121    0.0361   -0.0169    0.0077    0.0234   -0.0076   -0.0075   -0.0805
   126 B13    3d0       -0.0003   -0.0316   -0.0625   -0.0074    0.0062    0.0564    0.0083    0.0678   -0.0185    0.0051
   127 B13    3d1+      -0.0021    0.0055   -0.1110   -0.0001    0.0053    0.0304   -0.0467   -0.0648    0.0508   -0.0084
   128 B13    3d2+      -0.0015   -0.0265   -0.0076    0.0018    0.0380    0.0192   -0.0244    0.1118   -0.0112    0.0143


      Orbital                34        35        36        37        38        39        40        41        42        43
      Energy            -1.8462   -1.8030   -1.7332   -1.7242   -1.7103   -1.6909   -1.6150   -1.5916   -1.5901   -1.5739
      Occ. No.           0.0000    0.0000    0.0000    0.0000    0.0000    0.0000    0.0000    0.0000    0.0000    0.0000

     1 C1     1s        -0.0910    0.0029   -0.0409    0.0132   -0.0437   -0.0209   -0.0125   -0.0109   -0.0163   -0.0037
     2 C1     2s        -0.7709    0.0941   -0.1640    0.0869   -0.2758   -0.0569   -0.0827   -0.0766   -0.0976   -0.0372
     3 C1     3s        -0.0137    0.0117   -0.0075   -0.0317   -0.0350   -0.0275   -0.0028    0.0036   -0.0155   -0.0130
     4 C1     2px        0.1676   -0.1507   -0.0290    0.8476   -0.0482    0.1157   -0.0365    0.0499   -0.0008   -0.1871
     5 C1     3px        0.0648   -0.0365   -0.0708    0.2096   -0.0453   -0.0594   -0.0660    0.2590    0.1063   -0.0982
     6 C1     2py        0.2446   -0.1110    0.0251    0.0395   -0.0592    0.1514    0.0579   -0.0655    0.1109    0.0411
     7 C1     3py       -0.0223   -0.0854   -0.0336    0.0201    0.2541   -0.0915    0.0164   -0.0027    0.0273    0.1502
     8 C1     2pz        0.4172    0.0403   -0.0449   -0.0822    0.0203   -0.0448   -0.0633    0.1799   -0.2452   -0.1407
     9 C1     3pz        0.0662   -0.0091   -0.0482   -0.0892    0.0295   -0.0703   -0.0772   -0.0201   -0.1958   -0.2627
    10 C1     3d2-       0.0198    0.0084    0.0652   -0.0355   -0.0310   -0.0260   -0.0197    0.0271    0.0608   -0.0404
    11 C1     3d1-       0.0205    0.0118   -0.0328    0.0009   -0.0120    0.0477    0.0003    0.0272   -0.0988   -0.0469
    12 C1     3d0       -0.0145   -0.0169    0.0562   -0.0353    0.0072    0.0623    0.0178   -0.0055   -0.0091   -0.0073
    13 C1     3d1+       0.0009   -0.0292   -0.0456    0.0560    0.0078    0.0475    0.0027    0.0614   -0.0055    0.0205
    14 C1     3d2+       0.0483   -0.0660   -0.0058    0.0081    0.0124    0.0156   -0.0187   -0.0041   -0.0114   -0.0232
    15 C2     1s         0.0327   -0.0678   -0.0586   -0.0258   -0.0551    0.0219   -0.0343    0.0144    0.0289    0.0055
    16 C2     2s         0.3551   -0.5778   -0.3111   -0.1763   -0.3686    0.3240   -0.2557    0.0394    0.1708   -0.0324
    17 C2     3s         0.0100    0.0283    0.1235   -0.0164    0.0026    0.0984    0.0444   -0.0012   -0.0627   -0.0149
    18 C2     2px        0.5212   -0.0995   -0.0076    0.3886    0.0318   -0.0973    0.1613    0.0244   -0.0375   -0.0815
    19 C2     3px        0.0749   -0.0248    0.0822    0.1045    0.0744    0.1367   -0.0667    0.0481    0.0445    0.0178
    20 C2     2py        0.2471    0.1219   -0.1908    0.7648    0.4788   -0.2302   -0.0046    0.0931   -0.0566   -0.1184
    21 C2     3py        0.0685   -0.0187   -0.1653    0.2043   -0.0664   -0.1938    0.1873    0.0279    0.0003    0.2211
    22 C2     2pz       -0.0211   -0.0673    0.0026    0.2799   -0.0064    0.0864    0.0825    0.1283   -0.0297    0.0675
    23 C2     3pz       -0.0045   -0.0198   -0.0161    0.0577    0.0224    0.0052   -0.0769   -0.1924    0.0428   -0.1568
    24 C2     3d2-      -0.0078   -0.0978   -0.0359   -0.0085    0.0969    0.0587   -0.0733    0.0283    0.0321   -0.0279
    25 C2     3d1-      -0.0083   -0.0377   -0.0415   -0.0114    0.0385    0.0295   -0.0496   -0.0271   -0.0257   -0.0226
    26 C2     3d0        0.0449   -0.0762    0.0881   -0.0500    0.0016    0.0792   -0.0163   -0.0853    0.0085   -0.0578
    27 C2     3d1+      -0.0321    0.0465   -0.0105   -0.0246   -0.0664   -0.1665    0.0036    0.0028    0.0710   -0.0304
    28 C2     3d2+      -0.0230   -0.0095    0.0575   -0.0837   -0.0738    0.0581   -0.0241    0.0424   -0.0201   -0.0319
    29 C3     1s        -0.0352    0.0326   -0.0683    0.0227    0.0659   -0.0397   -0.0082    0.0247    0.0213    0.0068
    30 C3     2s        -0.3614    0.2876   -0.3932    0.1508    0.6292   -0.1754   -0.0545    0.1211    0.1088   -0.0017
    31 C3     3s         0.0124    0.0567    0.1210    0.0296    0.0296    0.0883    0.0182   -0.0163   -0.0535   -0.0166
    32 C3     2px       -0.4740    0.1529   -0.0168   -0.3533   -0.1593    0.0823   -0.0185   -0.1337    0.1198    0.0276
    33 C3     3px       -0.0504    0.0172    0.0754   -0.0988    0.1051    0.1214   -0.0055    0.0364    0.0843    0.1346
    34 C3     2py        0.2446    0.1813    0.1502    0.7660    0.4109   -0.2828    0.1000    0.0803   -0.1829   -0.2090
    35 C3     3py        0.0699   -0.0124    0.1664    0.1646    0.1963    0.0974   -0.0582    0.0341   -0.0417   -0.2379
    36 C3     2pz        0.0801    0.1809   -0.0128   -0.2480   -0.0042    0.1052   -0.0167    0.0906   -0.0148    0.0442
    37 C3     3pz        0.0207    0.0049   -0.0228   -0.0552    0.0469   -0.0022   -0.0216   -0.2370    0.1294    0.0084
    38 C3     3d2-       0.0310    0.1208    0.0370    0.0208   -0.1098   -0.0421    0.0113   -0.0407   -0.0346    0.0099
    39 C3     3d1-       0.0230    0.0334    0.0427    0.0127   -0.0530   -0.0207    0.0300    0.0288    0.0165   -0.0009
    40 C3     3d0       -0.0546   -0.0074    0.0809    0.0387    0.1122    0.0203    0.0147   -0.0632   -0.0143   -0.0702
    41 C3     3d1+       0.0174    0.0007   -0.0049    0.0177   -0.1145   -0.1412   -0.0318    0.0038    0.0563   -0.0827
    42 C3     3d2+       0.0191    0.0981    0.0461    0.0727    0.0780   -0.0174   -0.0491    0.0453   -0.0383   -0.0675
    43 C4     1s         0.0581   -0.0344   -0.0452   -0.0243    0.0037   -0.0575    0.0475   -0.0033   -0.0135   -0.0137
    44 C4     2s         0.4937   -0.3165   -0.1920   -0.1752    0.0629   -0.3412    0.4058   -0.0200   -0.0687   -0.0885
    45 C4     3s         0.0305    0.0598   -0.0103    0.0359    0.0002   -0.0365   -0.0400   -0.0194    0.0055    0.0180
    46 C4     2px       -0.1225    0.2907   -0.0852   -0.8229    0.0669    0.1068   -0.0342   -0.0891    0.1674   -0.0606
    47 C4     3px       -0.0624    0.1155   -0.0868   -0.2209   -0.0334   -0.0447   -0.1475    0.1900    0.1607   -0.1180
    48 C4     2py        0.0869    0.0632   -0.0106   -0.0566   -0.0784   -0.0348   -0.2871   -0.0189   -0.0507    0.0628
    49 C4     3py       -0.0381    0.0781    0.0099    0.0344    0.0547   -0.0950    0.2213   -0.0275    0.0642   -0.0479
    50 C4     2pz       -0.6440   -0.0435   -0.0282   -0.0451   -0.0648    0.0501   -0.0509    0.0596   -0.0692    0.1159
    51 C4     3pz       -0.1070   -0.0037   -0.0506    0.0392   -0.0024   -0.0135   -0.0735   -0.1960    0.0584    0.0983
    52 C4     3d2-       0.0182   -0.0433   -0.0636   -0.0302    0.0049    0.0382    0.0450   -0.0313   -0.0417    0.1019
    53 C4     3d1-       0.0161   -0.1214    0.0400    0.0056   -0.0323   -0.0523    0.0641    0.0443    0.0159   -0.0812
    54 C4     3d0       -0.0028   -0.0627    0.0533    0.0347    0.0510    0.0243    0.0888   -0.0182    0.0261    0.0499
    55 C4     3d1+       0.0045    0.0155   -0.0509   -0.0520    0.0245    0.0375    0.0009    0.0672   -0.0172   -0.0089
    56 C4     3d2+      -0.1139   -0.1341   -0.0081   -0.0353    0.0356   -0.0167    0.1035    0.0057    0.0044   -0.0218
    57 C5     1s        -0.0277    0.0003   -0.0214   -0.0129    0.0382   -0.0682   -0.0045   -0.0196   -0.0117    0.0119
    58 C5     2s        -0.3156    0.0534   -0.0478   -0.0582    0.3255   -0.4815   -0.0946   -0.0126   -0.0949    0.0951
    59 C5     3s         0.0058    0.0413    0.0704    0.0230    0.0552    0.0926    0.0401    0.0253    0.0427    0.0759
    60 C5     2px        0.4456    0.0458    0.0139   -0.3259    0.1056   -0.1110    0.0372   -0.0366   -0.0470   -0.1076
    61 C5     3px        0.0671    0.0327   -0.1243   -0.0974   -0.0594   -0.0406    0.0558   -0.2404    0.2954    0.0357
    62 C5     2py        0.2923    0.4104   -0.0790   -0.6360    0.4968   -0.0108    0.1937   -0.0775    0.0991    0.2166
    63 C5     3py        0.0555    0.0677    0.0637   -0.2308    0.1391    0.0483    0.0769   -0.0267   -0.1100    0.2208
    64 C5     2pz        0.0098   -0.0501    0.0348    0.4611   -0.0625    0.1677    0.0424    0.0536    0.0203    0.1818
    65 C5     3pz        0.0120    0.0012    0.0019    0.1345   -0.0167   -0.0028   -0.0303   -0.0524    0.1818   -0.0233
    66 C5     3d2-      -0.0238   -0.0996    0.1158   -0.0077    0.0341   -0.0976   -0.0057   -0.0393   -0.0467    0.0143
    67 C5     3d1-       0.0292    0.0292   -0.0243    0.0103   -0.0152    0.0156    0.0142   -0.0135   -0.0396    0.0226
    68 C5     3d0       -0.0471   -0.0237    0.0309   -0.0265    0.0454   -0.0659   -0.0160    0.0292   -0.0608   -0.0255
    69 C5     3d1+      -0.0442    0.0056    0.1336    0.0440    0.0367   -0.0075   -0.0165    0.1114    0.0635   -0.0015
    70 C5     3d2+       0.0414    0.0766    0.0137   -0.0263    0.0848    0.0708    0.0306   -0.0439   -0.0031    0.1102
    71 C6     1s         0.0108   -0.0560   -0.0155    0.0005   -0.0491   -0.0279   -0.0392   -0.0146   -0.0281   -0.0115
    72 C6     2s         0.1871   -0.4160   -0.0049   -0.0451   -0.3706   -0.1610   -0.2913   -0.0006   -0.1546    0.0314
    73 C6     3s         0.0001    0.0052    0.0755   -0.0158    0.0056    0.1118    0.0420    0.0629   -0.0092   -0.0157
    74 C6     2px       -0.4013   -0.0122    0.0485    0.3542   -0.0906    0.0260   -0.1011   -0.1215    0.0565    0.1611
    75 C6     3px       -0.0584    0.0022   -0.1153    0.1232   -0.0381   -0.0774    0.1004   -0.1193    0.1369   -0.2189
    76 C6     2py        0.2707    0.3138   -0.0270   -0.6672    0.3973   -0.4151   -0.0176   -0.0792    0.1346    0.1327
    77 C6     3py        0.0507    0.0464   -0.0849   -0.2147   -0.0025   -0.1223    0.0794    0.0086    0.1782   -0.1582
    78 C6     2pz       -0.0003    0.2274    0.0002   -0.4338    0.0693    0.0775    0.0766    0.1107   -0.0714   -0.0326
    79 C6     3pz        0.0046    0.0645   -0.0047   -0.1207    0.0105   -0.0176   -0.0240   -0.0207    0.1375   -0.0777
    80 C6     3d2-       0.0035    0.0715   -0.1156    0.0158   -0.0218    0.0783    0.0583    0.0707    0.0147   -0.0845
    81 C6     3d1-      -0.0011   -0.0130    0.0247   -0.0108    0.0092   -0.0092   -0.0384    0.0145    0.0335   -0.0175
    82 C6     3d0        0.0309   -0.0823    0.0358    0.0083   -0.0251   -0.0280   -0.0229   -0.0053   -0.0084    0.0705
    83 C6     3d1+       0.0412   -0.0166    0.1339   -0.0515   -0.0014    0.0165   -0.0115    0.0983    0.0888    0.0538
    84 C6     3d2+      -0.0344   -0.0045    0.0244    0.0321   -0.0197    0.1139    0.0407   -0.0033   -0.0549    0.0140
    85 H7     1s         0.0351    0.0402    0.0202    0.0018    0.0298   -0.0687   -0.0603    0.0219    0.0011    0.1159
    86 H7     2s        -0.0334    0.0063    0.0100    0.0089   -0.0196    0.0212   -0.0032    0.0087    0.0227    0.0106
    87 H7     2px        0.0052   -0.0059    0.0160    0.0020    0.0056    0.0123   -0.0087    0.0130    0.0261   -0.0487
    88 H7     2py       -0.0007   -0.0072   -0.0135   -0.0147    0.0500   -0.0462   -0.0020    0.0024   -0.0035    0.0170
    89 H7     2pz        0.0106   -0.0096    0.0002   -0.0044    0.0169    0.0085   -0.0074    0.0199   -0.0426   -0.0079
    90 H8     1s        -0.0943    0.2855    0.2011   -0.0403   -0.1998   -0.1639    0.3070    0.0654   -0.0456    0.1195
    91 H8     2s         0.0652   -0.1553   -0.0307   -0.0018    0.1005    0.1481   -0.1015   -0.0178    0.0067   -0.0375
    92 H8     2px        0.0106   -0.0114   -0.0122    0.0150    0.0447    0.0209   -0.0401   -0.0263    0.0233   -0.0164
    93 H8     2py        0.0093    0.0203   -0.0088    0.0348    0.0180   -0.0369    0.0564   -0.0024   -0.0125    0.0503
    94 H8     2pz       -0.0042   -0.0069   -0.0053    0.0124    0.0243    0.0365   -0.0220    0.0184   -0.0105    0.0136
    95 H9     1s         0.1617    0.1725    0.2106    0.1102   -0.3299   -0.0822    0.1038   -0.0379    0.0026   -0.0550
    96 H9     2s        -0.0900   -0.0788   -0.0398   -0.0257    0.2011    0.0895   -0.0077    0.0092    0.0015    0.0063
    97 H9     2px       -0.0091   -0.0280   -0.0105   -0.0187    0.0276    0.0278   -0.0102   -0.0194    0.0280    0.0169
    98 H9     2py        0.0010   -0.0009    0.0035    0.0230    0.0644   -0.0142   -0.0030    0.0164    0.0092   -0.0319
    99 H9     2pz        0.0056   -0.0030   -0.0057   -0.0150    0.0272    0.0334   -0.0108    0.0209   -0.0085    0.0322
   100 H10    1s         0.1106    0.4623    0.0265    0.0153   -0.0017    0.0494   -0.5786    0.0347   -0.1376    0.0188
   101 H10    2s        -0.0413   -0.1705    0.0089   -0.0221   -0.0042   -0.0244    0.1334    0.0365    0.0140   -0.0189
   102 H10    2px       -0.0030    0.0112    0.0149   -0.0034    0.0120    0.0112   -0.0226    0.0053    0.0313   -0.0455
   103 H10    2py       -0.0114   -0.0227    0.0080   -0.0109    0.0257   -0.0112    0.1124    0.0102    0.0118   -0.0161
   104 H10    2pz       -0.0192    0.0059   -0.0004   -0.0042    0.0138    0.0171   -0.0233   -0.0091   -0.0061    0.0473
   105 H11    1s         0.1748    0.1344   -0.1832   -0.0364   -0.0207    0.4104    0.2809   -0.1590    0.0552    0.2509
   106 H11    2s        -0.0949   -0.0682    0.1307    0.0093    0.0540   -0.1170   -0.0417    0.0271   -0.0232   -0.0304
   107 H11    2px        0.0136    0.0229   -0.0209    0.0046    0.0077    0.0431    0.0409   -0.0318    0.0565    0.0347
   108 H11    2py        0.0070   -0.0033    0.0173   -0.0174    0.0403   -0.0209    0.0193   -0.0092   -0.0459    0.0025
   109 H11    2pz        0.0013   -0.0024    0.0224    0.0138    0.0050    0.0119   -0.0114    0.0436    0.0119    0.0119
   110 H12    1s        -0.1190    0.1771   -0.1759    0.1116    0.0204    0.3635    0.2681    0.0574   -0.2745   -0.4267
   111 H12    2s         0.0631   -0.0963    0.1311   -0.0418   -0.0029   -0.0792   -0.0763   -0.0208    0.0410    0.1011
   112 H12    2px       -0.0100    0.0094   -0.0178    0.0069   -0.0117    0.0464    0.0542    0.0058    0.0071   -0.0604
   113 H12    2py        0.0110    0.0180   -0.0217   -0.0121    0.0174   -0.0169    0.0235    0.0327    0.0212   -0.0572
   114 H12    2pz       -0.0014    0.0065    0.0208   -0.0158    0.0098    0.0102   -0.0081    0.0430    0.0137    0.0151
   115 B13    1s         0.0207   -0.0449    0.0091    0.0111    0.0105   -0.0178    0.0247   -0.0229    0.0183    0.0211
   116 B13    2s         0.1928   -0.1944    0.1128    0.0945    0.0646   -0.0628    0.1195   -0.1342    0.2045    0.0948
   117 B13    3s         0.0092    0.0459    0.3218    0.0089    0.0511    0.0827    0.0554   -0.1147    0.2302   -0.0606
   118 B13    2px       -0.1208    0.1530    0.0110   -0.0602   -0.0741   -0.0503   -0.0316    0.0040   -0.0677   -0.0659
   119 B13    3px        0.0106   -0.0363   -0.0632    0.0042    0.0218    0.0210   -0.0436    0.3982    0.2437    0.1631
   120 B13    2py       -0.1315   -0.0997    0.0048   -0.3000    0.0168    0.0235    0.0250   -0.0470    0.0735    0.1113
   121 B13    3py       -0.0163    0.0014    0.0096   -0.0575   -0.0849    0.0367   -0.0105    0.1152   -0.1526   -0.2019
   122 B13    2pz       -0.0671    0.0920   -0.2443   -0.0279   -0.0539    0.0110   -0.0892    0.1181   -0.3622    0.1240
   123 B13    3pz        0.0052   -0.0850   -0.1050    0.0038    0.0084   -0.0208    0.0399   -0.1487   -0.0981   -0.0374
   124 B13    3d2-       0.0945   -0.0883    0.0103   -0.0287   -0.0736    0.0327    0.0168    0.0236   -0.0199    0.0031
   125 B13    3d1-       0.0323    0.0157    0.0019   -0.1234   -0.0031   -0.0023   -0.0208    0.0630   -0.0935   -0.1238
   126 B13    3d0        0.0250    0.0586   -0.1978    0.0125   -0.0435   -0.0039   -0.0367   -0.0359   -0.2065    0.0370
   127 B13    3d1+       0.0124    0.0796   -0.1007    0.0073   -0.0339   -0.0055   -0.0722    0.0474    0.0174    0.0073
   128 B13    3d2+       0.0394    0.0591    0.1922    0.0143   -0.0326   -0.1034   -0.0461   -0.1507    0.2009   -0.1082


      Orbital                44        45        46        47        48        49        50        51        52        53
      Energy            -1.5672   -1.5534   -1.5250   -1.5097   -1.5016   -1.5003   -1.4813   -1.4651   -1.4478   -1.4078
      Occ. No.           0.0000    0.0000    0.0000    0.0000    0.0000    0.0000    0.0000    0.0000    0.0000    0.0000

     1 C1     1s         0.0219    0.0016    0.0305    0.0395    0.0807    0.0100   -0.0484    0.0064    0.0185   -0.0276
     2 C1     2s         0.1549    0.0323    0.0947    0.2188    0.3416    0.0898   -0.1374    0.1038    0.0107   -0.1450
     3 C1     3s         0.0290    0.0077   -0.0212    0.0120   -0.0371   -0.0061   -0.0366    0.0350    0.0173   -0.0430
     4 C1     2px        0.2991    0.1014    0.0064    0.0265    0.0109    0.1105   -0.0613    0.1455   -0.3156   -0.0591
     5 C1     3px        0.2798    0.0192    0.0440    0.0694    0.2857   -0.1575   -0.0633    0.3564   -0.3947   -0.0353
     6 C1     2py       -0.0653   -0.0538    0.1003   -0.1361    0.0044   -0.0502   -0.0099   -0.1300    0.0723    0.1545
     7 C1     3py       -0.0938   -0.0920   -0.2530    0.1189   -0.1234   -0.1382    0.0235    0.0689    0.0661    0.0177
     8 C1     2pz        0.0161    0.1027    0.0792   -0.0637   -0.0166    0.0939   -0.1021   -0.1018   -0.0408    0.0505
     9 C1     3pz        0.0901    0.1814    0.1199    0.1865   -0.1195   -0.0619   -0.2093   -0.1327   -0.0241    0.2313
    10 C1     3d2-       0.1050   -0.0593    0.0127   -0.0010   -0.0011    0.0133    0.0035    0.0323   -0.0459   -0.0091
    11 C1     3d1-       0.0209    0.0908    0.0666    0.0052    0.0220   -0.0651   -0.0149   -0.0277   -0.0210    0.0329
    12 C1     3d0       -0.0109    0.0566   -0.0325    0.0022   -0.1397   -0.0525    0.0722   -0.0012   -0.0745    0.0357
    13 C1     3d1+       0.0188   -0.0358    0.0312   -0.0058    0.0113   -0.1137    0.0428    0.0245   -0.0085    0.0192
    14 C1     3d2+       0.0144    0.0005    0.0110    0.0188    0.0083   -0.0484   -0.0877    0.0124    0.0550    0.0007
    15 C2     1s        -0.0201    0.0226   -0.0032    0.0245    0.0586   -0.0245   -0.0318   -0.0009   -0.0475    0.0094
    16 C2     2s        -0.2013    0.0464    0.0113    0.0298    0.2188   -0.0438   -0.1630   -0.0625   -0.1534    0.0450
    17 C2     3s         0.0606   -0.0550   -0.0417   -0.0314   -0.0388   -0.0291    0.0469    0.0001    0.0928    0.0111
    18 C2     2px        0.2382    0.0944    0.0098   -0.1226   -0.0914    0.0358   -0.1126   -0.0787   -0.0657    0.0779
    19 C2     3px       -0.1365    0.1452   -0.1818    0.0049   -0.0911    0.2797    0.1834    0.1614   -0.3066    0.1941
    20 C2     2py       -0.0444    0.2101   -0.0452    0.1031   -0.1970    0.0928    0.0962    0.1838   -0.0894    0.0024
    21 C2     3py       -0.0240    0.2172   -0.1938   -0.1727   -0.3708   -0.0192   -0.0051   -0.0989   -0.0972    0.0108
    22 C2     2pz        0.1080    0.0412    0.0501   -0.0504   -0.0243   -0.0356    0.0378   -0.0204   -0.0636   -0.0497
    23 C2     3pz       -0.0401    0.1662    0.0487    0.0946   -0.0416   -0.1258    0.1759   -0.1534   -0.1837   -0.3615
    24 C2     3d2-      -0.0337   -0.0394   -0.0509    0.0462    0.0072   -0.0291   -0.0308    0.0440    0.0359    0.0542
    25 C2     3d1-      -0.0186    0.0349    0.0530   -0.0098    0.0064   -0.0521    0.0046    0.0114    0.0451   -0.1106
    26 C2     3d0       -0.0256   -0.0994   -0.0758   -0.0540   -0.0629    0.1474   -0.0347   -0.0289    0.1410    0.0466
    27 C2     3d1+       0.0822   -0.0258   -0.0443    0.0470    0.1161    0.0721   -0.1253    0.0508   -0.0173    0.0519
    28 C2     3d2+       0.0573   -0.0664    0.0834   -0.0599   -0.0203   -0.0576   -0.0060    0.0078   -0.0541   -0.0396
    29 C3     1s         0.0134    0.0257   -0.0049   -0.0230   -0.0693    0.0101   -0.0284    0.0180   -0.0439    0.0091
    30 C3     2s         0.2105    0.1391   -0.0064   -0.0550   -0.2362    0.0851   -0.0850    0.1485   -0.1408    0.0461
    31 C3     3s        -0.0331   -0.0808   -0.0273    0.0368    0.0211   -0.0448    0.0421   -0.0352    0.0879    0.0088
    32 C3     2px       -0.2425   -0.0383   -0.0197    0.1432    0.0917    0.0024    0.0231    0.0882   -0.0868    0.0715
    33 C3     3px        0.1014    0.1084   -0.1129   -0.0113    0.1660    0.1981   -0.0412   -0.3630   -0.2858    0.1830
    34 C3     2py       -0.0119   -0.0231    0.0363    0.1211   -0.1925    0.0195    0.1059    0.2187    0.0723    0.0031
    35 C3     3py        0.1557   -0.2306    0.1742   -0.2616   -0.2704    0.1859   -0.0566    0.0429    0.1151   -0.0171
    36 C3     2pz       -0.1501   -0.0055    0.0541    0.0123    0.0159   -0.0416    0.0457   -0.0002   -0.0685   -0.0502
    37 C3     3pz        0.0905    0.0709    0.0155   -0.2302   -0.0220   -0.1278    0.1596    0.0135   -0.1821   -0.3508
    38 C3     3d2-      -0.0522    0.0436    0.0396    0.0004    0.0277    0.0240    0.0582    0.0126   -0.0383   -0.0541
    39 C3     3d1-      -0.0220   -0.0236   -0.0609    0.0323    0.0269    0.0445    0.0023   -0.0073   -0.0452    0.1097
    40 C3     3d0        0.0840   -0.0432   -0.0792    0.1024    0.1169    0.1013    0.0106    0.0196    0.1338    0.0466
    41 C3     3d1+      -0.0490   -0.0265   -0.0478    0.0159   -0.0840    0.1256   -0.1263    0.0280   -0.0075    0.0504
    42 C3     3d2+      -0.0188   -0.0606    0.0937    0.0124    0.0080   -0.0638    0.0059    0.0353   -0.0560   -0.0379
    43 C4     1s        -0.0276   -0.0240    0.0304   -0.0221   -0.0606    0.0461   -0.0356    0.0399    0.0157   -0.0267
    44 C4     2s        -0.1928   -0.1832    0.1376   -0.0906   -0.2372    0.2257   -0.1696    0.0133   -0.0122   -0.1460
    45 C4     3s        -0.0203   -0.0285   -0.0157    0.0036    0.0271   -0.0218   -0.0529    0.0191    0.0137   -0.0444
    46 C4     2px       -0.2114   -0.1284    0.0243   -0.0603    0.0272    0.1067   -0.1621   -0.0637   -0.3055   -0.0629
    47 C4     3px       -0.2136   -0.1543    0.1455   -0.0971   -0.3304   -0.0073   -0.2944   -0.1822   -0.3505   -0.0454
    48 C4     2py       -0.0389   -0.0169   -0.1164   -0.1137   -0.0161    0.0594   -0.1691   -0.1380   -0.0294   -0.1580
    49 C4     3py       -0.0869   -0.0726    0.2783    0.0112    0.0061    0.1725    0.0990    0.0937   -0.1076   -0.0223
    50 C4     2pz       -0.0382   -0.0323    0.0342    0.0682    0.0368    0.0960    0.0146    0.0119   -0.0592    0.0399
    51 C4     3pz       -0.0538   -0.1198    0.0590   -0.1903    0.0604   -0.0969   -0.1392    0.2417   -0.0570    0.2385
    52 C4     3d2-       0.0517    0.0592    0.0027    0.0054   -0.0102   -0.0118    0.0114    0.0238    0.0421    0.0130
    53 C4     3d1-       0.0334    0.0147   -0.0876    0.0574    0.0434    0.0449    0.0082   -0.0633    0.0288   -0.0367
    54 C4     3d0       -0.0172   -0.0132   -0.0102    0.0136    0.0962   -0.1183    0.0348   -0.0716   -0.0913    0.0333
    55 C4     3d1+      -0.0230   -0.0350    0.0467   -0.0100   -0.0516   -0.1000    0.0190   -0.0257   -0.0040    0.0200
    56 C4     3d2+      -0.0250   -0.0344    0.0169    0.0336   -0.0325   -0.0405   -0.0580    0.0392    0.0437    0.0009
    57 C5     1s        -0.0062   -0.0239   -0.0369   -0.0498    0.0225   -0.0091    0.0624    0.0567    0.0432    0.0309
    58 C5     2s        -0.1350   -0.0348   -0.1298   -0.2834    0.1332   -0.0591    0.2968    0.2252    0.2434    0.1205
    59 C5     3s        -0.0120    0.0193    0.0235    0.0328    0.0185   -0.0674   -0.0007    0.0146   -0.0134   -0.0236
    60 C5     2px       -0.1682    0.0196   -0.0793   -0.1944    0.0399    0.0862   -0.1313   -0.1078   -0.0289   -0.0410
    61 C5     3px        0.0044    0.0269    0.0120    0.0817   -0.2781    0.1829   -0.2622    0.1576    0.1247   -0.0750
    62 C5     2py       -0.1737   -0.1201    0.0884    0.0381    0.0111   -0.0125   -0.0409    0.0680   -0.0421    0.0248
    63 C5     3py       -0.1618    0.1969    0.2030   -0.3188    0.0005    0.0525   -0.0381    0.3534    0.0376    0.0885
    64 C5     2pz        0.1104   -0.0102   -0.0138    0.0156    0.1340   -0.0142    0.2447    0.0285    0.0836    0.0193
    65 C5     3pz       -0.0349    0.0034    0.0275   -0.1859   -0.0347   -0.0928    0.3312   -0.1207    0.2046    0.2282
    66 C5     3d2-      -0.0389    0.0413   -0.0583   -0.0233    0.0406    0.0146   -0.0369    0.0126   -0.0048   -0.0380
    67 C5     3d1-       0.0272   -0.0279   -0.0248    0.0267   -0.0050    0.0473    0.0099    0.0015   -0.0854   -0.0260
    68 C5     3d0       -0.0343    0.0398    0.0249    0.0480   -0.0344   -0.0122   -0.1097   -0.0010   -0.0075   -0.0482
    69 C5     3d1+      -0.0706    0.0490    0.0475    0.0058   -0.0011   -0.0538   -0.0120   -0.1053   -0.0633   -0.0186
    70 C5     3d2+      -0.0278    0.0707    0.0745    0.0283    0.0452   -0.0091   -0.0226   -0.0150    0.0147    0.0540
    71 C6     1s         0.0153   -0.0068    0.0121    0.0459   -0.0237   -0.0032    0.0152   -0.0917    0.0520    0.0291
    72 C6     2s         0.1352    0.0393    0.1676    0.2070   -0.1397   -0.0262    0.0933   -0.3821    0.2746    0.1210
    73 C6     3s        -0.0272    0.0859   -0.0093   -0.0283   -0.0530   -0.0485   -0.0123   -0.0231    0.0009   -0.0249
    74 C6     2px        0.1786   -0.0423    0.0126    0.1848    0.0064    0.1023    0.0388    0.1935   -0.0779   -0.0417
    75 C6     3px       -0.0011    0.2200   -0.1059    0.0334    0.3037    0.0303   -0.2949    0.0850    0.1245   -0.0777
    76 C6     2py       -0.1136   -0.2532    0.0092    0.0212    0.0158    0.0131    0.0465    0.0358   -0.0026   -0.0242
    77 C6     3py        0.0161   -0.3167   -0.3336   -0.2147   -0.0465   -0.0309    0.1619    0.1944   -0.0758   -0.0703
    78 C6     2pz       -0.1622    0.0114    0.0457   -0.0531   -0.1067    0.0335    0.1278   -0.1813    0.1049    0.0276
    79 C6     3pz        0.0646    0.0886    0.0548    0.0612    0.0214   -0.1102    0.3698   -0.1430    0.1995    0.2265
    80 C6     3d2-      -0.0156   -0.0126    0.0185   -0.0454    0.0372   -0.0351    0.0353   -0.0144    0.0055    0.0377
    81 C6     3d1-       0.0256    0.0432    0.0394    0.0128   -0.0290   -0.0388   -0.0060    0.0029    0.0863    0.0265
    82 C6     3d0        0.0143   -0.0249    0.0301   -0.0289    0.0206   -0.0259   -0.0971    0.0998   -0.0217   -0.0453
    83 C6     3d1+       0.0337    0.0502    0.0319   -0.0278   -0.0198   -0.0460    0.0531    0.0871   -0.0698   -0.0123
    84 C6     3d2+      -0.0376    0.1372    0.0373   -0.0478   -0.0421    0.0133   -0.0035    0.0279    0.0216    0.0561
    85 H7     1s        -0.1169   -0.1058    0.0679    0.1405    0.1821   -0.0056   -0.1712   -0.0341    0.0966   -0.1810
    86 H7     2s        -0.0063   -0.0041   -0.0805   -0.0012   -0.0829   -0.0602    0.0205    0.0198   -0.0003   -0.0165
    87 H7     2px        0.0394   -0.0349   -0.0167    0.0015    0.0021   -0.0033    0.0138    0.0553   -0.0251    0.0067
    88 H7     2py       -0.0101   -0.0128   -0.0485    0.0331   -0.0232   -0.0197   -0.0142    0.0168    0.0174   -0.0150
    89 H7     2pz        0.0091    0.0465    0.0044    0.0227   -0.0269   -0.0347   -0.0001    0.0148   -0.0179    0.0411
    90 H8     1s         0.5408    0.1441    0.0125   -0.1216    0.1476   -0.1079   -0.0878   -0.1688   -0.1388    0.0700
    91 H8     2s        -0.1177   -0.0638   -0.0422   -0.0099   -0.0886    0.0083    0.0156    0.0158    0.1778   -0.0106
    92 H8     2px       -0.0585    0.0191   -0.0411    0.0388    0.0100    0.0610    0.0354    0.0054   -0.0159    0.0225
    93 H8     2py        0.0321    0.0271   -0.0262   -0.0154   -0.0186   -0.0134    0.0061   -0.0516    0.0146    0.0014
    94 H8     2pz       -0.0349    0.0308    0.0258    0.0061   -0.0059   -0.0184    0.0520    0.0133   -0.0388   -0.0570
    95 H9     1s        -0.6056   -0.0605    0.0174    0.1533   -0.1788   -0.0087    0.1136    0.1012   -0.1848    0.0629
    96 H9     2s         0.1445   -0.0225   -0.0360    0.0279    0.0804   -0.0401    0.0079   -0.0093    0.1741   -0.0096
    97 H9     2px        0.0660    0.0275   -0.0463   -0.0387    0.0102    0.0593    0.0030   -0.0458   -0.0092    0.0217
    98 H9     2py        0.0607   -0.0293    0.0406   -0.0272   -0.0057    0.0164   -0.0431   -0.0151   -0.0106   -0.0016
    99 H9     2pz        0.0202    0.0264    0.0311   -0.0421   -0.0004   -0.0215    0.0182   -0.0368   -0.0357   -0.0570
   100 H10    1s         0.1739    0.2061   -0.1092   -0.2597   -0.1816    0.1234   -0.1710    0.2960    0.1939   -0.1656
   101 H10    2s        -0.0039   -0.0054   -0.0626    0.0478    0.0262   -0.0948   -0.0102   -0.0695    0.0042   -0.0151
   102 H10    2px       -0.0017   -0.0523   -0.0050    0.0016   -0.0039   -0.0027   -0.0259   -0.0478   -0.0195    0.0027
   103 H10    2py       -0.0213   -0.0188    0.0607    0.0243    0.0017    0.0232    0.0453   -0.0065   -0.0328    0.0130
   104 H10    2pz       -0.0221   -0.0095    0.0164   -0.0279    0.0048   -0.0438   -0.0274   -0.0040   -0.0219    0.0420
   105 H11    1s         0.3141   -0.3094    0.0888    0.3371   -0.0830   -0.0521    0.2970    0.2298   -0.1422    0.1048
   106 H11    2s        -0.0754    0.0698   -0.0307   -0.0068    0.0014   -0.0229   -0.0967   -0.0417   -0.0054   -0.0695
   107 H11    2px        0.0195   -0.0089    0.0125    0.0787    0.0023    0.0062   -0.0374    0.0073    0.0117   -0.0070
   108 H11    2py       -0.0396    0.0409    0.0114   -0.0344    0.0624    0.0003   -0.0104    0.0029    0.0217    0.0250
   109 H11    2pz       -0.0142    0.0096    0.0112   -0.0144    0.0259   -0.0281    0.0115   -0.0396    0.0089    0.0175
   110 H12    1s        -0.2764    0.0253   -0.1690   -0.2735    0.0593   -0.0925   -0.0146   -0.4244   -0.0275    0.0962
   111 H12    2s         0.0530    0.0121    0.0106    0.0206   -0.0228   -0.0165   -0.0574    0.1103   -0.0187   -0.0629
   112 H12    2px       -0.0276    0.0463   -0.0382   -0.0476   -0.0045    0.0086   -0.0464    0.0164    0.0213   -0.0053
   113 H12    2py       -0.0162   -0.0211   -0.0462   -0.0223    0.0511   -0.0298    0.0014   -0.0118   -0.0217   -0.0252
   114 H12    2pz        0.0026    0.0143    0.0145    0.0002   -0.0341   -0.0121    0.0373    0.0180    0.0084    0.0199
   115 B13    1s        -0.0013   -0.0273   -0.0807    0.0285   -0.0087   -0.0200   -0.0363    0.0192    0.0560   -0.0302
   116 B13    2s         0.0059   -0.1051   -0.3907    0.1204   -0.0579   -0.1776   -0.1984    0.1366    0.2119   -0.0229
   117 B13    3s         0.0111    0.0851   -0.2880    0.0812   -0.0923   -0.1987   -0.2035    0.0317   -0.1419    0.2686
   118 B13    2px        0.0005    0.0255    0.0114   -0.0041    0.0450    0.2295    0.1010   -0.1178    0.0904   -0.1184
   119 B13    3px       -0.0914    0.2467    0.1881   -0.0399    0.0011   -0.0407   -0.0089    0.0450    0.3885   -0.0727
   120 B13    2py       -0.0249   -0.0150   -0.1022   -0.0398   -0.1089    0.0482    0.0643    0.0487    0.0176   -0.0102
   121 B13    3py        0.2516    0.2706   -0.1119    0.0008   -0.3533    0.1052    0.2194    0.4556    0.0102    0.0076
   122 B13    2pz       -0.0018   -0.0508    0.0196   -0.0412    0.0688    0.2503    0.1129   -0.0477   -0.0761    0.0367
   123 B13    3pz        0.0162   -0.0734    0.0561   -0.0149   -0.0191   -0.1145    0.0253    0.0095   -0.1430    0.5172
   124 B13    3d2-       0.1344    0.0580   -0.0711   -0.0558    0.2176   -0.0496    0.0309    0.0768   -0.0045   -0.0046
   125 B13    3d1-       0.1101    0.1446   -0.0005    0.1469   -0.1273    0.0332    0.0185   -0.0444    0.0178    0.0001
   126 B13    3d0        0.0167   -0.0870    0.0175   -0.0173    0.0332    0.1215   -0.0791    0.0666   -0.0365    0.0503
   127 B13    3d1+       0.0215   -0.0195   -0.0985   -0.0263    0.0386    0.1669    0.1776   -0.0832    0.2133    0.0060
   128 B13    3d2+       0.0370    0.0684   -0.0139   -0.0240    0.0706    0.2865   -0.0003    0.0059   -0.0426   -0.0994


      Orbital                54        55        56        57        58        59        60        61        62        63
      Energy            -1.3756   -1.3081   -1.2967   -1.2584   -1.2393   -1.2337   -1.2046   -1.1943   -1.1257   -1.1004
      Occ. No.           0.0000    0.0000    0.0000    0.0000    0.0000    0.0000    0.0000    0.0000    0.0000    0.0000

     1 C1     1s        -0.0031    0.0181   -0.0949    0.0076    0.0162    0.0095    0.0103    0.0138    0.0454    0.0238
     2 C1     2s         0.0064    0.0425   -0.4418    0.0792    0.0984    0.0448    0.0202    0.0680    0.2524    0.0479
     3 C1     3s         0.0351    0.0880   -0.1182   -0.0390   -0.0314   -0.0179   -0.0525    0.0144   -0.0368   -0.1594
     4 C1     2px       -0.0242   -0.0097    0.0255    0.2230    0.1566   -0.1572   -0.1073    0.1281    0.0148    0.2778
     5 C1     3px       -0.0003    0.0172    0.0836    0.1679    0.1918   -0.2806   -0.1681    0.1317   -0.2997    0.1918
     6 C1     2py       -0.0624    0.0638    0.1167   -0.0426   -0.0668   -0.0591    0.0457    0.0029    0.0069   -0.5688
     7 C1     3py        0.0185   -0.0651    0.0066    0.0434   -0.0471   -0.0430    0.0492    0.0664    0.2681   -0.6257
     8 C1     2pz        0.0044    0.0726    0.1954   -0.0922    0.0518    0.2966    0.0420   -0.3319    0.1722   -0.2327
     9 C1     3pz        0.1099   -0.0169    0.4994   -0.1303    0.1692    0.4221    0.2580   -0.6078    0.1958   -0.3088
    10 C1     3d2-       0.0071    0.0495    0.0101   -0.0987   -0.0843    0.0239   -0.0060    0.0336    0.0331   -0.0454
    11 C1     3d1-       0.0178    0.0010   -0.0597    0.0680    0.1058    0.0422   -0.1313   -0.0550    0.0089    0.0086
    12 C1     3d0        0.0976    0.0949   -0.1717   -0.0624   -0.0513    0.0431   -0.1614   -0.1125   -0.1195    0.0820
    13 C1     3d1+       0.0289   -0.0299   -0.0405    0.0301    0.1012   -0.0939   -0.1143   -0.0342    0.0290    0.1108
    14 C1     3d2+       0.0159   -0.0373    0.0422   -0.0016    0.0514    0.0254    0.1017    0.0032   -0.0605    0.1670
    15 C2     1s         0.0026    0.0493    0.0215   -0.0474   -0.0050    0.0030    0.0218   -0.0022   -0.0248    0.0202
    16 C2     2s        -0.0331    0.1952    0.0993   -0.1772   -0.0628    0.0092    0.0992   -0.0283   -0.1879    0.0497
    17 C2     3s        -0.0543    0.0343    0.1150   -0.0010    0.0147   -0.0592   -0.0596   -0.0719   -0.2180   -0.2083
    18 C2     2px       -0.0076    0.2137    0.1290    0.0819   -0.0526   -0.0469    0.0172   -0.1046    0.0172   -0.2046
    19 C2     3px        0.0374    0.1879    0.2842    0.3699   -0.0035    0.0211    0.0559   -0.0729   -0.0127   -0.1942
    20 C2     2py        0.0212   -0.1395   -0.0458    0.3184    0.0485    0.0271   -0.2287   -0.0228    0.1863   -0.2324
    21 C2     3py        0.0241   -0.3391   -0.0079    0.4231    0.0132   -0.0010   -0.1312   -0.0425    0.1841   -0.2471
    22 C2     2pz       -0.0688   -0.1190    0.0309   -0.2071   -0.0314   -0.0504   -0.2635    0.0457   -0.0375   -0.0915
    23 C2     3pz       -0.2288   -0.5406    0.0420   -0.5039    0.0197   -0.3772   -0.3446   -0.0962   -0.0431   -0.1769
    24 C2     3d2-       0.0445   -0.0134   -0.0527    0.0267    0.0380   -0.1664    0.0345   -0.0581    0.0940    0.1064
    25 C2     3d1-      -0.0903   -0.0503    0.1644    0.0296    0.0063    0.3252   -0.0422    0.1730    0.0456    0.0026
    26 C2     3d0        0.0051   -0.0167    0.0424    0.0439   -0.0766   -0.0195    0.1272   -0.0656   -0.0828   -0.1532
    27 C2     3d1+       0.0320    0.0076    0.1018   -0.0105   -0.0406   -0.0132    0.2175    0.0332    0.0272   -0.0360
    28 C2     3d2+      -0.0055   -0.0369   -0.0580    0.0043    0.0432    0.0274   -0.0824    0.0039   -0.0624    0.0196
    29 C3     1s         0.0051   -0.0526   -0.0075    0.0471    0.0029    0.0054   -0.0217   -0.0174   -0.0048   -0.0430
    30 C3     2s        -0.0087   -0.2161   -0.0310    0.1677    0.0473    0.0255   -0.0895   -0.0967   -0.0924   -0.2073
    31 C3     3s        -0.0664   -0.0451    0.1110    0.0364    0.0130   -0.0530    0.0620   -0.0671   -0.2610   -0.0228
    32 C3     2px       -0.0375   -0.2136    0.0763   -0.0484    0.0727   -0.0408   -0.0393   -0.0868   -0.0433    0.0283
    33 C3     3px       -0.0057   -0.2187    0.3146   -0.2827    0.0407   -0.0130   -0.0932   -0.0102   -0.0676   -0.0258
    34 C3     2py       -0.0001   -0.1292   -0.0714    0.3277    0.0560    0.0051   -0.2327   -0.0918   -0.0696   -0.3877
    35 C3     3py       -0.0427   -0.3584   -0.1725    0.4011    0.0022    0.0342   -0.1039   -0.0588   -0.0895   -0.3114
    36 C3     2pz       -0.0606    0.1260    0.0103    0.2252    0.0498    0.0038    0.2569    0.0214   -0.0576   -0.0212
    37 C3     3pz       -0.1627    0.5760    0.0287    0.5341    0.0706   -0.2808    0.3625   -0.1279   -0.1433    0.0518
    38 C3     3d2-      -0.0419   -0.0254    0.0387    0.0281   -0.0023    0.1757    0.0284    0.0499   -0.1171    0.0393
    39 C3     3d1-       0.0872   -0.0268   -0.1803   -0.0167    0.0534   -0.3168    0.0110   -0.1801   -0.0546    0.0461
    40 C3     3d0        0.0015    0.0130    0.0402   -0.0451    0.0714   -0.0051   -0.1204   -0.0587   -0.1604    0.0372
    41 C3     3d1+       0.0385   -0.0301    0.0563    0.0402    0.0617   -0.0084   -0.2213    0.0237   -0.0221    0.0665
    42 C3     3d2+       0.0029    0.0333   -0.0370   -0.0176   -0.0529    0.0146    0.0920    0.0076   -0.0275   -0.0266
    43 C4     1s        -0.0050    0.0016   -0.0815   -0.0344   -0.0308   -0.0002   -0.0094    0.0150    0.0524   -0.0057
    44 C4     2s        -0.0326    0.0858   -0.3303   -0.1974   -0.1677   -0.0034   -0.0369    0.0981    0.2398   -0.0071
    45 C4     3s         0.0250   -0.0784   -0.1299    0.0043    0.0191   -0.0035    0.0650    0.0020   -0.0816    0.0450
    46 C4     2px       -0.0221   -0.0292    0.0690   -0.1752   -0.0662   -0.2167    0.1262    0.1667    0.1798   -0.1447
    47 C4     3px       -0.0012   -0.0619    0.0894   -0.0811   -0.0465   -0.3333    0.1929    0.1661   -0.0977   -0.3568
    48 C4     2py        0.1028    0.0589   -0.1335   -0.1566   -0.1467    0.0007    0.1167    0.0313    0.2257   -0.0398
    49 C4     3py       -0.0546   -0.0894   -0.0102    0.0224   -0.0705    0.0256    0.1062   -0.0742   -0.0207   -0.1956
    50 C4     2pz       -0.0246   -0.0543    0.1365    0.0365   -0.1974    0.2554   -0.0617   -0.2574    0.0569    0.1972
    51 C4     3pz        0.1173   -0.0592    0.4730    0.2050   -0.2789    0.3527   -0.3404   -0.5627    0.0051    0.2534
    52 C4     3d2-       0.0004    0.0496    0.0428   -0.0914   -0.0715   -0.0584   -0.0043   -0.0153   -0.0011   -0.0549
    53 C4     3d1-      -0.0242    0.0136    0.0048    0.0864    0.1231   -0.0044   -0.1407    0.0375   -0.0411   -0.0083
    54 C4     3d0        0.0706   -0.0607   -0.1577   -0.0135   -0.0144    0.0628    0.1823   -0.1347   -0.0451   -0.1199
    55 C4     3d1+       0.0328    0.0345   -0.0096   -0.0226   -0.0694   -0.1186    0.1151   -0.0215    0.0975   -0.0629
    56 C4     3d2+       0.0084    0.0360    0.0560    0.0163   -0.0489    0.0056   -0.1056    0.0042    0.0018   -0.1359
    57 C5     1s         0.0095   -0.0388   -0.0136   -0.0329    0.0309    0.0484   -0.0081   -0.0422    0.0369   -0.0247
    58 C5     2s         0.0356   -0.2236   -0.0908   -0.0467    0.2463    0.2045    0.0068   -0.1328    0.1271   -0.1104
    59 C5     3s        -0.0020    0.0134    0.1028   -0.0731   -0.0318    0.0667    0.0997    0.1112    0.0922    0.1274
    60 C5     2px       -0.0234    0.2090   -0.0931   -0.1318    0.1269   -0.1861   -0.1799    0.2149   -0.0786   -0.0437
    61 C5     3px        0.1058    0.1663   -0.2648   -0.2422    0.3329   -0.1610   -0.1493    0.2303   -0.1338   -0.1079
    62 C5     2py        0.0754   -0.1987    0.1100   -0.2925    0.1448   -0.1551   -0.0556    0.1122    0.1184   -0.5171
    63 C5     3py        0.0715   -0.1694    0.1343   -0.6138   -0.0520   -0.2873    0.0592    0.2182   -0.0033   -0.4901
    64 C5     2pz        0.0821   -0.1530   -0.0179    0.1058    0.6060    0.0324    0.2107    0.1096   -0.1014   -0.0878
    65 C5     3pz        0.2449    0.2436   -0.0781   -0.1842    0.8808    0.2315    0.1796    0.3358   -0.1039   -0.0859
    66 C5     3d2-      -0.0103    0.0261   -0.1437    0.0086   -0.0451    0.1738   -0.0514   -0.0302   -0.1089   -0.0447
    67 C5     3d1-      -0.0078    0.0007   -0.2859   -0.0526   -0.0893    0.1511    0.0264   -0.1260    0.0016    0.0210
    68 C5     3d0       -0.0319    0.0797    0.0643    0.0807   -0.0571   -0.1267   -0.0795    0.0221    0.0895    0.0784
    69 C5     3d1+       0.0316   -0.0276   -0.0389   -0.0127    0.0722    0.0029    0.1706    0.1024    0.0398   -0.0013
    70 C5     3d2+       0.0588   -0.0464   -0.0353    0.0048    0.0545    0.0027    0.0640    0.0207   -0.0185    0.0268
    71 C6     1s         0.0085    0.0464   -0.0105    0.0171   -0.0555    0.0392    0.0043   -0.0299    0.0174    0.0316
    72 C6     2s         0.0359    0.2430    0.0073   -0.0194   -0.3421    0.1258   -0.0081   -0.0705    0.0382    0.1132
    73 C6     3s         0.0056   -0.0278    0.0472    0.1027    0.0364    0.0782   -0.1177    0.0882    0.1229   -0.0509
    74 C6     2px       -0.0674   -0.2266   -0.0850    0.1413   -0.0506   -0.1825    0.2166    0.1904   -0.1414    0.1847
    75 C6     3px        0.0745   -0.1883   -0.2773    0.1840   -0.2878   -0.2221    0.2367    0.2506   -0.2103    0.1922
    76 C6     2py       -0.0912   -0.1712   -0.0269   -0.3515    0.0609    0.1427   -0.0570   -0.1704    0.1504   -0.4613
    77 C6     3py       -0.0667   -0.1135    0.1029   -0.6615   -0.1610    0.1865    0.0196   -0.2020    0.2645   -0.4039
    78 C6     2pz        0.1115    0.1458    0.1154   -0.0775   -0.5641   -0.1727   -0.2152    0.1979   -0.1065   -0.1008
    79 C6     3pz        0.2180   -0.2946   -0.0669    0.1835   -0.8712   -0.0432   -0.1528    0.4261   -0.0811   -0.1124
    80 C6     3d2-       0.0080   -0.0003    0.1312    0.0793    0.0415   -0.1712   -0.0562    0.0320    0.0816    0.0739
    81 C6     3d1-       0.0083   -0.0522    0.2866    0.0692    0.0252   -0.1598    0.0079    0.1228    0.0033   -0.0113
    82 C6     3d0       -0.0397   -0.0849    0.0863   -0.0360    0.1123   -0.1004    0.0634   -0.0114    0.1278   -0.0116
    83 C6     3d1+       0.0491    0.0297   -0.0315    0.0094   -0.0640   -0.0265   -0.1685    0.0992    0.0248   -0.0063
    84 C6     3d2+       0.0669    0.0321   -0.0264   -0.0170   -0.0561   -0.0188   -0.0470    0.0362   -0.0212   -0.0080
    85 H7     1s         0.0181   -0.0630   -0.0673   -0.1424   -0.0361    0.0438    0.2686    0.1326   -0.9273    2.0012
    86 H7     2s        -0.0514   -0.1579    0.0892   -0.0888   -0.0401    0.0741    0.2021    0.0635   -0.4387    0.6990
    87 H7     2px        0.0050    0.0465    0.0096   -0.0986   -0.0536    0.0069    0.0022    0.0366    0.0059   -0.0161
    88 H7     2py        0.0222   -0.0084    0.0216   -0.0051   -0.0233   -0.0124    0.0300    0.0228    0.0558   -0.1062
    89 H7     2pz        0.0340    0.0357   -0.0940    0.0612    0.1021    0.0511   -0.0773   -0.1380   -0.0319    0.0326
    90 H8     1s        -0.0590    0.2423    0.2462   -0.1546    0.0453   -0.1513   -0.0381   -0.1047    0.2064    0.1739
    91 H8     2s        -0.0517   -0.0603   -0.0152    0.1016    0.0073   -0.0484   -0.0390    0.0186    0.2437    0.1583
    92 H8     2px        0.0037    0.0173    0.0169    0.0285   -0.0368   -0.0914    0.0857   -0.0331    0.0339   -0.0380
    93 H8     2py       -0.0001    0.0132    0.0143    0.0081   -0.0264   -0.0177   -0.0228   -0.0032    0.0140   -0.0506
    94 H8     2pz       -0.0439   -0.0259    0.0223   -0.0323    0.0394    0.1350   -0.2119    0.0771    0.0139    0.0735
    95 H9     1s        -0.1106   -0.2167    0.1804    0.2562    0.0339   -0.1284   -0.0320   -0.1281    0.2405   -0.4290
    96 H9     2s        -0.0575    0.0771    0.0334   -0.0887    0.0135   -0.0512    0.0128    0.0492    0.2539   -0.1011
    97 H9     2px        0.0033   -0.0160    0.0046   -0.0265    0.0567   -0.0840   -0.0783   -0.0300   -0.0023    0.0378
    98 H9     2py        0.0004    0.0085   -0.0100    0.0055   -0.0297    0.0088   -0.0192    0.0054   -0.0029   -0.0328
    99 H9     2pz       -0.0431    0.0259    0.0386    0.0385   -0.0659    0.1330    0.1917    0.0772    0.0775   -0.0719
   100 H10    1s         0.2013   -0.1060   -0.2893    0.0028   -0.0277   -0.0191   -0.0352   -0.0122    0.0602   -0.9082
   101 H10    2s        -0.0269    0.1308    0.0530    0.0833    0.0178    0.0735   -0.1466    0.0117   -0.1180   -0.4379
   102 H10    2px       -0.0022   -0.0485   -0.0399    0.0949    0.0494    0.0324   -0.0006    0.0196   -0.0069    0.0095
   103 H10    2py       -0.0434    0.0077    0.0015   -0.0086   -0.0304    0.0076    0.0306   -0.0150   -0.0195   -0.0685
   104 H10    2pz        0.0289   -0.0302   -0.0463   -0.1025   -0.1411    0.0075    0.0922   -0.1151    0.0078   -0.0301
   105 H11    1s         0.0930   -0.2298    0.2324   -0.0880   -0.0231    0.2089    0.0750    0.0546    0.0028   -0.4449
   106 H11    2s        -0.0696    0.0484   -0.0411    0.1189    0.0082    0.0576   -0.0285    0.1509   -0.2265   -0.1296
   107 H11    2px        0.0236   -0.0281   -0.0092   -0.0025    0.0581   -0.0048    0.0230    0.0272   -0.0278    0.0107
   108 H11    2py        0.0061   -0.0152   -0.0263   -0.0069    0.0078   -0.0161   -0.0067    0.0241   -0.0940   -0.0348
   109 H11    2pz       -0.0066   -0.0438    0.0745   -0.0134    0.1403   -0.0307    0.1159    0.0808   -0.0102   -0.0419
   110 H12    1s         0.1608    0.2512    0.0887    0.1492    0.0008    0.2032   -0.1602    0.0891    0.0041   -0.1543
   111 H12    2s        -0.0613   -0.0405    0.0082   -0.1165   -0.0106    0.0423    0.0226    0.1243   -0.1495   -0.2267
   112 H12    2px        0.0330    0.0222   -0.0057    0.0025   -0.0519   -0.0234   -0.0139    0.0390   -0.0285   -0.0030
   113 H12    2py       -0.0094   -0.0122    0.0258    0.0008    0.0056    0.0179   -0.0195   -0.0257    0.0879    0.0310
   114 H12    2pz        0.0028    0.0304    0.0801    0.0506   -0.1013   -0.0721   -0.1197    0.0965   -0.0341   -0.0031
   115 B13    1s        -0.0538    0.0145   -0.0717   -0.0044    0.0009   -0.0216   -0.0082   -0.0145    0.0598   -0.0130
   116 B13    2s        -0.3285    0.0482   -0.2684    0.0266    0.0484   -0.1758   -0.0528   -0.1092    0.3976   -0.0213
   117 B13    3s        -0.4465    0.0525   -0.0643    0.0114    0.0350   -0.2513   -0.0339   -0.0980    0.5050    0.1016
   118 B13    2px       -0.3264    0.0681    0.1210   -0.0813   -0.1361    0.3127   -0.0161   -0.8277    0.1404    0.1344
   119 B13    3px       -0.5551    0.0484   -0.0204   -0.0547   -0.1067    0.3176   -0.0145   -0.8708    0.1158    0.1171
   120 B13    2py        0.0177    0.1041   -0.1351    0.2387    0.2493    0.0385    0.1626    0.0130    0.1413   -0.3515
   121 B13    3py        0.0394   -0.0319   -0.0979    0.3136    0.2961    0.0594    0.2076   -0.0556    0.1479   -0.3718
   122 B13    2pz       -0.1714    0.0137   -0.2472   -0.0136    0.0364   -0.1831    0.0290    0.5281   -0.0056   -0.0275
   123 B13    3pz       -0.3859    0.0476   -0.2988   -0.0176    0.0128   -0.0378   -0.0028    0.4914   -0.0944   -0.1286
   124 B13    3d2-      -0.0167   -0.3739   -0.1117    0.3421    0.3532    0.0703    0.0422   -0.0604    0.0443   -0.1618
   125 B13    3d1-       0.0208    0.3057    0.0191   -0.0858   -0.1607   -0.0327   -0.0324    0.0463   -0.0155    0.0641
   126 B13    3d0       -0.2823   -0.0039   -0.0713    0.0033    0.0083    0.0484    0.0098    0.2153   -0.1097   -0.0199
   127 B13    3d1+      -0.2921    0.0062    0.1305    0.0096    0.0171   -0.1595    0.0182   -0.1039   -0.4020   -0.1500
   128 B13    3d2+      -0.0890   -0.0034   -0.0291   -0.0008   -0.0075    0.0860   -0.0110    0.0188    0.4980    0.2442


      Orbital                64        65        66        67        68        69        70        71        72        73
      Energy            -1.0805   -1.0618   -1.0578   -1.0464   -1.0399   -1.0234   -0.9781   -0.9657   -0.9508   -0.9133
      Occ. No.           0.0000    0.0000    0.0000    0.0000    0.0000    0.0000    0.0000    0.0000    0.0000    0.0000

     1 C1     1s         0.0289    0.0008    0.0465   -0.0169    0.0459   -0.0108    0.0128   -0.0317   -0.0256    0.0262
     2 C1     2s         0.1304    0.0122    0.2061   -0.1015    0.2577   -0.0280    0.0840   -0.1753   -0.0988    0.1689
     3 C1     3s         0.0250    0.0358    0.0167   -0.1014    0.2346    0.0930   -0.1927   -0.0513   -0.0236    0.0471
     4 C1     2px       -0.6626    0.3338    0.1913   -0.4825   -0.0922   -0.0810   -0.0207    0.9830   -0.0471    0.8845
     5 C1     3px       -0.8767    0.2486    0.1428   -0.6135   -0.0110   -0.0092    0.0608    1.0918   -0.2445    0.8640
     6 C1     2py       -0.1703   -0.3673    0.0848   -0.3030    0.4248    0.0565   -0.5082    0.5878    0.1114   -0.7118
     7 C1     3py       -0.0867   -0.4380    0.1692   -0.3328    0.4969    0.0859   -0.3189    0.5626    0.0863   -0.6660
     8 C1     2pz       -0.1641   -0.3681   -0.5758    0.0500   -0.3249    0.1421   -0.0679    0.4333    0.0870   -0.0452
     9 C1     3pz       -0.2177   -0.4824   -0.7620    0.0401   -0.3024    0.2117   -0.0459    0.4964    0.1483   -0.0812
    10 C1     3d2-      -0.0384    0.0181   -0.0742    0.0062   -0.0028   -0.0206   -0.0299   -0.0401    0.0153    0.1620
    11 C1     3d1-      -0.0780   -0.0764   -0.0664    0.0440   -0.0725    0.0393    0.0799    0.0449    0.0316    0.0028
    12 C1     3d0       -0.0228    0.0009   -0.1267    0.0507    0.0094    0.0604   -0.0845   -0.0180    0.0055    0.0501
    13 C1     3d1+       0.0481   -0.0577    0.0136    0.0203   -0.0388    0.0530   -0.0008    0.1084   -0.0141   -0.2132
    14 C1     3d2+       0.0363    0.0184   -0.0776    0.0157   -0.0109    0.0346    0.0054    0.0109   -0.0230    0.0099
    15 C2     1s        -0.0526   -0.0172   -0.0107   -0.0260    0.0444    0.0101    0.0682   -0.0139   -0.0250   -0.0541
    16 C2     2s        -0.2462   -0.0839   -0.0508   -0.1419    0.2697    0.1104    0.4243    0.0063   -0.1728   -0.1785
    17 C2     3s        -0.0110   -0.0947   -0.1149   -0.0340    0.2308    0.1969    0.4675    0.0045   -0.2081    0.1510
    18 C2     2px       -0.5480   -0.1380   -0.2463   -0.4691   -0.0534   -0.1713   -0.1267    0.4133    0.0234    0.4504
    19 C2     3px       -0.7051   -0.1980   -0.3418   -0.5275   -0.1045   -0.1970   -0.0295    0.4332   -0.0870    0.4970
    20 C2     2py       -0.0096    0.2844    0.0720    0.1485   -0.2289    0.3356   -0.0206    1.1104   -0.0336    0.9172
    21 C2     3py       -0.0060    0.3050    0.2326    0.2357   -0.1628    0.4649    0.0707    1.3169   -0.0723    0.7870
    22 C2     2pz       -0.2416    0.0332    0.1123   -0.2916    0.0637   -0.1461   -0.0012    0.0693    0.1925    0.3540
    23 C2     3pz       -0.2696    0.0275    0.1712   -0.3515    0.0213   -0.2308    0.0293    0.0120    0.3109    0.4602
    24 C2     3d2-      -0.1361   -0.0635   -0.0229   -0.0911   -0.0869   -0.0680   -0.0304    0.0411    0.0235   -0.0702
    25 C2     3d1-      -0.1013    0.0175   -0.0492   -0.0975    0.1210   -0.0022   -0.0197   -0.0124    0.0369   -0.0181
    26 C2     3d0       -0.0644   -0.0375   -0.0807   -0.0713    0.0843    0.0174    0.1990   -0.0745    0.1213    0.1252
    27 C2     3d1+       0.1006    0.0783    0.0016    0.0080    0.0203    0.0215   -0.1366   -0.0061    0.2752    0.0480
    28 C2     3d2+       0.0423    0.0164    0.0124    0.0204   -0.0071    0.0441   -0.0151    0.0999   -0.0982    0.0053
    29 C3     1s        -0.0445    0.0138    0.0112    0.0049    0.0417    0.0373    0.0578    0.0232   -0.0247    0.0547
    30 C3     2s        -0.2176    0.0326    0.0645    0.0064    0.2921    0.1991    0.3807    0.0490   -0.1715    0.1971
    31 C3     3s        -0.0366   -0.0738    0.1751   -0.0898    0.3013    0.0974    0.4553    0.0461   -0.2099   -0.1159
    32 C3     2px       -0.5617    0.1458    0.2456    0.4269    0.2242    0.2313   -0.2235   -0.4313    0.0190   -0.5398
    33 C3     3px       -0.7016    0.2304    0.3436    0.5110    0.1945    0.2399   -0.1157   -0.4449   -0.0894   -0.5820
    34 C3     2py        0.1162    0.1516    0.1082    0.0969   -0.0433    0.3839   -0.2045    1.0989    0.0137    0.8405
    35 C3     3py        0.1172    0.3009    0.2256    0.2042   -0.0953    0.4532   -0.3420    1.2904    0.0390    0.7209
    36 C3     2pz       -0.2426    0.0330   -0.1493    0.2215    0.1257    0.1962   -0.0691   -0.0630    0.1868   -0.4264
    37 C3     3pz       -0.2796    0.0178   -0.1913    0.3149    0.0784    0.2592   -0.0693   -0.0002    0.3027   -0.5457
    38 C3     3d2-       0.1069   -0.0785   -0.0309   -0.1478    0.0755   -0.0208    0.0225    0.0433   -0.0277   -0.0770
    39 C3     3d1-       0.0909   -0.0795    0.0077   -0.0003   -0.1240   -0.0587    0.0287   -0.0128   -0.0368   -0.0048
    40 C3     3d0       -0.0809    0.0072    0.0851    0.0163    0.1211    0.0828    0.1654    0.1088    0.1163   -0.1880
    41 C3     3d1+       0.0875    0.0152   -0.0495   -0.0509    0.0298   -0.0501   -0.1354   -0.0055    0.2773   -0.0414
    42 C3     3d2+       0.0411   -0.0184   -0.0105   -0.0230    0.0144   -0.0415    0.0036   -0.1060   -0.0952    0.0007
    43 C4     1s         0.0329   -0.0172   -0.0496   -0.0021    0.0235    0.0385    0.0055    0.0377   -0.0278   -0.0392
    44 C4     2s         0.1443   -0.0720   -0.2407   -0.0259    0.1553    0.1699    0.0592    0.2067   -0.1073   -0.1902
    45 C4     3s        -0.0062   -0.0674   -0.0401   -0.0663    0.2948    0.0815   -0.2243    0.0176   -0.0254    0.0558
    46 C4     2px       -0.6128    0.3337   -0.4360    0.3942    0.1029    0.0258    0.0851   -0.9754   -0.0340   -0.9127
    47 C4     3px       -0.8066    0.3624   -0.3716    0.4578    0.2505    0.0307    0.1954   -1.0815   -0.2252   -0.9069
    48 C4     2py        0.2282    0.3818   -0.1675   -0.1143   -0.5387   -0.3649    0.5605    0.6733   -0.1503   -0.7984
    49 C4     3py        0.1837    0.5864   -0.1591   -0.1511   -0.6721   -0.5119    0.4226    0.5964   -0.1124   -0.6998
    50 C4     2pz       -0.2125   -0.0334    0.7482    0.1403   -0.0193   -0.1682   -0.0545   -0.4229    0.1007    0.0616
    51 C4     3pz       -0.2739   -0.0016    1.0174    0.1443    0.0592   -0.1532   -0.0455   -0.5117    0.1737    0.0945
    52 C4     3d2-       0.0497   -0.0348   -0.0502    0.0166   -0.0060   -0.0067    0.0527   -0.0374   -0.0117    0.1576
    53 C4     3d1-       0.0845    0.0416   -0.1334   -0.0232    0.0250    0.0074   -0.0692    0.0383   -0.0314   -0.0294
    54 C4     3d0       -0.0007    0.0933    0.0799   -0.0814    0.0034   -0.1014   -0.0636    0.0119    0.0082   -0.0630
    55 C4     3d1+       0.0664   -0.0217    0.0263    0.0178   -0.0271   -0.0508    0.0412   -0.1093   -0.0069    0.2242
    56 C4     3d2+       0.0808    0.1508    0.0089   -0.0353   -0.0515   -0.1072    0.0533   -0.0073   -0.0156   -0.0266
    57 C5     1s         0.0682   -0.0176   -0.0095   -0.0290    0.0157    0.0402   -0.0436   -0.0304    0.0268   -0.0014
    58 C5     2s         0.3070   -0.0773   -0.0096   -0.1501    0.1131    0.1936   -0.2061   -0.1193    0.2436    0.0128
    59 C5     3s         0.0848    0.0589    0.0984   -0.1399    0.2022    0.0021    0.0480    0.2633    0.4257   -0.0883
    60 C5     2px       -0.2426    0.3149   -0.6807    0.1951    0.2600   -0.1827    0.3581    0.2801   -0.0922   -0.5667
    61 C5     3px       -0.2708    0.3657   -0.7723    0.2233    0.4185   -0.2126    0.3025    0.1994   -0.2344   -0.4678
    62 C5     2py        0.0946   -0.0579   -0.6441   -0.1437   -0.4020    0.6653   -0.2129   -0.8113   -0.0938   -0.4956
    63 C5     3py        0.0425   -0.0625   -0.5711   -0.2824   -0.5593    0.7479   -0.2250   -0.5806   -0.1565   -0.5743
    64 C5     2pz        0.1606   -0.1687    0.4061   -0.1203   -0.1847    0.0271   -0.2606   -0.1455   -0.2066    0.4589
    65 C5     3pz        0.0472   -0.2125    0.5776   -0.1301   -0.2812    0.0348    0.0700   -0.1066   -0.0092    0.5270
    66 C5     3d2-      -0.0262   -0.0812    0.0798   -0.0787   -0.0999    0.1005   -0.0759    0.0375    0.0363   -0.0722
    67 C5     3d1-      -0.0972    0.0590   -0.0802   -0.0004    0.0741   -0.0133    0.0418    0.0423    0.1471    0.0122
    68 C5     3d0        0.0831   -0.0682    0.0677   -0.0033   -0.0431    0.0611    0.1759   -0.0226   -0.0215    0.0552
    69 C5     3d1+       0.0357   -0.0206    0.0995   -0.0864   -0.0561    0.0366   -0.0856    0.1034    0.2630   -0.1095
    70 C5     3d2+       0.0025    0.0594    0.0401   -0.0231    0.0709   -0.0621   -0.0483    0.1037    0.1458   -0.0299
    71 C6     1s         0.0622   -0.0207    0.0147    0.0105    0.0531   -0.0185   -0.0400    0.0299    0.0255   -0.0075
    72 C6     2s         0.2856   -0.0974    0.0247    0.0436    0.2666   -0.0675   -0.1880    0.1220    0.2410   -0.0288
    73 C6     3s         0.1136    0.0717   -0.1736    0.0071    0.1488    0.1239    0.0815   -0.2382    0.4368    0.1195
    74 C6     2px       -0.2646    0.5783    0.3325   -0.4235    0.0418    0.1954    0.2711   -0.2545   -0.0678    0.6320
    75 C6     3px       -0.3016    0.6371    0.3465   -0.5605    0.1329    0.2764    0.1983   -0.1737   -0.2212    0.5286
    76 C6     2py        0.0360    0.0010   -0.6523   -0.1467   -0.3755    0.7222    0.2146   -0.7873    0.1155   -0.4304
    77 C6     3py        0.0770    0.0080   -0.5947   -0.3426   -0.3742    0.8504    0.1972   -0.5537    0.1615   -0.5284
    78 C6     2pz        0.1592   -0.3565   -0.2092    0.2706   -0.0600   -0.0974   -0.2408    0.1114   -0.2163   -0.4835
    79 C6     3pz        0.0423   -0.4855   -0.2887    0.3822   -0.1327   -0.0441    0.0902    0.1205   -0.0254   -0.5233
    80 C6     3d2-       0.0285    0.1181    0.0029   -0.1293   -0.0386    0.1040    0.0533    0.0427   -0.0390   -0.0678
    81 C6     3d1-       0.0928   -0.1054   -0.0128    0.0560   -0.0364   -0.0427   -0.0435    0.0314   -0.1482    0.0193
    82 C6     3d0        0.0904   -0.0804    0.0047    0.0559   -0.0082   -0.0138    0.1670    0.0430   -0.0207   -0.0678
    83 C6     3d1+       0.0378   -0.0615   -0.0797    0.1079    0.0168   -0.0542   -0.0664   -0.0957    0.2708    0.0847
    84 C6     3d2+       0.0111    0.0525   -0.0941   -0.0223    0.0040    0.0641   -0.0321   -0.1010    0.1488    0.0189
    85 H7     1s         0.5118    1.0599   -0.3293    0.6888   -0.7864    0.1268    0.6299   -0.9408   -0.2012    1.0706
    86 H7     2s         0.1486    0.4067   -0.1532    0.1743   -0.2887    0.1665    0.1119   -0.0931   -0.0035    0.2151
    87 H7     2px       -0.1439    0.0142   -0.0738   -0.1052   -0.0311    0.0161    0.0612    0.0732   -0.0094    0.1817
    88 H7     2py        0.0202   -0.0560    0.0340   -0.0561    0.1091    0.0150   -0.0506    0.0368   -0.0271   -0.0585
    89 H7     2pz       -0.0808   -0.0823   -0.1324    0.0784   -0.0908    0.0434   -0.0090    0.0635    0.0500    0.0017
    90 H8     1s        -1.4229   -0.7013   -0.5076   -1.4151   -0.0841   -1.1394   -0.2764   -0.6613    0.2230   -0.2793
    91 H8     2s        -0.5038   -0.2743   -0.1670   -0.6237   -0.1201   -0.5129   -0.1564   -0.1153    0.0668   -0.0957
    92 H8     2px       -0.1056   -0.0412   -0.0243   -0.0577   -0.0624   -0.0759    0.0327    0.0197    0.0602    0.1274
    93 H8     2py       -0.0382    0.0329    0.0729    0.0844    0.0097    0.0670    0.1292    0.1433   -0.0890    0.1342
    94 H8     2pz       -0.0590    0.0391    0.0798   -0.0421    0.0440   -0.0435   -0.0665    0.0399   -0.1702   -0.0040
    95 H9     1s        -1.2349    0.7604    0.5034    1.4401    0.0377    1.0910   -0.7171    0.6140    0.1925    0.0688
    96 H9     2s        -0.4196    0.3426    0.1534    0.6845   -0.0620    0.4398   -0.2942    0.0897    0.0588    0.1005
    97 H9     2px       -0.1082    0.0143    0.0439    0.1017   -0.0408    0.0579    0.0073   -0.0136    0.0572   -0.1359
    98 H9     2py        0.0568    0.0905    0.0457    0.0710   -0.0050    0.0255   -0.1573    0.1240    0.0879    0.1384
    99 H9     2pz       -0.0439    0.0181   -0.1097    0.0126    0.0115    0.0391   -0.0600   -0.0521   -0.1719    0.0089
   100 H10    1s         0.8187    1.3922   -0.5210   -0.5114   -1.1361   -1.2073    0.8890    1.0294   -0.2434   -1.2410
   101 H10    2s         0.2834    0.5989   -0.2159   -0.1711   -0.3595   -0.6157    0.2922    0.1095    0.0046   -0.2136
   102 H10    2px       -0.1430    0.0810    0.0392    0.0889    0.0510   -0.0095    0.0584   -0.0634   -0.0079   -0.1821
   103 H10    2py        0.0062    0.1197   -0.0224   -0.0125   -0.1502   -0.1237    0.0959    0.0435    0.0294   -0.0483
   104 H10    2pz       -0.0767    0.0101    0.1787   -0.0104   -0.0611   -0.0630    0.0023   -0.0645    0.0539    0.0291
   105 H11    1s         0.4091   -0.9503    0.9229   -0.6930   -1.4684    1.4029   -0.7521   -1.1343   -0.1570    0.2330
   106 H11    2s        -0.0428   -0.3546    0.4030   -0.2765   -0.5871    0.6065   -0.1496   -0.3524   -0.0513    0.0879
   107 H11    2px        0.0022    0.0779   -0.0504   -0.0196    0.1097   -0.0645   -0.0552    0.1392    0.0557   -0.1419
   108 H11    2py       -0.0263    0.0178   -0.0062   -0.0917   -0.0547    0.1009   -0.0879    0.0333   -0.0369   -0.1605
   109 H11    2pz        0.0355   -0.0404    0.0918   -0.0487   -0.0890    0.0033   -0.0868    0.0621    0.1625    0.0460
   110 H12    1s         0.3244   -1.5066    0.0738    1.4657    0.2409   -1.5636   -0.5392    1.0599   -0.1956   -0.3472
   111 H12    2s        -0.0557   -0.5739   -0.0153    0.5898    0.0930   -0.6476   -0.0663    0.3345   -0.0538   -0.0613
   112 H12    2px        0.0070    0.1050   -0.0382   -0.0674    0.0445    0.0712   -0.0483   -0.1405    0.0608    0.1347
   113 H12    2py        0.0297   -0.0057    0.0101   -0.0750   -0.0750    0.1205    0.0574    0.0439    0.0324   -0.1621
   114 H12    2pz        0.0321   -0.0815   -0.0469    0.1007   -0.0322   -0.0492   -0.0730   -0.0630    0.1655   -0.0576
   115 B13    1s         0.0834   -0.0217   -0.0046   -0.0679    0.2240    0.0813   -0.0754   -0.0065    0.0190    0.0223
   116 B13    2s         0.3762   -0.0404   -0.0345   -0.3944    1.2796    0.4868   -0.2870   -0.0449    0.0952    0.1837
   117 B13    3s         0.2132    0.0358   -0.0449   -0.2247    0.7346    0.3024    0.0529   -0.0102   -0.0504    0.1401
   118 B13    2px        0.1375    0.1395   -0.0491    0.0308   -0.1634   -0.0742    0.2989    0.0352    0.2490   -0.0826
   119 B13    3px        0.1189    0.0957   -0.0144   -0.0069   -0.0074    0.0227    0.3854    0.0277    0.3235   -0.0731
   120 B13    2py        0.0424    0.4715    1.1881   -0.0108    0.2016   -0.4518    0.0853   -0.8921    0.0095   -0.6404
   121 B13    3py        0.0431    0.4549    1.1803   -0.1197    0.1523   -0.4131    0.0364   -0.5879    0.0074   -0.6536
   122 B13    2pz        0.1453   -0.1147    0.0260    0.0818   -0.2467   -0.1175   -0.1521    0.0087   -0.2961   -0.1175
   123 B13    3pz        0.1019   -0.1312    0.0146    0.0045   -0.0131   -0.0703   -0.4372   -0.0121   -0.2676   -0.0993
   124 B13    3d2-       0.0221    0.0087   -0.1823    0.0796   -0.0419    0.0812    0.0325   -0.3651    0.0089    0.3965
   125 B13    3d1-      -0.0095    0.0283    0.2211   -0.1302    0.0237   -0.1397    0.0188    0.1906   -0.0011    0.1557
   126 B13    3d0       -0.2313   -0.0604    0.0518    0.0806   -0.1672    0.0186    0.5277    0.0369    0.5452    0.0302
   127 B13    3d1+      -0.1327    0.0307   -0.0257   -0.0289    0.0246   -0.0548   -0.5377   -0.0368    0.0437    0.0498
   128 B13    3d2+      -0.0402    0.1005   -0.0087    0.1015   -0.3301   -0.0970    0.0440   -0.0040   -0.3378    0.0237


      Orbital                74        75        76        77        78        79        80        81        82        83
      Energy            -0.9109   -0.8984   -0.8529   -0.8424   -0.8363   -0.7935   -0.7013   -0.6897   -0.5793   -0.5676
      Occ. No.           0.0000    0.0000    0.0000    0.0000    0.0000    0.0000    0.0000    0.0000    0.0000    0.0000

     1 C1     1s         0.0773   -0.0911   -0.0759    0.0267    0.0402   -0.0693    0.0143    0.1284    0.1071    0.1582
     2 C1     2s         0.1733   -0.3971   -0.4096    0.1722    0.1627   -0.3682   -0.0541    0.4690    0.5368    0.6946
     3 C1     3s        -0.3992   -0.0878   -0.3119    0.2959    0.0134   -0.1712   -0.2667   -0.1755    0.0336    0.1057
     4 C1     2px        0.2316   -0.1292    0.0390    0.3396   -0.0689   -0.0987    0.0588    0.4289   -0.2549   -0.3952
     5 C1     3px        0.2904   -0.1368   -0.1834    0.1859   -0.0685   -0.0230    0.1037    0.2425   -0.2822   -0.2837
     6 C1     2py       -0.4003    0.0585   -0.0827    1.2020   -0.0113   -0.8549   -1.2094   -0.7358    0.3380   -0.4571
     7 C1     3py       -0.1113   -0.0810   -0.0852    1.1101    0.0423   -0.9926   -1.0650   -0.4132    0.3534   -0.2759
     8 C1     2pz       -0.0349   -0.2211    0.1955    0.1787    0.0430   -0.3938   -0.5212    0.0803    0.5491   -0.3811
     9 C1     3pz       -0.0540   -0.1890    0.1050    0.1780    0.0433   -0.0429   -0.2795    0.1225    0.7108   -0.3714
    10 C1     3d2-       0.0037   -0.0941   -0.0290   -0.0399   -0.1283   -0.0537   -0.0716   -0.0603    0.1611    0.0158
    11 C1     3d1-      -0.1434   -0.0038    0.0978   -0.0533    0.0521   -0.1050    0.0534    0.1432   -0.3470    0.0265
    12 C1     3d0        0.0706   -0.0904   -0.0320    0.1347    0.0473   -0.0383   -0.1519   -0.2552    0.1916    0.2806
    13 C1     3d1+      -0.0774    0.0832   -0.0673    0.0151   -0.1014    0.0743    0.1439    0.0064   -0.0285   -0.1972
    14 C1     3d2+       0.0631   -0.0722   -0.1078    0.0907   -0.0149   -0.1487   -0.0950    0.1125   -0.1470   -0.0952
    15 C2     1s         0.0010   -0.1421   -0.0183    0.0528   -0.0543   -0.0170   -0.0122   -0.0901    0.0022    0.0266
    16 C2     2s        -0.0473   -0.7088   -0.2158    0.1297   -0.2680   -0.0617   -0.0063   -0.3807   -0.0089    0.1486
    17 C2     3s        -0.1207   -0.3287   -0.4877   -0.3333   -0.1697   -0.0583    0.1184   -0.0649   -0.0565    0.0438
    18 C2     2px        0.4442    0.2142    1.0498    1.1042    0.3978   -0.0467   -0.6715   -0.7115   -0.0237   -0.6682
    19 C2     3px        0.4120    0.4319    0.9781    0.9020    0.4617    0.0455   -0.5553   -0.6134   -0.0949   -0.5961
    20 C2     2py       -0.2198   -0.3126   -0.6533   -0.6688   -0.3265   -0.0342    0.3574    1.0626   -0.0966   -0.0689
    21 C2     3py       -0.2021   -0.4048   -0.3170   -0.3666   -0.3954    0.0388    0.3037    0.9019   -0.1196   -0.1358
    22 C2     2pz        0.3321    0.1828    0.3704    0.3940    0.0038   -0.0048   -0.2517   -0.5981   -0.4224   -0.3568
    23 C2     3pz        0.3866    0.2112    0.3398    0.3242   -0.0060   -0.0703   -0.3103   -0.4942   -0.3498   -0.4328
    24 C2     3d2-      -0.0291   -0.1171   -0.1462    0.0032   -0.0834   -0.0214   -0.0914    0.0653   -0.1087    0.0113
    25 C2     3d1-       0.0506    0.0074   -0.0161   -0.0196   -0.1273   -0.1082    0.0744    0.1519   -0.1962   -0.1160
    26 C2     3d0        0.2777   -0.0335   -0.1376   -0.1950   -0.0105   -0.0052    0.0084   -0.0444   -0.0021    0.0281
    27 C2     3d1+      -0.0549    0.1235    0.0877    0.1196   -0.1892   -0.1047    0.0296    0.0632   -0.1328   -0.2137
    28 C2     3d2+      -0.0183    0.0497   -0.0518    0.0334    0.1415   -0.0564   -0.1725    0.0235    0.0247    0.0096
    29 C3     1s         0.0183   -0.1421    0.0170   -0.0543   -0.0550    0.0137   -0.0019    0.0902   -0.0004   -0.0288
    30 C3     2s         0.0174   -0.7086    0.2073   -0.1367   -0.2807    0.0589    0.0416    0.3788   -0.0253   -0.1509
    31 C3     3s        -0.1534   -0.3320    0.4749    0.3207   -0.2021    0.0770    0.1280    0.0584   -0.0666   -0.0261
    32 C3     2px        0.4054    0.1994   -1.0135   -1.0744    0.4633   -0.0376   -0.6102    0.7546   -0.0136    0.6612
    33 C3     3px        0.3512    0.4177   -0.9448   -0.8748    0.5228   -0.1012   -0.4998    0.6528   -0.0850    0.6073
    34 C3     2py        0.4437    0.3286   -0.6284   -0.6510    0.3648   -0.0854   -0.2540    1.0827    0.0844   -0.0821
    35 C3     3py        0.3884    0.4226   -0.2873   -0.3413    0.4081   -0.0124   -0.2177    0.9165    0.0969   -0.1587
    36 C3     2pz        0.2731    0.1711   -0.3595   -0.3883    0.0291   -0.0417   -0.1987    0.6086   -0.3871    0.3826
    37 C3     3pz        0.3087    0.1943   -0.3282   -0.3192    0.0135    0.0146   -0.2677    0.5101   -0.3070    0.4577
    38 C3     3d2-       0.0159    0.1167   -0.1443    0.0063    0.0873   -0.0057    0.0978    0.0605    0.1049    0.0070
    39 C3     3d1-      -0.0572   -0.0061   -0.0129   -0.0152    0.1321   -0.1006   -0.0516    0.1605    0.1891   -0.1266
    40 C3     3d0        0.2419   -0.0365    0.1401    0.1951   -0.0230   -0.0037    0.0159    0.0418   -0.0033   -0.0319
    41 C3     3d1+      -0.0587    0.1191   -0.0943   -0.1264   -0.1836    0.0931    0.0115   -0.0674   -0.1119    0.2293
    42 C3     3d2+      -0.0154    0.0487    0.0577   -0.0273    0.1381    0.0529   -0.1773   -0.0071    0.0190   -0.0035
    43 C4     1s         0.0703   -0.0917    0.0789   -0.0242    0.0360    0.0723   -0.0015   -0.1266    0.0946   -0.1647
    44 C4     2s         0.1293   -0.4017    0.4133   -0.1689    0.1448    0.4117   -0.1282   -0.4421    0.4763   -0.7195
    45 C4     3s        -0.3856   -0.0899    0.3128   -0.2916    0.0053    0.1660   -0.2596    0.2011    0.0143   -0.0989
    46 C4     2px        0.0477   -0.1496   -0.0347   -0.3375   -0.0548    0.0727    0.0125   -0.4404   -0.2264    0.3940
    47 C4     3px        0.1018   -0.1579    0.1862   -0.1874   -0.0636   -0.0061    0.0826   -0.2612   -0.2579    0.2840
    48 C4     2py        0.1158   -0.0373   -0.1158    1.1803    0.0118   -0.6712    1.1790   -0.8177   -0.3671   -0.4081
    49 C4     3py       -0.1658    0.0973   -0.1225    1.0780   -0.0272   -0.8697    1.0795   -0.5008   -0.3614   -0.2359
    50 C4     2pz        0.0190   -0.2293   -0.1885   -0.1720    0.0368    0.3993   -0.5626   -0.0144    0.5406    0.3472
    51 C4     3pz        0.0124   -0.2010   -0.0907   -0.1679    0.0455   -0.0258   -0.2729   -0.1050    0.7257    0.3048
    52 C4     3d2-       0.0266    0.0990   -0.0252   -0.0350    0.1325   -0.0480    0.0712   -0.0696   -0.1558    0.0164
    53 C4     3d1-       0.1276    0.0053    0.0983   -0.0568   -0.0465   -0.1157   -0.0342    0.1494    0.3477    0.0012
    54 C4     3d0        0.0570   -0.0950    0.0351   -0.1344    0.0525    0.0286   -0.1345    0.2693    0.1701   -0.2942
    55 C4     3d1+      -0.0359    0.0888    0.0628   -0.0190   -0.1001   -0.0694    0.1497   -0.0197   -0.0119    0.1970
    56 C4     3d2+       0.0498   -0.0774    0.1055   -0.0965   -0.0137    0.1380   -0.1240   -0.1047   -0.1397    0.1087
    57 C5     1s         0.0572   -0.0661    0.0270   -0.0709    0.1172    0.0121    0.0824    0.0281   -0.0139    0.0751
    58 C5     2s         0.1572   -0.3486    0.1280   -0.3836    0.5818   -0.0289    0.4258    0.0038   -0.1556    0.3168
    59 C5     3s        -0.1511   -0.2299    0.0768   -0.3091    0.3530   -0.2009    0.1218   -0.2029   -0.2114    0.1409
    60 C5     2px       -0.4693    0.0773    0.1346   -0.5254    0.5871   -0.8449    0.5243   -1.0749   -0.1032   -1.6333
    61 C5     3px       -0.3830    0.0414    0.2413   -0.5963    0.6887   -0.8041    0.5612   -0.9295    0.0881   -1.4301
    62 C5     2py        0.2836   -0.0244    0.2971   -0.0500   -0.4829    0.3318   -0.2425    0.9134    0.1871    0.9983
    63 C5     3py        0.1756    0.0145    0.4212   -0.1933   -0.5612    0.0681   -0.2703    0.7684    0.3386    0.9206
    64 C5     2pz        0.2104    0.0570   -0.1589    0.3086   -0.2262    0.4495   -0.0942    0.7492   -0.2376   -0.4987
    65 C5     3pz        0.0684    0.2267   -0.1219    0.2814   -0.2009    0.3635   -0.1685    0.6772   -0.1433   -0.4260
    66 C5     3d2-       0.0230   -0.0501    0.0220   -0.1105    0.0857    0.0528    0.0666   -0.0321   -0.1283   -0.2458
    67 C5     3d1-       0.0062    0.1490   -0.0315    0.0317   -0.1968   -0.0089    0.1507    0.1952    0.1444   -0.1644
    68 C5     3d0        0.0404    0.1069    0.0543   -0.0553    0.0308   -0.1948    0.0287   -0.0626    0.1781    0.0349
    69 C5     3d1+       0.0928   -0.1113   -0.0135   -0.0755   -0.0184   -0.1427    0.2643   -0.1243    0.1468    0.1827
    70 C5     3d2+       0.0455   -0.0087   -0.0186   -0.0671   -0.1314    0.0540   -0.0423   -0.0613   -0.1392    0.0677
    71 C6     1s         0.0531   -0.0654   -0.0214    0.0770    0.1160   -0.0053    0.0802   -0.0335   -0.0164   -0.0692
    72 C6     2s         0.1449   -0.3511   -0.1033    0.4126    0.5710    0.0770    0.4211   -0.0295   -0.1621   -0.2829
    73 C6     3s        -0.1118   -0.2367   -0.0711    0.3209    0.3351    0.2319    0.1181    0.1939   -0.2207   -0.1229
    74 C6     2px       -0.2318    0.0527   -0.1428    0.5359    0.5237    0.9560    0.5563    1.0279   -0.0111    1.6277
    75 C6     3px       -0.1725    0.0204   -0.2414    0.6097    0.6262    0.9373    0.5831    0.8955    0.1653    1.4253
    76 C6     2py       -0.3364   -0.0051    0.2954   -0.0383    0.4593    0.4165    0.2920    0.8965   -0.1254    1.0155
    77 C6     3py       -0.2741   -0.0326    0.4240   -0.1794    0.5495    0.1457    0.3309    0.7463   -0.2793    0.9494
    78 C6     2pz        0.0596    0.0623    0.1609   -0.3090   -0.1955   -0.4821   -0.1155   -0.7442   -0.1704    0.5215
    79 C6     3pz       -0.0956    0.2345    0.1189   -0.2877   -0.1736   -0.3670   -0.1996   -0.6533   -0.0917    0.4474
    80 C6     3d2-      -0.0342    0.0474    0.0179   -0.1161   -0.0834    0.0531   -0.0746   -0.0236    0.1127   -0.2583
    81 C6     3d1-      -0.0029   -0.1485   -0.0235    0.0385    0.1964   -0.0179   -0.1327    0.2058   -0.1530   -0.1487
    82 C6     3d0        0.0402    0.0991   -0.0545    0.0555    0.0230    0.2050    0.0174    0.0649    0.1791   -0.0391
    83 C6     3d1+       0.1238   -0.1150    0.0137    0.0772   -0.0275    0.1543    0.2616    0.1032    0.1297   -0.1921
    84 C6     3d2+       0.0465   -0.0073    0.0171    0.0640   -0.1315   -0.0684   -0.0343    0.0629   -0.1452   -0.0603
    85 H7     1s         0.7007   -0.0214    0.0701   -1.4272   -0.0071    1.0675    1.4551    0.7903   -0.3627    0.5585
    86 H7     2s        -0.0813    0.0578    0.0494   -0.1532   -0.0127    0.0467    0.0727    0.1376    0.0819    0.0553
    87 H7     2px        0.0252   -0.1710   -0.1744   -0.1106   -0.3151   -0.0208   -0.1219   -0.1482    0.0918   -0.1321
    88 H7     2py        0.0789    0.0116   -0.0928    0.1594   -0.0013   -0.1263   -0.1431   -0.0245    0.0842   -0.0237
    89 H7     2pz       -0.1162   -0.2061   -0.0058    0.0926    0.1112   -0.0367    0.0123    0.0291   -0.1401    0.2084
    90 H8     1s         0.8779    0.7359    1.4524    1.5080    0.7500    0.0359   -0.9606   -1.3762   -0.1578   -0.5326
    91 H8     2s        -0.0358    0.2116    0.1318    0.1501    0.1117    0.0259   -0.0118   -0.0603    0.0638    0.0124
    92 H8     2px        0.0386    0.0814    0.2650    0.0108   -0.0090    0.1244    0.1329   -0.0813   -0.0148    0.0106
    93 H8     2py        0.0417   -0.1657    0.1862   -0.0557   -0.1442    0.1615    0.2171   -0.0338    0.0357    0.1382
    94 H8     2pz       -0.0021    0.0027    0.1207    0.0869    0.0529    0.0402    0.0628    0.0074    0.3232    0.0430
    95 H9     1s         1.0221    0.7348   -1.3829   -1.4559    0.8367   -0.1834   -0.8235    1.4342   -0.1455    0.5290
    96 H9     2s         0.0105    0.2144   -0.1251   -0.1408    0.1162   -0.0186   -0.0003    0.0634    0.0619   -0.0099
    97 H9     2px        0.0152    0.0796   -0.2663   -0.0105    0.0034   -0.1077    0.1485    0.0722   -0.0098   -0.0048
    98 H9     2py       -0.0080    0.1667    0.1929   -0.0488    0.1338    0.1480   -0.2322   -0.0159   -0.0304    0.1439
    99 H9     2pz       -0.0011    0.0053   -0.1179   -0.0845    0.0609   -0.0317    0.0626   -0.0084    0.3107   -0.0619
   100 H10    1s         0.2474   -0.0019   -0.1145    1.3878    0.0111   -0.9170    1.4228   -0.9131   -0.3899   -0.5228
   101 H10    2s        -0.1853    0.0529   -0.0744    0.1279    0.0022    0.0059    0.0414   -0.1349    0.0803   -0.0549
   102 H10    2px       -0.0121   -0.1776    0.1649    0.0973   -0.3250   -0.0003   -0.1051    0.1588    0.1034    0.1290
   103 H10    2py       -0.1143   -0.0113   -0.1062    0.1477    0.0102   -0.0885    0.1351   -0.0325   -0.0770   -0.0090
   104 H10    2pz       -0.1096   -0.2076    0.0090   -0.0881    0.1135    0.0347    0.0050   -0.0315   -0.1461   -0.1925
   105 H11    1s         0.7216    0.0111    0.0588    0.5348   -1.1490    1.1194   -0.6538    1.7227    0.1685    1.6947
   106 H11    2s        -0.0807    0.0800   -0.0164    0.0260   -0.1761    0.1166   -0.0123    0.0762   -0.0516   -0.0038
   107 H11    2px        0.0242   -0.1125    0.1134   -0.2430    0.0979   -0.0221   -0.0262   -0.1801    0.0339    0.0347
   108 H11    2py       -0.0227    0.0442    0.1410   -0.1933   -0.2318    0.1064   -0.2119    0.0026   -0.0141    0.0063
   109 H11    2pz        0.0632   -0.1911   -0.0627    0.0240    0.1143   -0.0616    0.0034   -0.2187    0.2199    0.3638
   110 H12    1s         0.4653    0.0658   -0.0517   -0.5545   -1.0562   -1.3116   -0.7366   -1.6732    0.0764   -1.6980
   111 H12    2s        -0.1417    0.0856    0.0105   -0.0285   -0.1629   -0.1158   -0.0208   -0.0761   -0.0480    0.0007
   112 H12    2px        0.0645   -0.1124   -0.1084    0.2467    0.0890    0.0169   -0.0112    0.1826    0.0284   -0.0284
   113 H12    2py       -0.0057   -0.0494    0.1465   -0.1849    0.2300    0.1275    0.2041   -0.0159    0.0145    0.0021
   114 H12    2pz        0.0506   -0.1933    0.0668   -0.0191    0.1123    0.0588    0.0099    0.2163    0.1834   -0.3855
   115 B13    1s        -0.1678   -0.0366    0.0019    0.0034    0.0901   -0.0026   -0.0830    0.0019    0.0135   -0.0038
   116 B13    2s        -1.4949    0.1222    0.0026    0.0107    0.2476   -0.0200   -0.2783   -0.0004    0.2351   -0.0368
   117 B13    3s        -1.2007    0.5638   -0.0134   -0.0020   -0.2053    0.0486    0.1084    0.0013    0.4282   -0.0315
   118 B13    2px        0.6383    0.1015    0.0002    0.0007    0.1820    0.0180   -0.5340    0.0308    0.2434    0.0060
   119 B13    3px        0.5784    0.1225    0.0093    0.0012    0.1551   -0.0456   -0.6196    0.0229    0.0006    0.0090
   120 B13    2py       -0.0578   -0.0117   -0.3108   -0.0069   -0.0048    0.7033   -0.0677   -0.5607   -0.0357   -0.1477
   121 B13    3py       -0.0356   -0.0211   -0.3296   -0.0321   -0.0093    0.7485   -0.0461   -0.5298   -0.0180   -0.2085
   122 B13    2pz        1.0839   -0.1181    0.0105   -0.0002   -0.1166   -0.0127    0.4386   -0.0149   -0.8019    0.0478
   123 B13    3pz        0.9472   -0.4443    0.0136    0.0083    0.1425   -0.0220    0.2257   -0.0141   -0.6690    0.0343
   124 B13    3d2-       0.0368    0.0062    0.2799   -0.1603    0.0074   -0.5602    0.0242   -0.2094    0.0130    0.0137
   125 B13    3d1-      -0.0116    0.0106    0.3568   -0.2572    0.0133   -0.6455    0.0534    0.7103    0.0101    0.1547
   126 B13    3d0       -0.3335   -0.1651   -0.0040   -0.0001    0.2508    0.0081   -0.5339    0.0251    0.5573   -0.0200
   127 B13    3d1+      -0.3825   -0.2809   -0.0010    0.0018   -0.0206    0.0042    0.3284   -0.0151    0.2270   -0.0142
   128 B13    3d2+      -0.1362   -0.5636    0.0022   -0.0008   -0.0252   -0.0244   -0.3313    0.0113   -0.0966   -0.0022


      Orbital                84        85        86        87        88        89        90        91        92        93
      Energy            -0.5441   -0.5204   -0.5111   -0.4692   -0.4556   -0.4132   -0.3858   -0.3678   -0.3450   -0.3336
      Occ. No.           0.0000    0.0000    0.0000    0.0000    0.0000    0.0000    0.0000    0.0000    0.0000    0.0000

     1 C1     1s        -0.0369   -0.0412   -0.1131   -0.1715   -0.0632   -0.0244   -0.0946   -0.0231    0.1877   -0.1209
     2 C1     2s        -0.1476   -0.0888   -0.6264   -0.9017   -0.3383   -0.1233   -0.4935   -0.0388    0.7389   -0.5788
     3 C1     3s         0.1079    0.1248   -0.2965   -0.2604   -0.1905   -0.0147   -0.1332    0.0631   -0.1160   -0.0788
     4 C1     2px       -0.3042   -0.2618    0.5036   -0.4451   -0.1303   -0.0916    0.1228    0.9951    0.3221   -0.4225
     5 C1     3px       -0.3781   -0.2490    0.2881   -0.1293    0.2567   -0.0221   -0.1069    1.0000    0.3384   -0.2999
     6 C1     2py       -0.1514   -0.2752    0.6647    0.5493    0.3833    0.8124   -0.6099    0.1170    0.2282   -1.1942
     7 C1     3py       -0.1998   -0.3341    0.4788    0.3405    0.2989    0.6642   -0.6714    0.0534    0.2209   -1.1617
     8 C1     2pz       -0.1094    0.8082    0.0026   -0.3222   -0.0416    0.9025    0.0738   -0.0434    0.1230    0.5324
     9 C1     3pz       -0.1470    0.7042    0.0223   -0.1300   -0.0376    0.7212    0.0286   -0.1014    0.1732    0.4687
    10 C1     3d2-       0.2571    0.1070   -0.2210   -0.0863   -0.2324    0.0098    0.0070   -0.4289   -0.1032    0.1334
    11 C1     3d1-      -0.0172   -0.0640   -0.0405    0.0619   -0.0027   -0.0691   -0.0580    0.2148   -0.3376    0.0840
    12 C1     3d0       -0.1132   -0.1431   -0.0887   -0.2606   -0.0958   -0.2503   -0.1656    0.0195    0.1182   -0.0533
    13 C1     3d1+       0.0719   -0.2005    0.2611   -0.2949   -0.0399   -0.1244   -0.0180    0.0655   -0.0625   -0.3133
    14 C1     3d2+       0.0870    0.0978    0.1472   -0.0549    0.0584    0.1299    0.1337    0.0757    0.2162   -0.0692
    15 C2     1s        -0.0456    0.0039    0.0473    0.0541   -0.1011   -0.0841   -0.0289    0.2300    0.1632    0.1423
    16 C2     2s        -0.0347    0.0870    0.1310    0.2081   -0.4766   -0.2570   -0.0416    1.1134    0.7041    0.4411
    17 C2     3s         0.3344    0.2266   -0.0965   -0.1002   -0.1547    0.0986    0.1424    0.3960    0.0001   -0.2280
    18 C2     2px        0.1086    1.0178    0.5926   -0.1843   -0.1212    0.3368    0.2992    0.9127   -0.5626   -0.4733
    19 C2     3px        0.3764    0.9883    0.5512   -0.3101   -0.2819    0.2412    0.3070    0.7755   -0.5218   -0.4034
    20 C2     2py        0.0867   -0.1777   -0.1546   -0.2156   -0.4309   -0.6296    0.0355   -0.4988   -0.2475    0.8023
    21 C2     3py        0.2451   -0.2526   -0.1921   -0.1326   -0.5208   -0.7950   -0.0281   -0.4960   -0.1189    0.8204
    22 C2     2pz       -0.0587   -0.9918    0.2126   -0.7066   -0.1510   -0.0691   -0.2147    0.9068   -0.4521   -0.4510
    23 C2     3pz        0.0934   -0.8566    0.1443   -0.5544   -0.0877   -0.0111    0.0306    0.7927   -0.2917   -0.3542
    24 C2     3d2-      -0.0122   -0.1631    0.2540   -0.1100   -0.1491    0.1402    0.3740   -0.0553    0.0861    0.1491
    25 C2     3d1-      -0.0624    0.1694    0.1056    0.2798   -0.1444   -0.0841   -0.1310    0.0337    0.1315   -0.0569
    26 C2     3d0       -0.0889   -0.0215    0.1156    0.0469    0.0060   -0.3511    0.0137    0.3098    0.2031   -0.0207
    27 C2     3d1+       0.2090   -0.2308   -0.1161    0.0712    0.0499   -0.1515    0.2227   -0.2769   -0.0026   -0.2949
    28 C2     3d2+       0.2076    0.1180    0.0118   -0.0917   -0.2734   -0.0306   -0.0308   -0.0316   -0.1878    0.2009
    29 C3     1s        -0.0449    0.0001    0.0412   -0.0473   -0.1120   -0.1046   -0.0227   -0.2274   -0.1654    0.1252
    30 C3     2s        -0.0317   -0.0766    0.1032   -0.1804   -0.5269   -0.3565   -0.0111   -1.0984   -0.7048    0.3636
    31 C3     3s         0.3302   -0.2423   -0.0883    0.1076   -0.1561    0.0776    0.1481   -0.3864    0.0107   -0.2422
    32 C3     2px        0.0543   -0.9621    0.6798    0.1994   -0.1112    0.3160    0.3154   -0.9257    0.5644   -0.4815
    33 C3     3px        0.3270   -0.9432    0.6380    0.3353   -0.2576    0.2362    0.3142   -0.7791    0.5259   -0.4088
    34 C3     2py       -0.0898   -0.1567    0.1577   -0.2427    0.4028    0.5860   -0.0268   -0.5252   -0.2430   -0.8300
    35 C3     3py       -0.2508   -0.2167    0.2025   -0.1722    0.4995    0.7592    0.0373   -0.5271   -0.1150   -0.8420
    36 C3     2pz       -0.0564    1.0158    0.1075    0.7125   -0.1376   -0.0998   -0.1944   -0.8863    0.4804   -0.4657
    37 C3     3pz        0.0924    0.8689    0.0563    0.5594   -0.0790   -0.0396    0.0472   -0.7756    0.3139   -0.3725
    38 C3     3d2-       0.0085   -0.1832   -0.2392   -0.1244    0.1422   -0.1449   -0.3711   -0.0441    0.1050   -0.1457
    39 C3     3d1-       0.0678    0.1558   -0.1275    0.2703    0.1578    0.0911    0.1262    0.0248    0.1236    0.0680
    40 C3     3d0       -0.0864    0.0288    0.1060   -0.0376   -0.0053   -0.3748    0.0211   -0.2896   -0.1914   -0.0440
    41 C3     3d1+       0.2077    0.2146   -0.1237   -0.0704    0.0514   -0.1358    0.2210    0.3031    0.0278   -0.2864
    42 C3     3d2+       0.2043   -0.1237    0.0214    0.1069   -0.2648   -0.0228   -0.0330    0.0296    0.1817    0.2129
    43 C4     1s        -0.0303    0.0307   -0.1239    0.1713   -0.0559   -0.0273   -0.0963    0.0333   -0.1755   -0.1286
    44 C4     2s        -0.1229    0.0277   -0.6576    0.9037   -0.2901   -0.1236   -0.5036    0.0771   -0.6930   -0.6141
    45 C4     3s         0.1047   -0.1506   -0.2899    0.2609   -0.1748   -0.0094   -0.1341   -0.0505    0.1300   -0.0746
    46 C4     2px       -0.3120    0.3191    0.4604    0.4563   -0.1287   -0.1458    0.1489   -0.9670   -0.2941   -0.4872
    47 C4     3px       -0.3820    0.2902    0.2496    0.1163    0.2379   -0.0852   -0.0786   -0.9927   -0.3243   -0.3645
    48 C4     2py        0.1636   -0.3506   -0.6437    0.5804   -0.3318   -0.7702    0.5895    0.1443    0.1915    1.2050
    49 C4     3py        0.2029   -0.4068   -0.4454    0.3807   -0.2593   -0.6265    0.6487    0.0796    0.1908    1.1761
    50 C4     2pz       -0.1442   -0.7856    0.0776    0.2960   -0.0136    0.9110    0.0766   -0.0362   -0.1947    0.5219
    51 C4     3pz       -0.1716   -0.7070    0.0738    0.1259   -0.0289    0.7174    0.0213    0.0428   -0.2216    0.4714
    52 C4     3d2-      -0.2552    0.1378    0.2038   -0.0968    0.2144   -0.0409    0.0051   -0.4302   -0.1024   -0.1552
    53 C4     3d1-       0.0144   -0.0728    0.0495    0.0695    0.0115    0.0785    0.0506    0.2095   -0.3413   -0.0944
    54 C4     3d0       -0.1036    0.1276   -0.1043    0.2703   -0.0804   -0.2451   -0.1699   -0.0010   -0.1032   -0.0587
    55 C4     3d1+       0.0670    0.2200    0.2392    0.3042   -0.0263   -0.1209   -0.0180   -0.0479    0.0827   -0.3112
    56 C4     3d2+       0.0819   -0.0861    0.1687    0.0564    0.0716    0.1392    0.1295   -0.0891   -0.2267   -0.0895
    57 C5     1s         0.1404   -0.0535    0.0639    0.1612    0.0355    0.0536   -0.1458    0.1540   -0.0637    0.1180
    58 C5     2s         0.5793   -0.3092    0.3430    0.8448    0.0156    0.4892   -0.8126    0.6563   -0.2134    0.4828
    59 C5     3s         0.0033   -0.1863    0.0619    0.2857   -0.1944    0.4782   -0.3216   -0.0040    0.0426    0.0468
    60 C5     2px       -0.1190    0.2635    0.0579    0.3580   -0.3838   -0.5628    0.1024   -0.1218    0.3166    0.0088
    61 C5     3px        0.0276    0.1990    0.1054    0.3682   -0.4502   -0.4860    0.1301   -0.0083    0.4336   -0.0975
    62 C5     2py       -0.0592    0.1669    0.1200    0.3595   -0.3321    0.3569   -0.2412    0.1049   -0.6580   -0.7823
    63 C5     3py       -0.0561    0.1503    0.0649    0.3344   -0.5328    0.5090   -0.2184    0.0803   -0.3875   -0.8750
    64 C5     2pz        0.3585   -0.2696    0.2541    0.2322   -0.0722    0.3218   -0.6410    0.3015    0.4035   -0.2063
    65 C5     3pz        0.2889   -0.3440    0.3229    0.0951    0.0734    0.3291   -0.4217    0.1668    0.3118   -0.1318
    66 C5     3d2-       0.1860    0.0737   -0.0107   -0.0867    0.1702    0.2557    0.0855    0.1200   -0.1395    0.1267
    67 C5     3d1-      -0.0425    0.2500    0.1721   -0.0942   -0.0655    0.0438    0.0915    0.1495   -0.0660   -0.0362
    68 C5     3d0        0.3046   -0.1796    0.2287    0.2938    0.1731   -0.1482   -0.2976    0.0453    0.0121    0.1404
    69 C5     3d1+       0.1341    0.1130    0.1664    0.2043   -0.0711    0.0995   -0.1515    0.1540   -0.1510    0.0006
    70 C5     3d2+      -0.0880    0.0708    0.0661   -0.0685    0.2598   -0.0078   -0.0863   -0.1099    0.0412    0.1697
    71 C6     1s         0.1440    0.0595    0.0597   -0.1649    0.0224    0.0428   -0.1402   -0.1672    0.0523    0.1148
    72 C6     2s         0.5964    0.3510    0.3220   -0.8630   -0.0498    0.4390   -0.7874   -0.7303    0.1516    0.4660
    73 C6     3s         0.0113    0.2025    0.0544   -0.2891   -0.2113    0.4724   -0.3142   -0.0352   -0.0712    0.0387
    74 C6     2px       -0.1841   -0.2741    0.1141   -0.3148   -0.3991   -0.5674    0.1171    0.1636   -0.2886   -0.0085
    75 C6     3px       -0.0304   -0.2031    0.1497   -0.3264   -0.4717   -0.5024    0.1495    0.0514   -0.4118   -0.1271
    76 C6     2py        0.0297    0.1576   -0.1282    0.3453    0.3510   -0.3606    0.2440    0.0935   -0.6908    0.7387
    77 C6     3py        0.0245    0.1484   -0.0736    0.3131    0.5480   -0.5099    0.2211    0.0652   -0.4297    0.8504
    78 C6     2pz        0.3570    0.2959    0.2198   -0.2376   -0.1029    0.2821   -0.6354   -0.3313   -0.4056   -0.2358
    79 C6     3pz        0.2869    0.3845    0.2861   -0.1111    0.0535    0.3021   -0.4133   -0.1956   -0.3236   -0.1556
    80 C6     3d2-      -0.1750    0.0719    0.0059   -0.0728   -0.1725   -0.2524   -0.0879    0.1403   -0.1256   -0.1296
    81 C6     3d1-       0.0520    0.2358   -0.1957   -0.1018    0.0547   -0.0482   -0.0885    0.1509   -0.0634    0.0405
    82 C6     3d0        0.3117    0.1908    0.2188   -0.2954    0.1536   -0.1588   -0.2897   -0.0573   -0.0203    0.1343
    83 C6     3d1+       0.1381   -0.1017    0.1792   -0.1991   -0.0818    0.0934   -0.1477   -0.1634    0.1471    0.0022
    84 C6     3d2+      -0.0874   -0.0521    0.0731    0.0493    0.2680    0.0019   -0.0913    0.0956   -0.0546    0.1699
    85 H7     1s         0.1184    0.2029   -0.4742   -0.5517   -0.3408   -0.8325    0.7224   -0.1274   -0.2253    0.9669
    86 H7     2s        -0.0641    0.0550   -0.0662   -0.0570   -0.0399    0.0317   -0.0644    0.0236   -0.2196   -0.0054
    87 H7     2px        0.1022   -0.0576   -0.0386    0.1172   -0.0504   -0.0229   -0.0837   -0.2257   -0.0729   -0.0052
    88 H7     2py       -0.0550    0.1300    0.0969   -0.2102    0.0129    0.2221    0.0540    0.1213    0.4285   -0.0152
    89 H7     2pz        0.2060   -0.2813    0.0989    0.2286    0.1665   -0.2423   -0.0038   -0.1746    0.1658   -0.4690
    90 H8     1s        -0.0460    0.5227    0.7828   -0.2413    0.0713    0.5498    0.1438    1.1789   -0.3165   -0.8220
    91 H8     2s         0.1677   -0.0065   -0.1839    0.0282   -0.0014   -0.0409   -0.0699   -0.0835   -0.0070   -0.0226
    92 H8     2px        0.0095   -0.2268   -0.3722   -0.0857    0.1222    0.2371   -0.2822   -0.0208   -0.1298   -0.1950
    93 H8     2py       -0.0894   -0.0147   -0.0580    0.0853    0.0732    0.2965    0.1919    0.1192    0.3518    0.0901
    94 H8     2pz        0.1631    0.4887   -0.0315    0.2526    0.3366   -0.0823    0.4482   -0.2751    0.1543   -0.2062
    95 H9     1s        -0.0830   -0.4402    0.8067    0.2415    0.0644    0.4959    0.1651   -1.1942    0.3262   -0.8495
    96 H9     2s         0.1690   -0.0115   -0.1893   -0.0335   -0.0064   -0.0444   -0.0692    0.0920    0.0185   -0.0169
    97 H9     2px        0.0150    0.2011   -0.3964    0.0619    0.1216    0.2353   -0.2817    0.0151    0.1379   -0.1852
    98 H9     2py        0.0829   -0.0135    0.0665    0.0943   -0.0610   -0.2770   -0.1939    0.1333    0.3664   -0.0678
    99 H9     2pz        0.1553   -0.4996    0.0194   -0.2612    0.3330   -0.0715    0.4416    0.2854   -0.1464   -0.2029
   100 H10    1s         0.1331   -0.2866   -0.4455    0.6064   -0.2785   -0.7719    0.6933    0.1577    0.1977    0.9777
   101 H10    2s        -0.0682   -0.0743   -0.0352    0.0695   -0.0180    0.0627   -0.0717   -0.0456    0.1944    0.0014
   102 H10    2px        0.0987    0.0489   -0.0394   -0.1136   -0.0559   -0.0158   -0.0863    0.2281    0.0774    0.0118
   103 H10    2py        0.0577    0.1072   -0.0809   -0.1957   -0.0064   -0.1874   -0.0601    0.1066    0.4027    0.0359
   104 H10    2pz        0.2228    0.2886    0.0748   -0.2333    0.1514   -0.2457   -0.0029    0.2048   -0.1293   -0.4727
   105 H11    1s         0.2889   -0.1737    0.1172   -0.0066    0.2692    0.5723   -0.3495    0.2491   -0.5472   -0.3723
   106 H11    2s        -0.1706    0.0111    0.0526    0.0166   -0.0704   -0.0637   -0.0726   -0.0593    0.0948   -0.0079
   107 H11    2px        0.2743   -0.0148    0.0285   -0.0632    0.2943   -0.0050   -0.0223    0.0549   -0.0830    0.2520
   108 H11    2py        0.0126   -0.0023   -0.0161   -0.2556    0.2540   -0.2004    0.0243   -0.1658    0.2236    0.1323
   109 H11    2pz       -0.1961    0.1287   -0.1318   -0.1796    0.0194   -0.2605    0.3548   -0.0590   -0.1824    0.0170
   110 H12    1s         0.3553    0.1942    0.0801   -0.0268    0.2688    0.5764   -0.3577   -0.2762    0.5508   -0.3488
   111 H12    2s        -0.1690    0.0006    0.0598   -0.0151   -0.0652   -0.0556   -0.0764    0.0623   -0.0915   -0.0132
   112 H12    2px        0.2743    0.0138    0.0238    0.0488    0.2948   -0.0085   -0.0203   -0.0715    0.0678    0.2547
   113 H12    2py       -0.0135   -0.0034    0.0220   -0.2430   -0.2698    0.1928   -0.0172   -0.1602    0.2348   -0.1263
   114 H12    2pz       -0.1878   -0.1480   -0.1188    0.1879    0.0394   -0.2415    0.3493    0.0821    0.1913    0.0260
   115 B13    1s        -0.1382   -0.0015   -0.0572   -0.0033    0.1736   -0.2055    0.0842    0.0080    0.0078   -0.0581
   116 B13    2s        -1.1373   -0.0029   -0.2007   -0.0209    1.2402   -1.2031    0.7775    0.0478    0.0393    0.1199
   117 B13    3s        -0.8566    0.0204    0.1601   -0.0204    0.8382   -0.5899    0.5428    0.0163    0.0093    0.4091
   118 B13    2px        0.2047   -0.0633   -1.1762    0.0037   -0.2921    0.0321    0.8370   -0.0007   -0.0121    0.4702
   119 B13    3px        0.3135   -0.0434   -0.7372    0.0036   -0.1773    0.1747    0.3934    0.0026   -0.0020    0.1179
   120 B13    2py       -0.0148   -0.9161    0.0382    1.7424    0.0615    0.0209   -0.0012   -0.5192    0.0236   -0.0181
   121 B13    3py       -0.0062   -0.5170    0.0190    0.8614    0.0298    0.0129   -0.0058   -0.2124    0.2589    0.0052
   122 B13    2pz        0.7855    0.0133    0.1530    0.0072   -0.6573    0.2859   -0.7102    0.0020    0.0037   -0.6769
   123 B13    3pz        0.5653   -0.0065   -0.1260    0.0091   -0.5210    0.0929   -0.4364    0.0043    0.0095   -0.5011
   124 B13    3d2-       0.0031    0.1482   -0.0131   -0.3641   -0.0178   -0.0126    0.0009   -0.2132    0.2276    0.0069
   125 B13    3d1-      -0.0012    0.1869   -0.0025   -0.7974   -0.0260   -0.0078    0.0052    0.1991   -0.0383    0.0034
   126 B13    3d0        0.0001   -0.0109   -0.0360    0.0016    0.1175    0.0896    0.1635   -0.0082   -0.0043    0.1093
   127 B13    3d1+       0.0344    0.0366    0.8051    0.0034    0.0125    0.1530   -0.4737   -0.0139   -0.0060    0.0160
   128 B13    3d2+      -0.2366    0.0237    0.3667   -0.0070    0.2527   -0.0195   -0.3299   -0.0036    0.0024   -0.2819


      Orbital                94        95        96        97        98        99       100       101       102       103
      Energy            -0.2570   -0.2359   -0.1997   -0.1937   -0.1792   -0.1205   -0.0986   -0.0935   -0.0405   -0.0194
      Occ. No.           0.0000    0.0000    0.0000    0.0000    0.0000    0.0000    0.0000    0.0000    0.0000    0.0000

     1 C1     1s        -0.0512    0.0634   -0.0492   -0.1165    0.0306    0.1078    0.0942   -0.1045    0.1129   -0.1050
     2 C1     2s        -0.3259    0.3594   -0.2758   -0.5163    0.1630    0.6316    0.3246   -0.3666    0.5692   -0.5409
     3 C1     3s        -0.2328    0.2391   -0.1191   -0.0617    0.0667    0.3942   -0.0730    0.1971    0.1162   -0.2261
     4 C1     2px        0.2315   -0.3630   -0.3180   -0.0137    0.4767   -0.3467   -0.7870    0.2208    1.0958   -1.0526
     5 C1     3px        0.1173   -0.4008   -0.0878   -0.1342    0.7360   -0.4659   -0.7467    0.2110    0.7343   -0.7981
     6 C1     2py        0.4418   -0.4866   -0.1785   -0.1847    0.4508   -0.3856    0.3309    0.1953    0.5224   -0.0126
     7 C1     3py        0.4474   -0.7568   -0.3129   -0.3223    0.5073   -0.1013    0.4506    0.4622    0.8119    0.2098
     8 C1     2pz        0.1583   -0.4262    0.1848   -1.2990    0.3725    0.4930    0.7596   -0.1293   -0.2644   -0.2099
     9 C1     3pz        0.1662   -0.4697    0.1026   -1.2137    0.3987    0.4231    0.6827   -0.1454   -0.0641   -0.2000
    10 C1     3d2-      -0.0889   -0.0307   -0.2708    0.0385    0.2509   -0.2549   -0.0315   -0.0335   -0.0787    0.0728
    11 C1     3d1-       0.0577   -0.1035    0.0677   -0.1529   -0.1478   -0.0326   -0.0895    0.1553   -0.2172    0.1315
    12 C1     3d0       -0.2171    0.4822    0.0120   -0.1916   -0.0464    0.0460    0.0779    0.1835    0.0577   -0.2973
    13 C1     3d1+       0.1903    0.0224    0.0578   -0.0387    0.0132   -0.1123   -0.0873    0.0984    0.0514   -0.0882
    14 C1     3d2+       0.0943   -0.0413    0.0703    0.1852   -0.1384    0.0008   -0.0845   -0.3330   -0.3068    0.0451
    15 C2     1s        -0.0158   -0.1760   -0.0232   -0.0408   -0.0144   -0.1319    0.0486    0.0723    0.1019    0.0671
    16 C2     2s         0.0546   -0.8113   -0.1218   -0.1292   -0.0615   -0.3519    0.1649    0.3447    0.4835    0.1848
    17 C2     3s         0.2345   -0.2400   -0.0066    0.1616    0.0804    0.2442   -0.0741    0.0182    0.1701   -0.1485
    18 C2     2px        0.3126   -0.2530   -0.0666    0.7440   -0.4261    0.5689   -0.1288    0.0965    1.1541   -0.8618
    19 C2     3px        0.3298   -0.0488   -0.0904    0.8472   -0.6473    0.5303   -0.0624    0.0756    0.8748   -0.3793
    20 C2     2py       -0.2437   -0.2879    0.3674   -0.5329    0.2903   -0.4404   -0.2709   -0.1468    0.3864   -0.3158
    21 C2     3py       -0.1831   -0.4825    0.4731   -0.3761    0.0132   -0.5484   -0.2454   -0.3633    0.1063   -0.3970
    22 C2     2pz        0.3210    0.2235   -0.0862    0.9602    0.1803   -0.0359   -0.2308    0.1620    0.2343   -0.3755
    23 C2     3pz        0.1928    0.1046   -0.0690    0.9267    0.0257   -0.0229   -0.2725    0.1210    0.2159   -0.1898
    24 C2     3d2-      -0.0737    0.0451   -0.1341    0.1333   -0.1361    0.0805    0.1943    0.1474   -0.1938    0.0808
    25 C2     3d1-       0.1883    0.3000   -0.1002   -0.3205   -0.3057   -0.0761   -0.3782    0.1032    0.1625    0.0235
    26 C2     3d0       -0.2272   -0.2293   -0.0090    0.0884    0.0893   -0.2543   -0.1645    0.1350    0.4988   -0.1719
    27 C2     3d1+      -0.1642    0.0935   -0.0525    0.0421   -0.1323   -0.0101   -0.2965    0.2303    0.0910   -0.3726
    28 C2     3d2+       0.1836   -0.1205   -0.1820   -0.0169    0.2201   -0.1478    0.0880    0.0095   -0.0920    0.0301
    29 C3     1s        -0.0163   -0.1707   -0.0215    0.0315    0.0121   -0.1391   -0.0462    0.0625   -0.1087   -0.0770
    30 C3     2s         0.0528   -0.7895   -0.1129    0.0875    0.0524   -0.3767   -0.1516    0.3124   -0.5283   -0.2464
    31 C3     3s         0.2344   -0.2340    0.0079   -0.1668   -0.0808    0.2468    0.0800    0.0221   -0.1907    0.1185
    32 C3     2px        0.3131   -0.2393   -0.0116   -0.7396    0.4294    0.5795    0.1340    0.1259   -1.1986    0.7601
    33 C3     3px        0.3297   -0.0299   -0.0253   -0.8438    0.6504    0.5273    0.0678    0.0793   -0.9054    0.3171
    34 C3     2py        0.2430    0.2973   -0.3326   -0.5344    0.2935    0.4602   -0.2654    0.1671    0.3575   -0.3962
    35 C3     3py        0.1822    0.4933   -0.4426   -0.3801    0.0171    0.5525   -0.2337    0.3607    0.0709   -0.4517
    36 C3     2pz        0.3214    0.2446   -0.0081   -0.9572   -0.1786   -0.0185    0.2309    0.1941   -0.2471    0.3422
    37 C3     3pz        0.1926    0.1279    0.0083   -0.9252   -0.0246   -0.0163    0.2724    0.1340   -0.2237    0.1768
    38 C3     3d2-       0.0745   -0.0509    0.1211    0.1394   -0.1359   -0.0767    0.1891   -0.1442   -0.1837    0.1021
    39 C3     3d1-      -0.1883   -0.3015    0.1201   -0.3178   -0.3059    0.0972   -0.3781   -0.0751    0.1616    0.0244
    40 C3     3d0       -0.2280   -0.2169    0.0083   -0.0970   -0.0916   -0.2707    0.1659    0.1113   -0.5067    0.1441
    41 C3     3d1+      -0.1639    0.0919   -0.0503   -0.0439    0.1326   -0.0112    0.3018    0.2330   -0.1158    0.3178
    42 C3     3d2+       0.1843   -0.1268   -0.1870   -0.0061   -0.2242   -0.1356   -0.0873    0.0242    0.0695   -0.1063
    43 C4     1s        -0.0515    0.0627   -0.0575    0.1111   -0.0310    0.1086   -0.0946   -0.1021   -0.1132    0.1114
    44 C4     2s        -0.3277    0.3633   -0.3058    0.4952   -0.1636    0.6242   -0.3218   -0.3697   -0.5658    0.6003
    45 C4     3s        -0.2326    0.2375   -0.1235    0.0586   -0.0659    0.3934    0.0881    0.1977   -0.1355    0.2423
    46 C4     2px        0.2302   -0.3296   -0.2853   -0.0264   -0.4831   -0.3820    0.7898    0.1918   -1.1223    1.0002
    47 C4     3px        0.1160   -0.3700   -0.0647    0.1168   -0.7403   -0.4978    0.7477    0.1829   -0.7429    0.7835
    48 C4     2py       -0.4426    0.5000    0.2001   -0.1673    0.4536    0.3586    0.3373   -0.2263    0.5958    0.2176
    49 C4     3py       -0.4484    0.7662    0.3363   -0.2907    0.5105    0.0948    0.4475   -0.4654    0.8894    0.4019
    50 C4     2pz        0.1583   -0.4413    0.0919    1.2996   -0.3708    0.4913   -0.7586   -0.1094    0.2480    0.1632
    51 C4     3pz        0.1663   -0.4959    0.0038    1.2131   -0.4002    0.4299   -0.6717   -0.1348    0.0436    0.1678
    52 C4     3d2-       0.0884    0.0367    0.2699    0.0654    0.2556    0.2498   -0.0294    0.0323   -0.0799    0.0795
    53 C4     3d1-      -0.0592    0.1140   -0.0472   -0.1503   -0.1472    0.0235   -0.0938   -0.1650   -0.1813    0.2312
    54 C4     3d0       -0.2179    0.4842    0.0003    0.2040    0.0490    0.0395   -0.0731    0.1768   -0.0702    0.2578
    55 C4     3d1+       0.1901    0.0235    0.0570    0.0441   -0.0123   -0.1185    0.0863    0.0916   -0.0557    0.0694
    56 C4     3d2+       0.0925   -0.0210    0.0977   -0.1776    0.1398   -0.0165    0.0710   -0.3525    0.3285   -0.0423
    57 C5     1s        -0.0437   -0.0170   -0.0544    0.0493   -0.0736    0.2868    0.0393    0.0194   -0.0987   -0.1596
    58 C5     2s        -0.4628   -0.2286   -0.2994    0.3056   -0.2733    1.5170    0.3376   -0.0034   -0.3528   -0.7027
    59 C5     3s        -0.4923   -0.2649   -0.1799    0.2525    0.0913    0.6638    0.3180   -0.2304    0.0772   -0.0655
    60 C5     2px       -0.1805    0.4990   -0.0073   -0.5325    0.8790    0.0602   -0.0158   -0.0379   -0.8949    0.0433
    61 C5     3px        0.0476    0.3201   -0.0782   -0.4097    0.7957    0.2950   -0.3054   -0.0530   -0.9232    0.3001
    62 C5     2py       -0.1279   -0.3390    0.1898   -0.4237   -0.4638   -0.2387    0.6002    0.2835   -0.8642    0.5582
    63 C5     3py       -0.1244   -0.3241    0.3134   -0.1795   -0.2862   -0.5911    0.4477    0.4336   -0.8013    0.3105
    64 C5     2pz       -0.6871   -0.0565   -0.1923    0.3161    0.4621    0.3311    0.9063    0.0322    0.3112   -0.3995
    65 C5     3pz       -0.5344   -0.0239   -0.0894    0.1461    0.3713    0.1336    0.8852   -0.0292    0.3787   -0.3942
    66 C5     3d2-       0.1193   -0.0291    0.3076    0.0298    0.0059   -0.1277    0.0496    0.1774    0.1530   -0.2123
    67 C5     3d1-       0.2746   -0.1523   -0.0600    0.2628    0.2791    0.1207    0.0729   -0.0362   -0.1158   -0.1454
    68 C5     3d0       -0.0248    0.2291   -0.0631   -0.0608    0.0025    0.2955    0.0271    0.1754   -0.2079   -0.1435
    69 C5     3d1+      -0.0953   -0.1536   -0.1460    0.2364    0.0500   -0.0790    0.3146   -0.2271   -0.1423   -0.1005
    70 C5     3d2+      -0.1577   -0.0756    0.1278    0.2583    0.1742    0.2034    0.0426    0.0685    0.0336    0.0455
    71 C6     1s        -0.0437   -0.0158   -0.0512   -0.0509    0.0739    0.2913   -0.0321    0.0300    0.0833    0.1352
    72 C6     2s        -0.4630   -0.2203   -0.2760   -0.3200    0.2739    1.5362   -0.3009    0.0429    0.2836    0.6048
    73 C6     3s        -0.4927   -0.2556   -0.1538   -0.2656   -0.0922    0.6654   -0.3071   -0.2184   -0.0872    0.0713
    74 C6     2px       -0.1803    0.4970   -0.0373    0.5425   -0.8767    0.0701    0.0117   -0.0118    0.8944   -0.0473
    75 C6     3px        0.0475    0.3266   -0.0921    0.4062   -0.7946    0.2923    0.3084   -0.0439    0.9146   -0.3316
    76 C6     2py        0.1267    0.3666   -0.1359   -0.4329   -0.4640    0.2211    0.5937   -0.3061   -0.8451    0.5908
    77 C6     3py        0.1234    0.3407   -0.2838   -0.1992   -0.2876    0.5711    0.4471   -0.4630   -0.7947    0.3087
    78 C6     2pz       -0.6887   -0.0450   -0.1628   -0.3197   -0.4615    0.3498   -0.9001    0.0635   -0.3289    0.3868
    79 C6     3pz       -0.5357   -0.0144   -0.0705   -0.1501   -0.3709    0.1453   -0.8834   -0.0004   -0.3778    0.4044
    80 C6     3d2-      -0.1197    0.0319   -0.3056    0.0023    0.0024    0.1203    0.0497   -0.1883    0.1526   -0.2151
    81 C6     3d1-      -0.2742    0.1427    0.0344    0.2698    0.2801   -0.1255    0.0697    0.0291   -0.1076   -0.1371
    82 C6     3d0       -0.0245    0.2296   -0.0668    0.0675   -0.0006    0.2988   -0.0160    0.1883    0.1853    0.1134
    83 C6     3d1+      -0.0950   -0.1525   -0.1308   -0.2514   -0.0526   -0.0611   -0.3211   -0.1979    0.1541    0.1127
    84 C6     3d2+      -0.1582   -0.0686    0.1514   -0.2478   -0.1724    0.2015   -0.0374    0.0643   -0.0569   -0.1115
    85 H7     1s        -0.3805    0.6483    0.2026    0.3770   -0.5088    0.1232   -0.3953    0.1240   -0.2447    0.2934
    86 H7     2s         0.0115   -0.0623   -0.0575   -0.2117    0.0957   -0.0457   -0.0007    0.2450    0.2502    0.1384
    87 H7     2px        0.0486    0.1167    0.4871   -0.0086   -0.5412    0.4010    0.4017   -0.0278   -0.0347    0.1783
    88 H7     2py       -0.0424    0.3288    0.1754   -0.0884   -0.1089   -0.1986   -0.0068   -0.5779   -0.3958   -0.3364
    89 H7     2pz       -0.0395    0.1247   -0.1865    0.6475    0.0188   -0.1856   -0.2157   -0.2320    0.2392   -0.0303
    90 H8     1s         0.4137    0.0951   -0.1837    1.0269   -0.1783    0.5962   -0.0900   -0.0002    0.4516   -0.6970
    91 H8     2s        -0.0217   -0.0626    0.0526   -0.0627    0.1287    0.0064   -0.0614   -0.0670   -0.0740   -0.1453
    92 H8     2px        0.2835    0.1207   -0.1239   -0.0854    0.3530   -0.0163   -0.1142   -0.1589   -0.3426   -0.2855
    93 H8     2py       -0.0751    0.2875   -0.4956   -0.1347   -0.0035   -0.0969    0.0989    0.3320   -0.1201    0.3595
    94 H8     2pz       -0.3829   -0.2610    0.0038    0.0446    0.0112    0.1064   -0.0101    0.0495    0.1647   -0.4006
    95 H9     1s         0.4140    0.1123   -0.1111   -1.0213    0.1828    0.6317    0.0926    0.0574   -0.4874    0.5874
    96 H9     2s        -0.0208   -0.0713    0.0415    0.0613   -0.1291    0.0209    0.0601   -0.0464    0.0685    0.1379
    97 H9     2px        0.2847    0.1098   -0.1382    0.0762   -0.3539    0.0107    0.1086   -0.1202    0.3331    0.2242
    98 H9     2py        0.0763   -0.2959    0.4960   -0.1025    0.0003    0.1154    0.0889   -0.3020   -0.0957    0.4064
    99 H9     2pz       -0.3830   -0.2628    0.0056   -0.0476   -0.0115    0.1113    0.0135    0.0588   -0.1857    0.3396
   100 H10    1s        -0.3830    0.6779    0.2511   -0.3378    0.5134    0.0636    0.4061    0.0371    0.3146   -0.0807
   101 H10    2s         0.0101   -0.0521   -0.0596    0.2159   -0.0951   -0.0768    0.0075    0.1992   -0.2454   -0.1208
   102 H10    2px        0.0491    0.1030    0.4698    0.0536    0.5484    0.4143   -0.3993   -0.0108    0.0314   -0.1755
   103 H10    2py        0.0417   -0.3164   -0.1540   -0.0892   -0.1091    0.1598    0.0169    0.5146   -0.4019   -0.2965
   104 H10    2pz       -0.0393    0.1324   -0.1378   -0.6616   -0.0202   -0.1751    0.2024   -0.2184   -0.2115    0.0988
   105 H11    1s        -0.0491   -0.4597    0.0665    0.2620   -0.6082   -0.2229    0.2884    0.0495    0.2308    0.4617
   106 H11    2s        -0.1491   -0.0340   -0.1119    0.0843    0.1005    0.1505   -0.0936   -0.1170   -0.0290    0.1648
   107 H11    2px        0.2546    0.1227   -0.0574   -0.0739   -0.2996   -0.2581    0.0146    0.1402    0.0678   -0.5018
   108 H11    2py        0.1915   -0.1112   -0.5555    0.0536   -0.0658    0.1403   -0.0791   -0.3838    0.1844    0.2269
   109 H11    2pz        0.5867    0.0414    0.1356   -0.1230   -0.1326    0.1971   -0.6048    0.1567   -0.0771    0.1829
   110 H12    1s        -0.0492   -0.4602    0.0795   -0.2653    0.6062   -0.2327   -0.2880    0.0297   -0.2358   -0.4699
   111 H12    2s        -0.1497   -0.0254   -0.0979   -0.0952   -0.1016    0.1394    0.0927   -0.1351    0.0231   -0.1790
   112 H12    2px        0.2551    0.1164   -0.0704    0.0731    0.2991   -0.2476   -0.0154    0.1599   -0.0572    0.5431
   113 H12    2py       -0.1909    0.1065    0.5464    0.1030   -0.0591   -0.1302   -0.0739    0.4019    0.1682    0.1896
   114 H12    2pz        0.5873    0.0411    0.1276    0.1331    0.1343    0.1798    0.6137    0.1267    0.0570   -0.2132
   115 B13    1s         0.2960   -0.0026    0.0181   -0.0018   -0.0007   -0.4738   -0.0066   -0.0193    0.0000   -0.0261
   116 B13    2s         1.6195    0.2410    0.5036    0.0033   -0.0037   -3.4532   -0.0421   -0.2242    0.0294   -0.0895
   117 B13    3s         0.6812    0.4072    0.5795    0.0132    0.0004   -2.1726   -0.0318   -0.1682    0.0424    0.0181
   118 B13    2px        0.1475    0.4603    0.0254    0.0099    0.0038    0.7886    0.0008    0.0470    0.0106    0.0612
   119 B13    3px        0.1564    0.1740   -0.0042    0.0046    0.0010    0.5064    0.0082    0.1026   -0.0055    0.0090
   120 B13    2py       -0.0010    0.0114   -0.0276    1.2691   -0.2327   -0.0369    0.2190   -0.0353   -0.7463    0.7185
   121 B13    3py       -0.0004   -0.0029   -0.0250    0.7418   -0.1281   -0.0142   -0.0694   -0.0215   -0.5277    0.2279
   122 B13    2pz       -0.7095   -0.4214   -0.4822   -0.0193   -0.0013    1.9323    0.0316    0.1931   -0.0351    0.0060
   123 B13    3pz       -0.3667   -0.3407   -0.4278   -0.0154   -0.0011    1.2163    0.0159    0.0381   -0.0312   -0.0294
   124 B13    3d2-       0.0005   -0.0038    0.0045   -0.2840    0.1723    0.0033    0.6995   -0.0051    0.1710   -0.2791
   125 B13    3d1-       0.0003   -0.0041   -0.0029    0.0126   -0.1579    0.0096   -0.2458    0.0168    0.3974   -0.0251
   126 B13    3d0       -0.0591    0.3483    0.0735    0.0092    0.0017   -0.3230   -0.0094   -0.0924    0.0137    0.0115
   127 B13    3d1+      -0.1140   -0.0296    0.0179    0.0016    0.0000   -0.0383   -0.0014   -0.0850   -0.0064   -0.0328
   128 B13    3d2+       0.1951   -0.2028   -0.0277   -0.0021   -0.0004    0.0057    0.0020    0.0955   -0.0106   -0.0274


      Orbital               104       105       106       107       108
      Energy            -0.0034    0.0608    0.0757    0.1114    0.1490
      Occ. No.           0.0000    0.0000    0.0000    0.0000    0.0000

     1 C1     1s        -0.0879    0.0250   -0.0281    0.0681    0.0054
     2 C1     2s        -0.6323    0.0198   -0.1127    0.3189    0.1916
     3 C1     3s        -0.4103   -0.1392    0.0202    0.1146    0.2262
     4 C1     2px        0.0024   -0.0816    0.1168   -0.5285   -0.7008
     5 C1     3px       -0.0964   -0.0142    0.2535   -0.3443   -0.3848
     6 C1     2py        1.2479    0.8717    0.6943    0.5242   -0.7902
     7 C1     3py        0.8817    0.6992    0.3875    0.5091   -0.5632
     8 C1     2pz        0.1430   -0.8449   -0.5080   -0.9206    0.5887
     9 C1     3pz        0.0842   -0.7303   -0.4884   -0.7574    0.4356
    10 C1     3d2-       0.0572   -0.2866    0.2010    0.2377   -0.3907
    11 C1     3d1-       0.4780    0.2780   -0.0317    0.0403   -0.1911
    12 C1     3d0        0.2067    0.2434   -0.0764    0.1998   -0.1330
    13 C1     3d1+       0.1173   -0.3169   -0.2891   -0.4081   -0.0438
    14 C1     3d2+       0.2256    0.0318    0.0981   -0.0166   -0.1007
    15 C2     1s        -0.0153   -0.0242    0.0528    0.0208    0.0565
    16 C2     2s        -0.0799   -0.1235    0.0640   -0.1006    0.1941
    17 C2     3s         0.0103    0.0030   -0.2201   -0.4220   -0.1245
    18 C2     2px        0.4586    0.6716   -0.2173   -1.5568   -0.8180
    19 C2     3px        0.2563    0.1554   -0.2927   -1.2442   -0.8315
    20 C2     2py       -0.5411   -0.7180    0.0816    0.1484   -0.6798
    21 C2     3py       -0.2353   -0.4105    0.2161   -0.0015   -0.3448
    22 C2     2pz        0.1433    0.4311   -0.0190   -0.3348   -0.1095
    23 C2     3pz        0.0225    0.2230   -0.0385   -0.1884   -0.2053
    24 C2     3d2-       0.0955   -0.2693    0.0076    0.0407    0.2727
    25 C2     3d1-       0.0316    0.2059   -0.0160    0.0937   -0.5795
    26 C2     3d0        0.1311    0.0268    0.1142   -0.1551   -0.0039
    27 C2     3d1+       0.1683   -0.0654    0.0221    0.0538    0.0506
    28 C2     3d2+       0.4107    0.0127    0.1942   -0.0390   -0.3330
    29 C3     1s        -0.0315    0.0411    0.0469   -0.0282   -0.0583
    30 C3     2s        -0.1420    0.1969    0.0302    0.0542   -0.2063
    31 C3     3s         0.0178    0.0009   -0.2319    0.3993    0.1198
    32 C3     2px        0.4944   -0.6995   -0.1950    1.5589    0.8151
    33 C3     3px        0.2474   -0.1817   -0.3164    1.2350    0.8282
    34 C3     2py        0.4772   -0.7534   -0.0182    0.1691   -0.6772
    35 C3     3py        0.1541   -0.4338   -0.1875    0.0014   -0.3472
    36 C3     2pz        0.1686   -0.4372    0.0139    0.3366    0.1088
    37 C3     3pz        0.0281   -0.2236   -0.0257    0.1855    0.2036
    38 C3     3d2-      -0.1036   -0.2622    0.0094    0.0359    0.2716
    39 C3     3d1-      -0.0198    0.2124   -0.0077    0.0907   -0.5804
    40 C3     3d0        0.1366   -0.0185    0.1139    0.1577    0.0047
    41 C3     3d1+       0.2277    0.0731    0.0267   -0.0580   -0.0527
    42 C3     3d2+       0.3934   -0.0021    0.1848    0.0452    0.3332
    43 C4     1s        -0.0758   -0.0149   -0.0251   -0.0769   -0.0074
    44 C4     2s        -0.5560    0.0371   -0.1014   -0.3659   -0.2020
    45 C4     3s        -0.3695    0.1858    0.0132   -0.1380   -0.2317
    46 C4     2px        0.1299    0.1242    0.1116    0.5061    0.6948
    47 C4     3px        0.0112    0.0595    0.2599    0.3340    0.3819
    48 C4     2py       -1.1463    0.8252   -0.7349    0.4972   -0.7856
    49 C4     3py       -0.7437    0.6651   -0.4186    0.4999   -0.5554
    50 C4     2pz        0.2037    0.8073   -0.6019    0.8820   -0.5937
    51 C4     3pz        0.1339    0.7022   -0.5704    0.7346   -0.4359
    52 C4     3d2-      -0.0526   -0.3010   -0.1719    0.2308   -0.3920
    53 C4     3d1-      -0.4439    0.2795    0.0078    0.0438   -0.1895
    54 C4     3d0        0.2630   -0.2583   -0.0248   -0.1971    0.1349
    55 C4     3d1+       0.1356    0.2873   -0.3252    0.3969    0.0439
    56 C4     3d2+       0.2537   -0.0542    0.1244    0.0350    0.1051
    57 C5     1s         0.0447   -0.0352   -0.0588   -0.0310    0.0475
    58 C5     2s         0.0491   -0.0743    0.2120   -0.2478   -0.0376
    59 C5     3s        -0.1904    0.0421    0.6477   -0.3704   -0.4577
    60 C5     2px        0.0766   -0.9655   -0.4862    0.4147    1.6218
    61 C5     3px        0.2173   -0.5380   -0.5151    0.2411    1.4805
    62 C5     2py        0.0319   -0.1459    1.1682   -1.1115    1.0281
    63 C5     3py       -0.1726   -0.3273    1.0538   -0.8447    0.6819
    64 C5     2pz       -0.1100    0.3131    0.8075    0.0473   -1.4035
    65 C5     3pz       -0.1641    0.1494    0.8056    0.0398   -1.2351
    66 C5     3d2-      -0.0283   -0.0038    0.0052    0.3576    0.0718
    67 C5     3d1-      -0.0618    0.0553    0.3484    0.6356   -0.1425
    68 C5     3d0        0.0069   -0.3987    0.4600   -0.2491   -0.3930
    69 C5     3d1+       0.0469    0.2082   -0.4697   -0.0966    0.0264
    70 C5     3d2+       0.3356   -0.0018   -0.0600   -0.0837   -0.2272
    71 C6     1s         0.0770    0.0369   -0.0563    0.0267   -0.0483
    72 C6     2s         0.1891    0.1358    0.2281    0.2349    0.0338
    73 C6     3s        -0.1836    0.0363    0.6457    0.3807    0.4577
    74 C6     2px        0.1298    0.9107   -0.5791   -0.4208   -1.6242
    75 C6     3px        0.2161    0.4801   -0.5700   -0.2529   -1.4801
    76 C6     2py        0.0247   -0.2582   -1.1241   -1.1390    1.0280
    77 C6     3py        0.1817   -0.4308   -1.0031   -0.8669    0.6838
    78 C6     2pz       -0.0572   -0.2287    0.8583   -0.0232    1.4021
    79 C6     3pz       -0.1119   -0.0725    0.8357   -0.0199    1.2360
    80 C6     3d2-       0.0017   -0.0013   -0.0105    0.3570    0.0717
    81 C6     3d1-       0.0227    0.0120   -0.3794    0.6300   -0.1414
    82 C6     3d0        0.0467    0.4463    0.4206    0.2605    0.3923
    83 C6     3d1+       0.0656   -0.2571   -0.4422    0.0890   -0.0255
    84 C6     3d2+       0.3204   -0.0081   -0.0625    0.0810    0.2268
    85 H7     1s        -0.9730   -0.6629   -0.5615   -0.2177    0.6756
    86 H7     2s        -0.0660   -0.1087   -0.0818   -0.0052    0.1040
    87 H7     2px       -0.0089    0.3744   -0.1425    0.0395    0.2416
    88 H7     2py        0.2873    0.1320    0.1620   -0.0960   -0.2009
    89 H7     2pz       -0.3345    0.0589    0.2771    0.1877    0.0392
    90 H8     1s         0.6610    1.1276   -0.1822   -1.3611   -0.1635
    91 H8     2s        -0.0376    0.0557   -0.0162   -0.0340    0.0051
    92 H8     2px        0.4344    0.4586    0.1219   -0.1572   -0.0100
    93 H8     2py        0.1550   -0.3715    0.1024    0.3506   -0.0207
    94 H8     2pz        0.2906    0.0228    0.0546   -0.2851    0.2949
    95 H9     1s         0.6951   -1.1774   -0.1021    1.3812    0.1671
    96 H9     2s        -0.0188   -0.0429   -0.0150    0.0236   -0.0082
    97 H9     2px        0.4780   -0.4713    0.1710    0.1752    0.0136
    98 H9     2py       -0.1117   -0.3879   -0.0680    0.3550   -0.0189
    99 H9     2pz        0.3476   -0.0260    0.0614    0.2915   -0.2939
   100 H10    1s        -0.9165    0.5973   -0.5641    0.2264   -0.6644
   101 H10    2s        -0.0835    0.0986   -0.0900    0.0024   -0.1035
   102 H10    2px       -0.0528   -0.3868   -0.1119   -0.0399   -0.2425
   103 H10    2py       -0.3337    0.1171   -0.1597   -0.0910   -0.1976
   104 H10    2pz       -0.3512   -0.0303    0.2665   -0.1820   -0.0412
   105 H11    1s        -0.0099    0.7322    1.0789   -0.9709   -0.9107
   106 H11    2s         0.0548    0.0737    0.1226   -0.0158   -0.0117
   107 H11    2px       -0.2927   -0.2497   -0.1328    0.4367   -0.0727
   108 H11    2py       -0.1105    0.4344   -0.1668   -0.0423   -0.2888
   109 H11    2pz        0.0331   -0.1327    0.3875    0.1138    0.1367
   110 H12    1s        -0.1148   -0.6263    1.1323    0.9978    0.9131
   111 H12    2s         0.0313   -0.0573    0.1312    0.0165    0.0102
   112 H12    2px       -0.1971    0.2467   -0.1377   -0.4440    0.0708
   113 H12    2py        0.1632    0.4457    0.1262   -0.0399   -0.2901
   114 H12    2pz        0.0076    0.1784    0.3699   -0.1089   -0.1374
   115 B13    1s         0.4943   -0.0310   -0.3063    0.0048    0.0009
   116 B13    2s         2.3841   -0.1749   -1.6102    0.0323    0.0091
   117 B13    3s         0.5695   -0.0735   -0.4915    0.0141    0.0029
   118 B13    2px       -0.7861   -0.0506   -1.4773   -0.0317   -0.0054
   119 B13    3px       -0.2064   -0.0211   -0.7135   -0.0133   -0.0002
   120 B13    2py        0.0694    1.1674   -0.0569    1.2837   -2.1196
   121 B13    3py        0.0192    0.5824   -0.0321    0.5464   -1.0083
   122 B13    2pz       -1.0466    0.1410    1.7470   -0.0068   -0.0032
   123 B13    3pz       -0.1923    0.0608    0.6662   -0.0037   -0.0033
   124 B13    3d2-      -0.0276   -0.3613    0.0129   -0.2647    0.1766
   125 B13    3d1-       0.0051   -0.0839    0.0099   -0.2572    0.9468
   126 B13    3d0        0.1851   -0.0567   -0.8989   -0.0054    0.0004
   127 B13    3d1+       0.4365    0.0157    0.5830    0.0140    0.0016
   128 B13    3d2+       0.2392    0.0001   -0.0837   -0.0053   -0.0005
--

      Von Neumann Entropy (Root   1) =  0.50000


      Mulliken population analysis for root number:  1
      -----------------------------------------------


++    Molecular charges:
      ------------------

      Mulliken charges per centre and basis function type
      ---------------------------------------------------

                C1      C2      C3      C4      C5      C6      H7      H8      H9      H10     H11     H12   
      1s       1.9998  2.0003  2.0003  1.9998  2.0005  2.0005  0.4083  0.3545  0.3545  0.4083  0.4162  0.4163
      2s       1.2446  1.2319  1.2319  1.2446  1.3154  1.3154  0.1025  0.0612  0.0612  0.1025  0.0918  0.0918
      2px      0.6106  0.4966  0.4966  0.6107  0.6354  0.6354  0.0050  0.0393  0.0394  0.0050  0.0482  0.0482
      2pz      0.6641  0.1689  0.1689  0.6641  0.2137  0.2137  0.0040  0.0077  0.0077  0.0040  0.0074  0.0074
      2py      0.6957  0.8115  0.8115  0.6957  0.7742  0.7742  0.0688  0.0244  0.0244  0.0688  0.0249  0.0249
      3s      -0.0135 -0.0131 -0.0131 -0.0135 -0.0158 -0.0158  0.0000  0.0000  0.0000  0.0000  0.0000  0.0000
      3px     -0.0331 -0.0307 -0.0307 -0.0331 -0.0047 -0.0047  0.0000  0.0000  0.0000  0.0000  0.0000  0.0000
      3pz     -0.0283 -0.0146 -0.0146 -0.0283 -0.0225 -0.0225  0.0000  0.0000  0.0000  0.0000  0.0000  0.0000
      3py      0.0004  0.0355  0.0355  0.0004  0.0033  0.0033  0.0000  0.0000  0.0000  0.0000  0.0000  0.0000
      3d2+     0.0196  0.0373  0.0373  0.0196  0.0385  0.0385  0.0000  0.0000  0.0000  0.0000  0.0000  0.0000
      3d1+     0.0179  0.0151  0.0151  0.0179  0.0171  0.0171  0.0000  0.0000  0.0000  0.0000  0.0000  0.0000
      3d0      0.0058  0.0101  0.0101  0.0058  0.0227  0.0227  0.0000  0.0000  0.0000  0.0000  0.0000  0.0000
      3d1-     0.0250  0.0068  0.0068  0.0250  0.0172  0.0172  0.0000  0.0000  0.0000  0.0000  0.0000  0.0000
      3d2-     0.0311  0.0192  0.0192  0.0311  0.0168  0.0168  0.0000  0.0000  0.0000  0.0000  0.0000  0.0000
      Total    5.2397  4.7749  4.7749  5.2397  5.0117  5.0117  0.5886  0.4872  0.4872  0.5886  0.5886  0.5886

      N-E      0.7603  1.2251  1.2251  0.7603  0.9883  0.9883  0.4114  0.5128  0.5128  0.4114  0.4114  0.4114

                B13   
      1s       1.9995
      2s       0.7411
      2px      0.1063
      2pz      0.1983
      2py      0.3698
      3s      -0.0104
      3px      0.0002
      3pz      0.0234
      3py      0.0033
      3d2+     0.0253
      3d1+     0.0251
      3d0      0.0471
      3d1-     0.0618
      3d2-     0.0279
      Total    3.6186

      N-E      1.3814

      Total electronic charge=   37.000000

      Total            charge=   10.000000
--



      Expectation values of various properties for root number:  1
      -----------------------------------------------------------


++    Molecular properties:
      ---------------------

      Charge (e):
                      =   10.0000
      Dipole Moment (debye):
      Origin of the operator (angstrom)=    0.0104    0.0000    0.0288
                   X= -3.3149E+00               Y=  1.0672E-04               Z= -5.8057E-01           Total=  3.3654E+00
      Center of Charge (angstrom)
                     X=   -0.06891088               Y=    0.00000222               Z=   -0.01179865
      Quadrupole Moment (debye*angstrom):
      Origin of the operator (angstrom)=    0.0104    0.0000    0.0288
                  XX=  6.9699E+01              XY= -6.0011E-04              XZ=  5.1125E+00              YY=  4.7457E+01
                  YZ= -2.2563E-04              ZZ=  3.5977E+00
      In traceless form (debye*angstrom)
                  XX=  4.4172E+01              XY= -9.0017E-04              XZ=  7.6687E+00              YY=  1.0809E+01
                  YZ= -3.3845E-04              ZZ= -5.4980E+01
--


      Mulliken spin population analysis for root number:  1
      ---------------------------------------------------


++    Molecular charges:
      ------------------

      Mulliken spin population per centre and basis function type
      ---------------------------------------------------

                C1      C2      C3      C4      C5      C6      H7      H8      H9      H10     H11     H12   
      1s      -0.0000  0.0000  0.0000 -0.0000 -0.0000 -0.0000  0.0402  0.0061  0.0061  0.0402  0.0273  0.0273
      2s       0.0262  0.0040  0.0040  0.0262  0.0011  0.0011  0.0300  0.0040  0.0040  0.0300  0.0132  0.0132
      2px      0.0004 -0.0004 -0.0004  0.0004  0.0632  0.0632  0.0000  0.0008  0.0008  0.0000  0.0025  0.0025
      2pz      0.0009  0.0001  0.0001  0.0009  0.0020  0.0020  0.0007  0.0002  0.0002  0.0007  0.0009  0.0009
      2py      0.0993  0.0239  0.0239  0.0993  0.0598  0.0598  0.0065  0.0001  0.0001  0.0065  0.0011  0.0011
      3s       0.0017  0.0000  0.0000  0.0017 -0.0014 -0.0014  0.0000  0.0000  0.0000  0.0000  0.0000  0.0000
      3px      0.0006 -0.0011 -0.0011  0.0006 -0.0016 -0.0016  0.0000  0.0000  0.0000  0.0000  0.0000  0.0000
      3pz      0.0005  0.0001  0.0001  0.0005  0.0000  0.0000  0.0000  0.0000  0.0000  0.0000  0.0000  0.0000
      3py      0.0056  0.0140  0.0140  0.0056  0.0214  0.0214  0.0000  0.0000  0.0000  0.0000  0.0000  0.0000
      3d2+     0.0006  0.0013  0.0013  0.0006  0.0022  0.0022  0.0000  0.0000  0.0000  0.0000  0.0000  0.0000
      3d1+     0.0002  0.0009  0.0009  0.0002  0.0002  0.0002  0.0000  0.0000  0.0000  0.0000  0.0000  0.0000
      3d0      0.0003  0.0001  0.0001  0.0003  0.0011  0.0011  0.0000  0.0000  0.0000  0.0000  0.0000  0.0000
      3d1-     0.0034  0.0006  0.0006  0.0034  0.0004  0.0004  0.0000  0.0000  0.0000  0.0000  0.0000  0.0000
      3d2-     0.0000  0.0004  0.0004  0.0000 -0.0008 -0.0008  0.0000  0.0000  0.0000  0.0000  0.0000  0.0000
      Total    0.1397  0.0438  0.0438  0.1397  0.1476  0.1477  0.0774  0.0112  0.0112  0.0774  0.0450  0.0450

                B13   
      1s       0.0000
      2s       0.0509
      2px      0.0030
      2pz      0.0071
      2py      0.0000
      3s       0.0032
      3px      0.0026
      3pz      0.0006
      3py      0.0000
      3d2+     0.0038
      3d1+    -0.0007
      3d0     -0.0002
      3d1-     0.0000
      3d2-     0.0000
      Total    0.0704

      Total electronic spin=    1.000000
--



      LoProp population analysis for root number:  1
      -----------------------------------------------


++    LoProp analysis:
      ----------------



      Input file to MOLDEN was generated!


++    Static properties:
      ------------------


      LoProp Charges per center


                   C1       C2       C3       C4       C5       C6       H7       H8       H9       H10   
      Nuclear      6.0000   6.0000   6.0000   6.0000   6.0000   6.0000   1.0000   1.0000   1.0000   1.0000
      Electronic  -5.6386  -5.0700  -5.0701  -5.6386  -5.3968  -5.3968  -0.2661  -0.2053  -0.2053  -0.2661

      Total        0.3614   0.9300   0.9299   0.3614   0.6032   0.6032   0.7339   0.7947   0.7947   0.7339


                   H11      H12      B13   
      Nuclear      1.0000   1.0000   5.0000
      Electronic  -0.2571  -0.2571  -3.3320

      Total        0.7429   0.7429   1.6680
--


      Natural Bond Order analysis for root number:  1

++    Natural Bond Order analysis
      ---------------------------
      Based on LoProp computed density
      -------------------------------------------------------------------------------------
      Atom A       Atom B       Bond Order
      -------------------------------------------------------------------------------------
      NBO located      0.998 non-bonded electrons on atom C1        
      NBO located      0.997 non-bonded electrons on atom C2        
      NBO located      0.997 non-bonded electrons on atom C3        
      NBO located      0.998 non-bonded electrons on atom C4        
      NBO located      0.997 non-bonded electrons on atom C5        
      NBO located      0.997 non-bonded electrons on atom C6        
      NBO located      0.999 non-bonded electrons on atom B13       
      The remaining   15.041 electrons are to be considered as diffuse
--

--

      Von Neumann Entropy (Root   2) =  0.50000


      Mulliken population analysis for root number:  2
      -----------------------------------------------


++    Molecular charges:
      ------------------

      Mulliken charges per centre and basis function type
      ---------------------------------------------------

                C1      C2      C3      C4      C5      C6      H7      H8      H9      H10     H11     H12   
      1s       1.9998  2.0003  2.0003  1.9998  2.0005  2.0005  0.3682  0.4133  0.4133  0.3682  0.3940  0.3940
      2s       1.2301  1.2651  1.2651  1.2301  1.3170  1.3170  0.0727  0.0957  0.0957  0.0727  0.0828  0.0827
      2px      0.6690  0.6053  0.6053  0.6690  0.5776  0.5776  0.0054  0.0435  0.0435  0.0054  0.0464  0.0464
      2pz      0.6752  0.1899  0.1899  0.6752  0.2295  0.2295  0.0035  0.0086  0.0086  0.0035  0.0064  0.0064
      2py      0.5960  0.8031  0.8030  0.5960  0.7174  0.7174  0.0623  0.0289  0.0289  0.0623  0.0242  0.0242
      3s      -0.0171 -0.0111 -0.0111 -0.0171 -0.0143 -0.0143  0.0000  0.0000  0.0000  0.0000  0.0000  0.0000
      3px     -0.0199 -0.0098 -0.0098 -0.0199 -0.0013 -0.0013  0.0000  0.0000  0.0000  0.0000  0.0000  0.0000
      3pz     -0.0278 -0.0103 -0.0103 -0.0278 -0.0210 -0.0210  0.0000  0.0000  0.0000  0.0000  0.0000  0.0000
      3py     -0.0055  0.0177  0.0177 -0.0055 -0.0182 -0.0182  0.0000  0.0000  0.0000  0.0000  0.0000  0.0000
      3d2+     0.0197  0.0357  0.0357  0.0197  0.0364  0.0364  0.0000  0.0000  0.0000  0.0000  0.0000  0.0000
      3d1+     0.0176  0.0141  0.0141  0.0176  0.0172  0.0172  0.0000  0.0000  0.0000  0.0000  0.0000  0.0000
      3d0      0.0055  0.0102  0.0102  0.0055  0.0231  0.0231  0.0000  0.0000  0.0000  0.0000  0.0000  0.0000
      3d1-     0.0220  0.0080  0.0080  0.0220  0.0172  0.0171  0.0000  0.0000  0.0000  0.0000  0.0000  0.0000
      3d2-     0.0344  0.0272  0.0272  0.0344  0.0178  0.0178  0.0000  0.0000  0.0000  0.0000  0.0000  0.0000
      Total    5.1989  4.9453  4.9452  5.1990  4.8988  4.8988  0.5120  0.5900  0.5900  0.5120  0.5538  0.5538

      N-E      0.8011  1.0547  1.0548  0.8010  1.1012  1.1012  0.4880  0.4100  0.4100  0.4880  0.4462  0.4462

                B13   
      1s       1.9995
      2s       0.6902
      2px      0.1033
      2pz      0.1912
      2py      0.4163
      3s      -0.0136
      3px     -0.0024
      3pz      0.0228
      3py      0.0093
      3d2+     0.0215
      3d1+     0.0257
      3d0      0.0473
      3d1-     0.0643
      3d2-     0.0271
      Total    3.6024

      N-E      1.3976

      Total electronic charge=   37.000000

      Total            charge=   10.000000
--



      Expectation values of various properties for root number:  2
      -----------------------------------------------------------


++    Molecular properties:
      ---------------------

      Charge (e):
                      =   10.0000
      Dipole Moment (debye):
      Origin of the operator (angstrom)=    0.0104    0.0000    0.0288
                   X=  3.2640E+00               Y= -2.2648E-05               Z=  4.7075E-01           Total=  3.2978E+00
      Center of Charge (angstrom)
                     X=    0.06805945               Y=   -0.00000047               Z=    0.01008910
      Quadrupole Moment (debye*angstrom):
      Origin of the operator (angstrom)=    0.0104    0.0000    0.0288
                  XX=  6.3756E+01              XY=  9.0964E-04              XZ=  1.9739E+00              YY=  5.1173E+01
                  YZ= -3.1651E-04              ZZ=  3.7910E+00
      In traceless form (debye*angstrom)
                  XX=  3.6274E+01              XY=  1.3645E-03              XZ=  2.9609E+00              YY=  1.7399E+01
                  YZ= -4.7476E-04              ZZ= -5.3674E+01
--


      Mulliken spin population analysis for root number:  2
      ---------------------------------------------------


++    Molecular charges:
      ------------------

      Mulliken spin population per centre and basis function type
      ---------------------------------------------------

                C1      C2      C3      C4      C5      C6      H7      H8      H9      H10     H11     H12   
      1s      -0.0000 -0.0000 -0.0000 -0.0000  0.0000  0.0000  0.0001  0.0649  0.0649  0.0001  0.0051  0.0051
      2s       0.0117  0.0372  0.0372  0.0117  0.0027  0.0027  0.0002  0.0385  0.0385  0.0002  0.0041  0.0041
      2px      0.0588  0.1083  0.1083  0.0588  0.0054  0.0054  0.0004  0.0049  0.0049  0.0004  0.0007  0.0007
      2pz      0.0120  0.0211  0.0211  0.0120  0.0178  0.0178  0.0001  0.0011  0.0011  0.0001 -0.0001 -0.0001
      2py     -0.0004  0.0154  0.0154 -0.0004  0.0031  0.0031 -0.0000  0.0047  0.0047 -0.0000  0.0004  0.0004
      3s      -0.0020  0.0020  0.0020 -0.0020  0.0001  0.0001  0.0000  0.0000  0.0000  0.0000  0.0000  0.0000
      3px      0.0138  0.0197  0.0197  0.0138  0.0018  0.0018  0.0000  0.0000  0.0000  0.0000  0.0000  0.0000
      3pz      0.0011  0.0044  0.0044  0.0011  0.0016  0.0016  0.0000  0.0000  0.0000  0.0000  0.0000  0.0000
      3py     -0.0003 -0.0038 -0.0038 -0.0003 -0.0001 -0.0001  0.0000  0.0000  0.0000  0.0000  0.0000  0.0000
      3d2+     0.0006 -0.0003 -0.0003  0.0006  0.0001  0.0001  0.0000  0.0000  0.0000  0.0000  0.0000  0.0000
      3d1+    -0.0002 -0.0001 -0.0001 -0.0002  0.0003  0.0003  0.0000  0.0000  0.0000  0.0000  0.0000  0.0000
      3d0      0.0000  0.0002  0.0002  0.0000  0.0014  0.0014  0.0000  0.0000  0.0000  0.0000  0.0000  0.0000
      3d1-     0.0003  0.0017  0.0017  0.0003  0.0004  0.0004  0.0000  0.0000  0.0000  0.0000  0.0000  0.0000
      3d2-     0.0033  0.0084  0.0084  0.0033  0.0002  0.0002  0.0000  0.0000  0.0000  0.0000  0.0000  0.0000
      Total    0.0989  0.2142  0.2141  0.0989  0.0348  0.0348  0.0008  0.1140  0.1140  0.0008  0.0103  0.0103

                B13   
      1s       0.0000
      2s       0.0000
      2px     -0.0000
      2pz      0.0000
      2py      0.0465
      3s       0.0000
      3px     -0.0000
      3pz     -0.0000
      3py      0.0060
      3d2+     0.0000
      3d1+    -0.0000
      3d0     -0.0000
      3d1-     0.0024
      3d2-    -0.0008
      Total    0.0541

      Total electronic spin=    1.000000
--



      LoProp population analysis for root number:  2
      -----------------------------------------------


++    LoProp analysis:
      ----------------



      Input file to MOLDEN was generated!


++    Static properties:
      ------------------


      LoProp Charges per center


                   C1       C2       C3       C4       C5       C6       H7       H8       H9       H10   
      Nuclear      6.0000   6.0000   6.0000   6.0000   6.0000   6.0000   1.0000   1.0000   1.0000   1.0000
      Electronic  -5.5329  -5.3167  -5.3167  -5.5329  -5.2648  -5.2647  -0.2327  -0.2496  -0.2496  -0.2327

      Total        0.4671   0.6833   0.6833   0.4671   0.7352   0.7353   0.7673   0.7504   0.7504   0.7673


                   H11      H12      B13   
      Nuclear      1.0000   1.0000   5.0000
      Electronic  -0.2439  -0.2439  -3.3190

      Total        0.7561   0.7561   1.6810
--


      Natural Bond Order analysis for root number:  2

++    Natural Bond Order analysis
      ---------------------------
      Based on LoProp computed density
      -------------------------------------------------------------------------------------
      Atom A       Atom B       Bond Order
      -------------------------------------------------------------------------------------
      NBO located      0.998 non-bonded electrons on atom C1        
      NBO located      0.997 non-bonded electrons on atom C2        
      NBO located      0.997 non-bonded electrons on atom C3        
      NBO located      0.998 non-bonded electrons on atom C4        
      NBO located      0.997 non-bonded electrons on atom C5        
      NBO located      0.997 non-bonded electrons on atom C6        
      NBO located      0.999 non-bonded electrons on atom B13       
      The remaining   15.031 electrons are to be considered as diffuse
--

--

      Von Neumann Entropy (Root   3) =  0.50000


      Mulliken population analysis for root number:  3
      -----------------------------------------------


++    Molecular charges:
      ------------------

      Mulliken charges per centre and basis function type
      ---------------------------------------------------

                C1      C2      C3      C4      C5      C6      H7      H8      H9      H10     H11     H12   
      1s       1.9998  2.0003  2.0003  1.9998  2.0005  2.0005  0.3838  0.3485  0.3485  0.3838  0.4020  0.4020
      2s       1.2274  1.2315  1.2315  1.2275  1.3183  1.3183  0.0850  0.0572  0.0572  0.0850  0.0927  0.0927
      2px      0.6235  0.4969  0.4969  0.6235  0.6523  0.6521  0.0049  0.0386  0.0386  0.0049  0.0461  0.0461
      2pz      0.7659  0.1815  0.1815  0.7658  0.2118  0.2118  0.0061  0.0076  0.0076  0.0061  0.0069  0.0069
      2py      0.6889  0.7884  0.7884  0.6888  0.7144  0.7144  0.0635  0.0242  0.0242  0.0635  0.0257  0.0257
      3s      -0.0153 -0.0131 -0.0131 -0.0153 -0.0128 -0.0128  0.0000  0.0000  0.0000  0.0000  0.0000  0.0000
      3px     -0.0342 -0.0283 -0.0283 -0.0342  0.0022  0.0022  0.0000  0.0000  0.0000  0.0000  0.0000  0.0000
      3pz     -0.0246 -0.0143 -0.0143 -0.0246 -0.0223 -0.0223  0.0000  0.0000  0.0000  0.0000  0.0000  0.0000
      3py      0.0031  0.0231  0.0231  0.0031 -0.0181 -0.0181  0.0000  0.0000  0.0000  0.0000  0.0000  0.0000
      3d2+     0.0190  0.0364  0.0364  0.0190  0.0362  0.0362  0.0000  0.0000  0.0000  0.0000  0.0000  0.0000
      3d1+     0.0187  0.0162  0.0162  0.0187  0.0168  0.0168  0.0000  0.0000  0.0000  0.0000  0.0000  0.0000
      3d0      0.0057  0.0109  0.0109  0.0057  0.0244  0.0244  0.0000  0.0000  0.0000  0.0000  0.0000  0.0000
      3d1-     0.0236  0.0065  0.0065  0.0236  0.0170  0.0170  0.0000  0.0000  0.0000  0.0000  0.0000  0.0000
      3d2-     0.0310  0.0195  0.0195  0.0310  0.0243  0.0244  0.0000  0.0000  0.0000  0.0000  0.0000  0.0000
      Total    5.3325  4.7554  4.7554  5.3324  4.9649  4.9648  0.5433  0.4761  0.4761  0.5433  0.5734  0.5734

      N-E      0.6675  1.2446  1.2446  0.6676  1.0351  1.0352  0.4567  0.5239  0.5239  0.4567  0.4266  0.4266

                B13   
      1s       1.9995
      2s       0.6902
      2px      0.1033
      2pz      0.1912
      2py      0.5046
      3s      -0.0136
      3px     -0.0024
      3pz      0.0228
      3py      0.0246
      3d2+     0.0215
      3d1+     0.0257
      3d0      0.0473
      3d1-     0.0621
      3d2-     0.0323
      Total    3.7090

      N-E      1.2910

      Total electronic charge=   37.000000

      Total            charge=   10.000000
--



      Expectation values of various properties for root number:  3
      -----------------------------------------------------------


++    Molecular properties:
      ---------------------

      Charge (e):
                      =   10.0000
      Dipole Moment (debye):
      Origin of the operator (angstrom)=    0.0104    0.0000    0.0288
                   X= -3.4504E+00               Y= -5.5453E-04               Z= -1.2284E+00           Total=  3.6626E+00
      Center of Charge (angstrom)
                     X=   -0.07173243               Y=   -0.00001154               Z=   -0.02528607
      Quadrupole Moment (debye*angstrom):
      Origin of the operator (angstrom)=    0.0104    0.0000    0.0288
                  XX=  7.1308E+01              XY=  9.1367E-04              XZ=  4.7738E+00              YY=  4.8954E+01
                  YZ= -7.5987E-04              ZZ=  3.2778E+00
      In traceless form (debye*angstrom)
                  XX=  4.5192E+01              XY=  1.3705E-03              XZ=  7.1607E+00              YY=  1.1661E+01
                  YZ= -1.1398E-03              ZZ= -5.6853E+01
--


      Mulliken spin population analysis for root number:  3
      ---------------------------------------------------


++    Molecular charges:
      ------------------

      Mulliken spin population per centre and basis function type
      ---------------------------------------------------

                C1      C2      C3      C4      C5      C6      H7      H8      H9      H10     H11     H12   
      1s      -0.0000 -0.0000 -0.0000 -0.0000 -0.0000 -0.0000  0.0157  0.0001  0.0001  0.0157  0.0131  0.0131
      2s       0.0091  0.0036  0.0037  0.0091  0.0040  0.0040  0.0125 -0.0000 -0.0000  0.0125  0.0141  0.0141
      2px      0.0133 -0.0001 -0.0001  0.0133  0.0801  0.0800 -0.0000  0.0000  0.0000 -0.0000  0.0004  0.0004
      2pz      0.1027  0.0127  0.0127  0.1026  0.0001  0.0001  0.0028  0.0000  0.0000  0.0028  0.0005  0.0005
      2py      0.0925  0.0007  0.0007  0.0924  0.0000  0.0000  0.0012 -0.0001 -0.0001  0.0012  0.0018  0.0018
      3s      -0.0001  0.0000  0.0000 -0.0001  0.0016  0.0016  0.0000  0.0000  0.0000  0.0000  0.0000  0.0000
      3px     -0.0004  0.0012  0.0012 -0.0004  0.0053  0.0053  0.0000  0.0000  0.0000  0.0000  0.0000  0.0000
      3pz      0.0043  0.0003  0.0003  0.0043  0.0002  0.0002  0.0000  0.0000  0.0000  0.0000  0.0000  0.0000
      3py      0.0083  0.0016  0.0016  0.0083 -0.0000 -0.0000  0.0000  0.0000  0.0000  0.0000  0.0000  0.0000
      3d2+    -0.0001  0.0005  0.0005 -0.0000 -0.0001 -0.0001  0.0000  0.0000  0.0000  0.0000  0.0000  0.0000
      3d1+     0.0009  0.0019  0.0019  0.0009 -0.0001 -0.0001  0.0000  0.0000  0.0000  0.0000  0.0000  0.0000
      3d0      0.0003  0.0009  0.0009  0.0003  0.0028  0.0028  0.0000  0.0000  0.0000  0.0000  0.0000  0.0000
      3d1-     0.0020  0.0002  0.0002  0.0020  0.0002  0.0002  0.0000  0.0000  0.0000  0.0000  0.0000  0.0000
      3d2-    -0.0001  0.0007  0.0007 -0.0001  0.0067  0.0068  0.0000  0.0000  0.0000  0.0000  0.0000  0.0000
      Total    0.2326  0.0243  0.0243  0.2324  0.1008  0.1007  0.0321  0.0001  0.0001  0.0321  0.0298  0.0298

                B13   
      1s      -0.0000
      2s       0.0000
      2px      0.0000
      2pz      0.0000
      2py      0.1348
      3s      -0.0000
      3px      0.0000
      3pz      0.0000
      3py      0.0213
      3d2+    -0.0000
      3d1+     0.0000
      3d0      0.0000
      3d1-     0.0002
      3d2-     0.0044
      Total    0.1607

      Total electronic spin=    1.000000
--



      LoProp population analysis for root number:  3
      -----------------------------------------------


++    LoProp analysis:
      ----------------



      Input file to MOLDEN was generated!


++    Static properties:
      ------------------


      LoProp Charges per center


                   C1       C2       C3       C4       C5       C6       H7       H8       H9       H10   
      Nuclear      6.0000   6.0000   6.0000   6.0000   6.0000   6.0000   1.0000   1.0000   1.0000   1.0000
      Electronic  -5.7086  -5.0457  -5.0457  -5.7085  -5.3388  -5.3387  -0.2495  -0.1995  -0.1995  -0.2495

      Total        0.2914   0.9543   0.9543   0.2915   0.6612   0.6613   0.7505   0.8005   0.8005   0.7505


                   H11      H12      B13   
      Nuclear      1.0000   1.0000   5.0000
      Electronic  -0.2533  -0.2533  -3.4094

      Total        0.7467   0.7467   1.5906
--


      Natural Bond Order analysis for root number:  3

++    Natural Bond Order analysis
      ---------------------------
      Based on LoProp computed density
      -------------------------------------------------------------------------------------
      Atom A       Atom B       Bond Order
      -------------------------------------------------------------------------------------
      NBO located      0.998 non-bonded electrons on atom C1        
      NBO located      0.997 non-bonded electrons on atom C2        
      NBO located      0.997 non-bonded electrons on atom C3        
      NBO located      0.998 non-bonded electrons on atom C4        
      NBO located      0.997 non-bonded electrons on atom C5        
      NBO located      0.997 non-bonded electrons on atom C6        
      NBO located      0.999 non-bonded electrons on atom B13       
      The remaining   15.038 electrons are to be considered as diffuse
--

--


      Input file to MOLDEN was generated!


      Input file to MOLDEN was generated!


      Input file to MOLDEN was generated!


      Input file to MOLDEN was generated!

      Average orbitals are written to the RASORB file
      Natural orbitals for root   1 are written to the RASORB.1 file
      Natural orbitals for root   2 are written to the RASORB.2 file
      Natural orbitals for root   3 are written to the RASORB.3 file
      Spin density orbitals for root   1 are written to the SPDORB.1 file
      Spin density orbitals for root   2 are written to the SPDORB.2 file
      Spin density orbitals for root   3 are written to the SPDORB.3 file

 ###############################################################################
 ###############################################################################
 ###                                                                         ###
 ###                                                                         ###
 ###    WARNING: RunFile label BirthCertificate                              ###
 ###    was used       69 times                                              ###
 ###                                                                         ###
 ###                                                                         ###
 ###############################################################################
 ###############################################################################
--- Stop Module: rasscf at Wed Sep 23 10:08:29 2026 /rc=_RC_ALL_IS_WELL_ ---
*** files: B-C6H6_A_dynamix.LprOrb B-C6H6_A_dynamix.rasscf.molden.3 B-C6H6_A_dynamix.rasscf.molden.2 B-C6H6_A_dynamix.rasscf.molden.1 B-C6H6_A_dynamix.rasscf.molden
           B-C6H6_A_dynamix.LoProp.molden B-C6H6_A_dynamix.RasOrb.1 B-C6H6_A_dynamix.RasOrb B-C6H6_A_dynamix.RasOrb.3 B-C6H6_A_dynamix.RasOrb.2 B-C6H6_A_dynamix.rasscf.h5
           B-C6H6_A_dynamix.SpdOrb.3 B-C6H6_A_dynamix.SpdOrb.2 B-C6H6_A_dynamix.SpdOrb.1 xmldump
    saved to directory /Users/lucas/Development/Honors/OpenMolcas/build/CALCULATIONS/B-C6H6_A_ex_st/dynamix/./output
--- Module rasscf spent 24 seconds ---

--- Start Module: grid_it at Wed Sep 23 10:08:29 2026 ---

()()()()()()()()()()()()()()()()()()()()()()()()()()()()()()()()()()()()()()()()()()()()()()()()()()

                                              &GRID_IT

                                   only a single process is used
                       available to each process: 5.0 GB of memory, 1 thread?
                                             pid: 53297
()()()()()()()()()()()()()()()()()()()()()()()()()()()()()()()()()()()()()()()()()()()()()()()()()()


      Cartesian coordinates:
      -----------------------------------------
      No.  Label     X         Y         Z     
      -----------------------------------------
       1   C1        -0.08230   2.28791   0.56212
       2   C2        -2.54257   1.25600  -0.35936
       3   C3        -2.54260  -1.25596  -0.35930
       4   C4        -0.08231  -2.28793   0.56207
       5   C5         2.14078  -1.29752  -0.86020
       6   C6         2.14085   1.29748  -0.86018
       7   H7         0.04029   4.25877   1.09191
       8   H8        -4.03863   2.45279  -1.07149
       9   H9        -4.03868  -2.45275  -1.07139
      10   H10        0.04020  -4.25878   1.09192
      11   H11        3.75720  -2.43101  -1.38602
      12   H12        3.75720   2.43094  -1.38623
      13   B13        1.25826   0.00003   2.12409
      -----------------------------------------
      Grid Origin      =    -8.000000   -8.000000   -5.000000
      Grid Axis Length =    14.000000   16.000000   10.000000
      -----------------------------------------


   Input vectors read from INPORB
   Orbital file label: * RASSCF average (pseudo-natural) orbitals
  Number of grid points in file:                  65317

  Total number of MOs               :                  128
  Number MOs for grid               :                    7
  Batches processed in increments of:                18432

GridName=  1   19     -2.6596 (0.33) 2
GridName=  1   20     -2.6562 (0.33) 2
GridName=  1   21     -1.6680 (-.00) 2
GridName=  1   22     -2.5779 (0.33) 2
GridName=  1   23     -2.3203 (-.00) 2
GridName=  1   24     -1.9328 (-.00) 2

--- Stop Module: grid_it at Wed Sep 23 10:08:29 2026 /rc=_RC_ALL_IS_WELL_ ---
*** files: B-C6H6_A_dynamix.lus xmldump
    saved to directory /Users/lucas/Development/Honors/OpenMolcas/build/CALCULATIONS/B-C6H6_A_ex_st/dynamix/./output

>>> COPY B-C6H6_A_dynamix.JobIph B-C6H6_A_dynamix.JobOld

--- Start Module: alaska at Wed Sep 23 10:08:29 2026 ---

()()()()()()()()()()()()()()()()()()()()()()()()()()()()()()()()()()()()()()()()()()()()()()()()()()

                                              &ALASKA

                                   only a single process is used
                       available to each process: 5.0 GB of memory, 1 thread?
                                             pid: 53303
()()()()()()()()()()()()()()()()()()()()()()()()()()()()()()()()()()()()()()()()()()()()()()()()()()

--- Stop Module: alaska at Wed Sep 23 10:08:29 2026 /rc=_RC_INVOKED_OTHER_MODULE_ ---
*** files: xmldump
    saved to directory /Users/lucas/Development/Honors/OpenMolcas/build/CALCULATIONS/B-C6H6_A_ex_st/dynamix/./output

--- Start Module: mclr at Wed Sep 23 10:08:29 2026 ---

()()()()()()()()()()()()()()()()()()()()()()()()()()()()()()()()()()()()()()()()()()()()()()()()()()

                                               &MCLR

                                   only a single process is used
                       available to each process: 5.0 GB of memory, 1 thread?
                                             pid: 53305
()()()()()()()()()()()()()()()()()()()()()()()()()()()()()()()()()()()()()()()()()()()()()()()()()()

 No .RLXPT2  or MCKINT  , I hope that is OK
 Seward mode is assumed, reading perturbation from ONEINT
 OrdInt status: non-squared

++   Wave function specifications:
     -----------------------------

     Number of closed shell electrons             36
     Number of electrons in active shells          1
     Max number of holes in RAS1 space             0
     Max number of electrons in RAS3 space         0
     Number of inactive orbitals                  18
     Number of active orbitals                     6
     Number of secondary orbitals                104
     Spin quantum number                         0.5
     State symmetry                                1
     Number of CI roots                            3
     States considered                             1     2     3
     Weights                                   0.333 0.333 0.333

     Symmetry species                              1
     Skipped sym. species                          0
     Frozen orbitals                               0
     Inactive orbitals                            18
     Active orbitals                               6
     RAS1 orbitals                                 0
     RAS2 orbitals                                 6
     RAS3 orbitals                                 0
     Deleted orbitals                              0
     Number of basis functions                   128
     Number of orbitals                          128
     Number of configurations                      6
     Number of combinations                        6
     Natural orbitals are used in the last CI
     RASSCF state energy =           -241.0394034213
     Size of explicit Hamiltonian in PCG:        100
--

     Convergence threshold=               1.0000E-04
     Max number of iterations in PCG:            200
     Using the Cho-MO Algorithm
     Lagrangian multipliers are calculated for state no.   3


  Reordering of the Cholesky vectors to full storage.
  Elapsed time for the reordering section:    1.9999999999999990E-002
  CPU time for the reordering section:    1.9999999999999990E-002

 TIMING INFORMATION:   CPU(s)   %CPU   Elapsed(s)
 Transformation          1.37   96.5         1.42
 Generation              2.33   98.3         2.37
 TOTAL                   3.73   96.6         3.86

        Iteration       Delta           Res(kappa)       Res(CI)          DeltaK           DeltaC
 ****************************************
 *                                      *
 *           WARNING!!                  *
 * Elements in the E^[2] matrix small!! *
 * The calculation might diverge.       *
 *                                      *
 * Check your active space!!!!          *
 *                                      *
 * Make sure degenerate orbitals do not *
 * belong to different spaces.          *
 * Note that no LR code can handle      *
 * 2.0 occupancy in active orbitals!!   *
 ****************************************
 Warning perturbation number                     1  might diverge
 ****************************************
 *                                      *
 *           WARNING!!                  *
 * Elements in the E^[2] matrix small!! *
 * The calculation might diverge.       *
 *                                      *
 * Check your active space!!!!          *
 *                                      *
 * Make sure degenerate orbitals do not *
 * belong to different spaces.          *
 * Note that no LR code can handle      *
 * 2.0 occupancy in active orbitals!!   *
 ****************************************
            1     -4.411275760E+07  4.210253447E+00  3.220933528E-01 -1.855904665E+06  1.205656246E-01
            2      3.702276983E+02  7.885538513E+00  1.111958329E+00  1.417514620E+01  1.401011476E+00
            3      9.501908416E+08  3.253696703E+01  1.361659346E+01  3.997605496E+07  2.148823003E+02
            4      1.986844726E+03  1.752091871E+01  2.396153750E+00  7.556061904E+01  8.029579265E+00
            5     -9.941671802E+08  1.400328633E+01  3.914769504E+00 -4.182645793E+07  2.294877231E+01
            6      6.214282786E+02  9.454389866E+00  2.154831507E+00  2.100036702E+01  5.144259368E+00
            7      1.594374314E+07  7.604864339E+00  1.008364383E+00  6.707812674E+05  1.221928620E+00
            8      1.902041204E+02  5.168573415E+00  1.060941668E+00  6.648335077E+00  1.353900799E+00
            9     -4.254591444E+08  1.610834468E+01  2.280272573E+00 -1.789985184E+07  6.026534022E+00
           10      9.028731493E+02  1.265659963E+01  1.366328766E+00  3.581563643E+01  2.169891394E+00
           11     -1.139204709E+09  5.863256261E+01  1.625673399E+01 -4.792873351E+07  3.039391474E+02
           12      1.556141218E+03  1.657417063E+01  1.654454885E+00  6.231821595E+01  3.151496576E+00
           13      1.571930406E+08  3.509784668E+01  1.152260709E+01  6.613247207E+06  1.520503393E+02
           14      7.710325327E+01  3.261577949E+00  5.467582560E-01  2.844683215E+00  3.991919348E-01
           15     -2.913494613E+06  9.076800692E+00  2.079461893E+00 -1.225810880E+05  5.030959590E+00
           16      9.700918321E+03  4.106950411E+01  4.083232817E+00  3.895044785E+02  1.863093121E+01
           17      1.169206334E+06  8.796369239E+00  2.182333757E+00  4.918511719E+04  5.535759791E+00
           18      3.021763081E+02  6.895504126E+00  1.482902609E+00  1.010858341E+01  2.604527583E+00
           19      9.458176640E+05  8.867505074E+00  9.427258119E-01  3.979113082E+04  1.151420630E+00
           20      4.971292275E+02  8.536714567E+00  1.920467556E+00  1.656593948E+01  4.349198065E+00
           21     -2.750966465E+07  1.566962148E+01  1.564713073E+00 -1.157384947E+06  2.946732286E+00
           22      5.184207269E+03  3.034608968E+01  3.115063192E+00  2.069712832E+02  1.113781622E+01
           23     -1.450329218E+08  1.532612462E+01  3.703548817E+00 -6.101816527E+06  1.574728206E+01
           24      4.934200337E+03  2.687495619E+01  4.120839365E+00  1.875513687E+02  2.003948091E+01
           25      1.732642845E+08  1.103856760E+01  2.564135794E+00  7.289538482E+06  7.455962887E+00
           26      1.409815282E+03  1.437100425E+01  3.420877851E+00  4.661053791E+01  1.270297436E+01
           27      3.499840359E+07  1.838448474E+01  5.487799457E+00  1.472412865E+06  3.410512882E+01
           28      4.468086937E+03  2.638009349E+01  5.049380919E+00  1.588087708E+02  2.917183395E+01
           29     -2.157580103E+06  1.007525253E+01  1.795752451E+00 -9.077714277E+04  3.794260048E+00
           30      1.843475633E+02  5.564057264E+00  8.038672779E-01  6.857568277E+00  8.982715094E-01
           31     -2.178343597E+08  1.308964374E+01  2.679059611E+00 -9.164699189E+06  8.515375014E+00
           32      5.356257127E+02  9.513079542E+00  8.539543485E-01  2.136693782E+01  1.167817391E+00
           33      1.215498826E+07  3.639401247E+01  2.620472155E+00  5.113748661E+05  7.762970078E+00
           34      5.924684578E+04  1.010794098E+02  1.104030160E+01  2.343900603E+03  1.487227626E+02
           35     -3.068166326E+06  2.379428598E+01  2.573787096E+00 -1.290928736E+05  9.494133351E+00
           36      1.680094900E+03  1.693011978E+01  1.822053202E+00  6.500724192E+01  5.677429125E+00
           37     -2.270493050E+08  2.633523379E+01  9.791643905E+00 -9.552490673E+06  1.103659330E+02
           38      9.456154909E+02  1.231026919E+01  1.699781260E+00  3.644838731E+01  3.335389140E+00
           39      2.500542960E+07  5.512790599E+01  1.191342602E+01  1.051864391E+06  1.598528256E+02
           40      5.011656929E+03  3.000759846E+01  2.362446544E+00  2.045892881E+02  6.260302268E+00
           41     -1.057393490E+06  1.351798631E+01  1.185218382E+00 -4.448830802E+04  1.826304551E+00
           42      8.185972822E+02  1.093535432E+01  2.609367546E+00  2.654749389E+01  7.892393772E+00
           43      4.590010706E+07  3.997783656E+01  1.625892426E+01  1.930800272E+06  3.013396890E+02
           44      4.961375818E+02  9.657142003E+00  1.109739005E+00  1.920075298E+01  1.672664210E+00
           45      1.696471290E+06  1.900752356E+01  5.489100052E+00  7.133869250E+04  3.496327571E+01
           46      1.700807865E+04  5.483231277E+01  5.494022629E+00  6.809385781E+02  3.462245616E+01
           47     -1.216281755E+06  1.460640140E+01  1.654749676E+00 -5.117464193E+04  3.439786458E+00
           48      3.033282000E+02  7.273505130E+00  1.149618661E+00  1.102083918E+01  1.740734008E+00
           49      5.177687906E+04  1.112298393E+01  1.948974636E+00  2.173868513E+03  4.479664641E+00
           50      5.176128174E+03  2.681324729E+01  7.131078124E+00  1.583841043E+02  5.938509277E+01
           51     -1.473655743E+06  2.635492210E+01  5.788344573E+00 -6.204378354E+04  4.438610107E+01
           52      8.927641016E+03  4.009847196E+01  3.023615573E+00  3.650381346E+02  1.056408203E+01
           53     -6.879339449E+08  3.350103950E+02  4.460080968E+01 -2.894500487E+07  2.363231947E+03
           54      1.971865126E+03  1.777544751E+01  2.424455826E+00  7.417970500E+01  8.780274100E+00
           55      2.198616458E+06  3.354886172E+01  4.811337046E+00  9.247438167E+04  2.544146126E+01
           56      2.945670734E+03  2.179894043E+01  2.491404759E+00  1.116368760E+02  1.229288941E+01
           57     -3.600196930E+08  2.826697208E+02  5.297094522E+01 -1.514986464E+07  3.176450622E+03
           58      4.107701529E+03  2.593675921E+01  4.110781170E+00  1.526789710E+02  2.013955933E+01
           59     -1.186668651E+06  2.487165097E+01  6.891830379E+00 -4.997864572E+04  5.332111176E+01
           60      6.237881528E+02  9.926495531E+00  1.445280620E+00  2.325387895E+01  2.990031667E+00
           61      3.159330310E+03  6.736114439E+00  8.776798317E-01  1.310778064E+02  1.841008861E+00
           62      5.796668445E+02  9.114579593E+00  1.995905224E+00  1.936684497E+01  5.020801360E+00
           63      2.677855336E+04  1.193168374E+01  1.827090345E+00  1.121642442E+03  4.980367463E+00
           64      1.737840444E+04  5.298660365E+01  8.897907182E+00  6.394034801E+02  9.173783874E+01
           65     -5.398258645E+05  3.519546643E+01  6.665721324E+00 -2.277092549E+04  5.946218677E+01
           66      5.244825440E+02  1.004099660E+01  9.799585822E-01  2.057751167E+01  1.488430018E+00
           67      1.031387285E+05  1.329348653E+01  1.564407698E+00  4.330945152E+03  8.290149175E+00
           68      6.364533307E+02  1.043046713E+01  1.221601241E+00  2.269648514E+01  4.080272724E+00
           69     -1.008400311E+05  1.106180817E+01  1.578781899E+00 -4.247547728E+03  5.022841211E+00
           70      2.005877883E+03  1.860965327E+01  2.427789350E+00  7.507249554E+01  9.318462561E+00
           71      4.037932089E+06  6.568050054E+01  1.566643113E+01  1.695984297E+05  2.847724332E+02
           72      4.041711762E+03  2.754358954E+01  2.393357903E+00  1.635873532E+02  6.454866677E+00
           73     -6.184056852E+05  1.604347689E+01  2.172892472E+00 -2.602277976E+04  5.319408354E+00
           74      6.265386157E+03  3.251529267E+01  3.347097930E+00  2.473123374E+02  1.628393892E+01
           75     -2.789571380E+06  1.212369158E+02  2.578092469E+01 -1.181771310E+05  8.147513922E+02
           76      5.592720459E+04  9.938043000E+01  1.143825038E+01  2.187855827E+03  1.651041509E+02
           77      3.303861394E+05  4.941552636E+01  1.159845275E+01  1.374607550E+04  1.538747805E+02
           78      1.469615225E+03  1.352564571E+01  3.731637626E+00  4.269230077E+01  1.913710468E+01
           79      1.948720646E+04  1.477040078E+01  2.180900490E+00  8.080220409E+02  1.184044314E+01
           80      2.819635727E+03  2.081555930E+01  4.206935833E+00  9.336543030E+01  2.526181146E+01
           81     -1.655534000E+08  2.010450278E+03  2.889965072E+02 -7.057561195E+06  9.242629720E+04
           82      4.382719438E+04  8.969557400E+01  1.320907207E+01  1.642587145E+03  2.013032316E+02
           83      5.103911238E+03  2.741140529E+01  4.431256112E+00  1.849910312E+02  2.973986702E+01
           84     -2.848602643E+03  1.771738643E+01  2.599347634E+00 -1.378004101E+02  1.795447713E+01
           85      4.587519829E+03  2.184213244E+01  6.891333963E+00  1.252082164E+02  6.779714895E+01
           86      4.277884943E+03  2.449935070E+01  4.054087739E+00  1.557658365E+02  2.421262185E+01
           87     -4.742409291E+04  8.617953865E+01  1.762888401E+01 -2.361016172E+03  3.657976829E+02
           88      5.138333259E+04  1.232008513E+02  2.254693997E+01  1.564862303E+03  5.969286543E+02
           89      1.086225698E+07  5.632131346E+02  2.672995427E+01  4.562187097E+05  7.763452806E+02
           90      2.034276567E+03  1.916761744E+01  1.730078918E+00  7.319440388E+01  1.239133893E+01
           91     -6.567693983E+05  6.955884115E+01  1.187138435E+01 -2.779233158E+04  1.608395283E+02
           92      2.947123029E+04  6.849809727E+01  6.957896145E+00  1.162183572E+03  7.772508960E+01
           93      3.267756501E+04  4.243785812E+01  5.162023241E+00  1.328476653E+03  4.632838525E+01
           94      4.387141341E+04  8.810930025E+01  2.029630538E+01  1.378276705E+03  4.674740478E+02
           95     -2.936280647E+04  3.955024132E+01  9.294465447E+00 -1.339835741E+03  1.044886685E+02
           96      1.475207021E+04  4.313770227E+01  9.098639971E+00  5.262170435E+02  9.442958200E+01
           97      1.598474861E+05  5.108007248E+01  1.184502498E+01  6.566255447E+03  1.588211996E+02
           98      5.302781076E+03  3.086577515E+01  1.923855735E+00  2.134585116E+02  9.639205068E+00
           99      1.586523201E+04  1.053474844E+02  2.308452264E+01  5.347841453E+01  6.140009676E+02
          100     -6.743998717E+03  1.110069046E+02  1.744255760E+01 -6.333777098E+02  3.496453260E+02
          101      1.237153179E+04  1.166590472E+02  1.612256984E+01  2.195294563E+02  3.009635559E+02
          102     -1.188245741E+06  3.886060642E+02  4.524201410E+01 -5.231512591E+04  2.323450254E+03
          103      1.313842202E+05  2.535677794E+02  1.224632803E+01  5.367679424E+03  1.598954689E+02
          104      4.273799868E+03  2.552712530E+01  2.833719452E+00  1.689914696E+02  1.081512218E+01
          105      3.361447400E+04  3.465515520E+01  3.809350083E+00  1.395185604E+03  1.903691232E+01
          106      1.158414156E+03  4.363751095E+01  5.023513978E+00  1.676326664E+01  3.197333960E+01
          107     -1.123799838E+03  4.132201901E+01  4.660072218E+00 -7.520069607E+01  2.792037763E+01
          108      6.949610029E+03  3.708060404E+01  2.920381598E+00  2.799325427E+02  1.245028573E+01
          109      1.216062615E+05  6.350296862E+01  4.922956348E+00  5.086607524E+03  2.959072798E+01
          110      2.988545260E+04  6.077304061E+01  1.454734437E+01  1.020103887E+03  2.372318655E+02
          111     -1.637233550E+05  5.930425129E+01  6.319026497E+00 -6.934104721E+03  4.596316742E+01
          112      5.260449345E+04  1.146680200E+02  1.124586790E+01  2.058619366E+03  1.545480665E+02
          113      6.685001678E+04  1.732585810E+02  1.493278697E+01  2.557756137E+03  2.547465651E+02
          114     -4.423061727E+04  1.360521088E+02  9.547445062E+00 -1.971090941E+03  1.102278239E+02
          115      7.452743294E+08  8.652693969E+03  9.831093209E+02  3.027138242E+07  1.083674262E+06
          116      1.040450366E+04  4.305229131E+01  2.377523171E+00  4.297593509E+02  7.977183477E+00
          117      7.087344868E+04  1.082081840E+02  2.659747829E+01  2.190434191E+03  7.913416637E+02
          118      3.468343364E+05  2.420817692E+02  3.702715932E+01  1.294181150E+04  1.650144571E+03
          119     -3.159611360E+04  1.167149405E+02  1.590777581E+01 -1.607555566E+03  2.782491704E+02
          120     -2.979779615E+05  1.493899430E+02  1.177725665E+01 -1.271318346E+04  1.767046079E+02
          121      6.891323565E+04  1.866082998E+02  1.303460494E+01  2.717852626E+03  1.814534751E+02
          122      3.081111430E+04  6.489235996E+01  1.156266277E+01  1.133878510E+03  1.624015269E+02
          123      9.093647527E+04  4.975121280E+01  8.118500475E+00  3.750165290E+03  7.569885636E+01
          124      1.990312128E+04  5.635700927E+01  1.106311332E+01  6.958177930E+02  1.415429898E+02
          125     -2.593830574E+04  5.377606176E+01  7.969876621E+00 -1.163516880E+03  7.224482858E+01
          126      2.416905419E+04  7.544223202E+01  6.313192846E+00  9.735271400E+02  4.330925729E+01
          127      2.592479666E+04  4.106006136E+01  5.178333342E+00  1.056954967E+03  3.374873299E+01
          128      1.021841890E+04  3.907026384E+01  5.271663279E+00  3.934244614E+02  3.648314601E+01
          129      3.693505866E+04  1.337560871E+02  1.275219581E+01  1.374533380E+03  1.793922182E+02
          130     -3.055405267E+04  1.108420863E+02  9.889459735E+00 -1.393962154E+03  1.084971710E+02
          131      2.121125727E+05  1.643978975E+02  6.635545068E+00  8.873088035E+03  5.087657256E+01
          132      8.099959942E+04  1.096167330E+02  2.241250746E+01  2.828386118E+03  5.794154538E+02
          133     -8.698620334E+04  4.800605452E+01  7.738531913E+00 -3.730224532E+03  7.055556350E+01
          134      2.855220409E+04  7.988374140E+01  1.200635151E+01  1.025257888E+03  1.759856575E+02
          135      5.872390529E+05  3.033504401E+02  3.686730888E+01  2.316143589E+04  1.544787130E+03
          136     -8.365132355E+04  7.696720976E+01  7.435263362E+00 -3.589906721E+03  7.054225592E+01
          137      2.250435813E+05  8.389515556E+01  6.864500414E+00  9.414660698E+03  5.333513899E+01
          138      6.719505783E+04  1.042084827E+02  1.780490404E+01  2.467273186E+03  3.597460258E+02
          139     -4.455268572E+04  6.366765419E+01  8.010643117E+00 -1.949178343E+03  7.476521649E+01
          140      9.768126056E+04  1.567397854E+02  2.526091088E+01  3.379034503E+03  7.305951201E+02
          141     -9.420997100E+03  5.757514159E+01  5.664726431E+00 -4.368011867E+02  4.044257560E+01
          142      1.677977320E+04  8.041140394E+01  6.065520264E+00  6.569288125E+02  4.902699355E+01
          143      1.749103658E+04  5.285642264E+01  4.240274104E+00  7.135141309E+02  2.236582846E+01
          144      3.234117076E+04  6.201448820E+01  1.877457176E+01  9.526950031E+02  4.079573129E+02
          145     -4.448154828E+04  5.988244790E+01  5.860204063E+00 -1.912206837E+03  4.078659291E+01
          146      7.901017177E+04  1.327618114E+02  7.901241861E+00  3.254226590E+03  6.987611454E+01
          147      8.439425980E+04  6.497276346E+01  7.727936099E+00  3.481378472E+03  6.924268223E+01
          148      4.895488659E+03  2.908427277E+01  3.673495555E+00  1.877096646E+02  1.825251384E+01
          149      1.611745264E+05  1.277402597E+02  7.134204609E+00  6.723022008E+03  5.788565482E+01
          150     -3.905563515E+04  3.471868825E+01  7.093535214E+00 -1.701057982E+03  5.791584615E+01
          151      1.665271470E+05  1.300193900E+02  3.074447049E+01  5.923505413E+03  1.082596809E+03
          152      1.428835152E+04  5.033250298E+01  7.614589180E+00  5.359155593E+02  6.522157115E+01
          153     -7.730893069E+04  5.911508273E+01  3.744223814E+00 -3.268090880E+03  1.556250470E+01
          154      9.038514334E+05  4.176179088E+02  4.599252052E+01  3.525105708E+04  2.775628942E+03
          155     -2.070028797E+05  1.200887401E+02  2.197013313E+01 -9.301136049E+03  5.921455867E+02
          156      4.758096017E+06  8.181163893E+02  1.952472445E+02  1.551466077E+05  4.503521046E+04
          157      6.268820933E+04  8.106985594E+01  6.304579465E+00  2.592320942E+03  4.508689477E+01
          158      3.755322082E+04  6.939176603E+01  1.430943496E+01  1.340306177E+03  2.396266356E+02
          159      1.989173430E+04  5.195290564E+01  1.368957920E+01  6.214387954E+02  2.154429164E+02
          160     -1.255201391E+04  3.686180768E+01  6.803800030E+00 -5.834902163E+02  5.540399068E+01
          161      2.597955527E+04  6.074535821E+01  3.589941225E+00  1.073542501E+03  1.946499424E+01
          162      1.947241260E+04  5.610178213E+01  6.338485119E+00  7.702311839E+02  4.900889553E+01
          163     -1.780013880E+04  4.905662441E+01  1.690928651E+01 -1.078549646E+03  3.296651898E+02
          164      1.289992134E+05  1.646883377E+02  4.166764402E+01  3.431711715E+03  1.995521571E+03
          165      2.746223138E+04  5.990971931E+01  1.180699979E+01  9.940800538E+02  1.613063421E+02
          166     -2.883544003E+04  7.519534714E+01  2.392050417E+01 -1.870952626E+03  6.577928257E+02
          167      2.080424363E+04  8.353579223E+01  2.308384841E+01  2.626347839E+02  6.126378673E+02
          168      7.695818724E+03  3.496324191E+01  4.822301148E+00  2.925696160E+02  3.120757954E+01
          169      7.771687225E+04  1.066127744E+02  1.119005913E+01  3.042852850E+03  2.268383744E+02
          170      4.982292462E+07  2.956108163E+03  3.917157159E+02  1.919731364E+06  1.764103701E+05
          171     -1.147453620E+05  1.144726840E+02  1.298577820E+01 -5.112639982E+03  2.850923418E+02
          172      9.402087523E+03  3.791147316E+01  6.106691188E+00  3.456923381E+02  4.987071240E+01
          173      6.179368033E+04  7.777171645E+01  6.671603743E+00  2.547226107E+03  5.254725606E+01
          174     -1.447017066E+04  7.431560499E+01  7.217132244E+00 -6.762114181E+02  6.742482338E+01
          175      2.365057049E+04  9.686708467E+01  6.603915931E+00  9.351691777E+02  5.985366013E+01
          176      2.570405883E+04  8.080690556E+01  1.475020113E+01  8.268029264E+02  2.546139287E+02
          177     -2.212385740E+04  3.276296736E+01  3.984476145E+00 -9.519415313E+02  2.115031048E+01
          178      1.994869226E+07  1.751447408E+03  3.055546954E+02  7.297636406E+05  1.095143970E+05
          179      2.532008261E+04  4.038139752E+01  9.441178378E+00  9.591697812E+02  1.060924910E+02
          180     -5.930954506E+03  6.707747271E+01  7.275784774E+00 -3.102984329E+02  6.077230896E+01
          181      6.179204688E+03  7.397836131E+01  8.467824603E+00  1.785312616E+02  8.143920241E+01
          182      2.103480860E+04  4.707395614E+01  1.353263740E+01  6.627448969E+02  2.222280451E+02
          183      4.378010924E+04  4.364443264E+01  5.290174388E+00  1.804635753E+03  3.727366507E+01
          184      1.265467674E+04  7.069368662E+01  8.664174751E+00  4.410329948E+02  9.137244400E+01
          185     -1.158192764E+04  5.500841300E+01  6.277824137E+00 -5.377908081E+02  5.051788936E+01
          186      1.637795561E+04  5.664788706E+01  3.982460744E+00  6.622194015E+02  2.683120211E+01
          187      2.848852263E+04  4.498360717E+01  6.011753905E+00  1.155137529E+03  4.342682035E+01
          188      4.049733483E+04  9.067728745E+01  1.126235121E+01  1.541920899E+03  1.618761851E+02
          189     -2.968904630E+03  8.207182531E+01  9.956709157E+00 -2.411863763E+02  1.162791183E+02
          190      2.609752212E+03  8.543710551E+01  1.067318463E+01 -2.333008837E+01  1.331271460E+02
          191     -8.912725017E+03  6.435056709E+01  9.216512779E+00 -4.757710738E+02  1.007964006E+02
          192      2.270378221E+04  5.768649066E+01  5.354293794E+00  9.083857102E+02  4.680400990E+01
          193      1.189158795E+04  3.617933475E+01  4.709948106E+00  4.655561275E+02  3.474476758E+01
          194      9.131910202E+05  3.589693213E+02  7.218792738E+01  3.247432867E+04  5.945290885E+03
          195     -5.873257331E+04  3.482034911E+01  4.228489818E+00 -2.500349989E+03  2.936300816E+01
          196      3.783337714E+04  6.967989436E+01  4.569869864E+00  1.558281997E+03  3.343750572E+01
          197      1.317681946E+04  4.749614740E+01  1.309141780E+01  3.585832158E+02  1.957897243E+02
          198      1.450186975E+05  1.272112002E+02  2.534625032E+01  5.305780805E+03  7.954215331E+02
          199     -4.678606750E+03  5.179265858E+01  4.429921073E+00 -2.211423587E+02  2.430479964E+01
      No convergence for perturbation no:    1. Increase Iter.


++    Molecular properties:
      ---------------------

      Charge (e):
                      =   10.0000
      Dipole Moment (debye):
      Origin of the operator (angstrom)=    0.0104    0.0000    0.0288
                   X= -3.4064E+00               Y= -3.1660E-04               Z= -1.2185E+00           Total=  3.6177E+00
      Center of Charge (angstrom)
                     X=   -0.07081510               Y=   -0.00000659               Z=   -0.02507914
      Quadrupole Moment (debye*angstrom):
      Origin of the operator (angstrom)=    0.0104    0.0000    0.0288
                  XX=  7.1268E+01              XY=  1.9266E-04              XZ=  4.7579E+00              YY=  4.8965E+01
                  YZ= -5.6862E-04              ZZ=  3.2800E+00
      In traceless form (debye*angstrom)
                  XX=  4.5146E+01              XY=  2.8899E-04              XZ=  7.1368E+00              YY=  1.1690E+01
                  YZ= -8.5294E-04              ZZ= -5.6836E+01
--

 ###############################################################################
 ###############################################################################
 ###                                                                         ###
 ###                                                                         ###
 ###    WARNING: RunFile label nBas                                          ###
 ###    was used       61 times                                              ###
 ###                                                                         ###
 ###                                                                         ###
 ###############################################################################
 ###############################################################################
--- Stop Module: mclr at Wed Sep 23 10:08:45 2026 /rc=_RC_NOT_CONVERGED_ ---
*** files: xmldump
    saved to directory /Users/lucas/Development/Honors/OpenMolcas/build/CALCULATIONS/B-C6H6_A_ex_st/dynamix/./output
--- Module mclr spent 16 seconds ---

.#######################.
.# Convergence problem #.
.#######################.

    Timing: Wall=104.88 User=100.10 System=3.98
