   This run of MOLCAS is using the pymolcas driver

                             OPE
                             OPE          NMOL  CASOP  ENMOLC A   SO
                 OPE        NMOLC        AS  OP EN  MO LC     AS  OP
                OPENM       OL CA        SO  PE NM  OL CA     SOP EN
                OP EN      MO   LC       AS  OP ENMOL  CASO   PENMOL
                OP  EN     MO   LC       AS  OP EN     MO     LC ASO
               OP   E  NMOL  C  AS       OP  EN MO     LC     AS  OP
               OP  E   NMO   LC AS        OPEN  MO     LCASOP EN   M
               O  PEN   MO  LCA  SO
            OPE   NMO   L   CAS    OP
        OPENMOL  CASOP     ENMOL   CASOPE
     OPENMOLCA   SOPENMOLCASOPEN   MOLCASOPE
    OPENMOLCAS   OP           EN   MOL    CAS
    OPENMOLCAS       OP  ENM        O     LCA
    OPENMOLCAS    OPEN  MOLCASO     P  E  NMO
    OPENMOLCAS     OP               E  N  MOL
    OPENMOLCA   SO           PENM   O  L  CAS    OPEN    MO    LCAS
    OPENMOLCA   SOP           ENM   O  L  CAS   OP  EN  MOLC  AS   O
    OPENMOLCA   SOPE           NM      O  LCA   S      OP  EN MO
    OPENMOLC                AS         O  PEN   M      OL  CA  SOPE
    OPENMO        LCASOPE  NMOL        C  ASO   P      ENMOLC     AS
    OPE     NMO      LCA  SO     P     E   NM   OL  CA SO  PE N   MO
          OPENMOLCA            SOPE   NMO        LCAS  O    P  ENMO
     OPENMOLCASOPENMOLCASOPENMOLCASOPENMOLCA
        OPENMOLCASOPENMOLCASOPENMOLCASOPE
            OPENMOLCASOPENMOLCASOPENM
               OPENMOLCASOPENMOLCA        version: 26.06
                   OPENMOLCASO
                       OPE                tag: 1255-g02e1240ae

 OpenMolcas is free software; you can redistribute it and/or modify it
 under the terms of the GNU Lesser General Public License version 2.1.
 OpenMolcas is distributed in the hope that it will be useful, but it
 is provided "as is" and without any express or implied warranties.
 For more details see the full text of the license in the file
 LICENSE or in <http://www.gnu.org/licenses/>.

                 Copyright (C) The OpenMolcas Authors
           For the author list and the recommended citation,
                   consult the file CONTRIBUTORS.md

           *************************************************
           * pymolcas version py2.32                       *
           *   build 5fe1e42a8a423461f97be6f8128d9c45      *
           *   (after the EMIL interpreter by V. Veryazov) *
           *************************************************

configuration info
------------------
Host name: MacBook-Air-11.local (macOS)
C Compiler ID: AppleClang
C flags: -std=gnu99
Fortran Compiler ID: GNU
Fortran flags: -cpp -fdefault-integer-8 -fmax-stack-var-size=1048576
Definitions: _MOLCAS_;_I8_;_LINUX_;_DARWIN_;_DARWIN_C_SOURCE
Parallel: OFF (GA=OFF)


   ------------------------------------------------------------------------------------------------------------
  |
  |              Project: B-C6H6_A
  |       Submitted from: /Users/lucas/Development/Honors/OpenMolcas/build/CALCULATIONS/B-C6H6_A_ex_st
  |         Scratch area: /var/folders/rj/9xhw_kt55gn7mmtx7w55qws80000gn/T/B-C6H6_A
  |      Save outputs to: /Users/lucas/Development/Honors/OpenMolcas/build/CALCULATIONS/B-C6H6_A_ex_st/./output
  |               Molcas: /Users/lucas/Development/Honors/OpenMolcas/build
  |
  | Scratch area is NOT empty
  |
  |       MOLCAS_DRIVER = /Users/lucas/Development/Honors/OpenMolcas/build/pymolcas
  | MOLCAS_NEW_DEFAULTS = YES
  |       MOLCAS_NPROCS = 1
  |       MOLCAS_SOURCE = /Users/lucas/Development/Honors/OpenMolcas/OpenMolcas
  |    MOLCAS_STRUCTURE = 0
  |         MOLCAS_TRAP = YES
  |
   ------------------------------------------------------------------------------------------------------------

++ ---------   Input file   ---------

&GATEWAY
        Coord = B-C6H6_A.xyz
        Basis = ANO-R1
        Group = NoSym
        RICD

&SEWARD

&RASSCF
  Charge = 0
  Spin = 2
  NActEl = 5 0 0
  RAS2 = 6
  CIRoot = 3 3 1

&GRID_IT
  ALL

-- ----------------------------------

--- Start Module: gateway at Mon Sep 21 18:04:24 2026 ---

()()()()()()()()()()()()()()()()()()()()()()()()()()()()()()()()()()()()()()()()()()()()()()()()()()

                                              &GATEWAY

                                   only a single process is used
                       available to each process: 5.0 GB of memory, 1 thread?
                                             pid: 91094
()()()()()()()()()()()()()()()()()()()()()()()()()()()()()()()()()()()()()()()()()()()()()()()()()()


++    Symmetry information:
      ---------------------

                    Character Table for C1 

                             E  
                    a        1  x, y, xy, Rz, z, xz, Ry, yz, Rx, I
--


++    Basis set information:
      ----------------------


      Basis set label: C.ANO-R...3S2P1D.

      Electronic valence basis set:
      ------------------
      Associated Effective Charge   6.000000 au
      Associated Actual Charge      6.000000 au
      Nuclear Model: Finite nucleus - Gaussian distribution
        Gaussian exponent, Xi/bohr**(-2):  6.80775E+08

      Shell  nPrim  nBasis  Cartesian Spherical Contaminant
         s      12       3        X                  
         p       7       2        X                  
         d       3       1                 X         


      Basis set label: H.ANO-R...2S1P.

      Electronic valence basis set:
      ------------------
      Associated Effective Charge   1.000000 au
      Associated Actual Charge      1.000000 au
      Nuclear Model: Finite nucleus - Gaussian distribution
        Gaussian exponent, Xi/bohr**(-2):  2.12482E+09

      Shell  nPrim  nBasis  Cartesian Spherical Contaminant
         s       7       2        X                  
         p       4       1        X                  


      Basis set label: B.ANO-R...3S2P1D.

      Electronic valence basis set:
      ------------------
      Associated Effective Charge   5.000000 au
      Associated Actual Charge      5.000000 au
      Nuclear Model: Finite nucleus - Gaussian distribution
        Gaussian exponent, Xi/bohr**(-2):  7.11787E+08

      Shell  nPrim  nBasis  Cartesian Spherical Contaminant
         s      12       3        X                  
         p       7       2        X                  
         d       3       1                 X         
--


++    Molecular structure info:
      -------------------------

                    ************************************************ 
                    **** Cartesian Coordinates / bohr, angstrom **** 
                    ************************************************ 

     Center  Label                x              y              z                     x              y              z
        1      C1              -0.082299       2.287914       0.562116             -0.043551       1.210712       0.297459
        2      C2              -2.542566       1.256003      -0.359364             -1.345468       0.664648      -0.190167
        3      C3              -2.542600      -1.255957      -0.359297             -1.345486      -0.664624      -0.190132
        4      C4              -0.082313      -2.287935       0.562065             -0.043558      -1.210723       0.297432
        5      C5               2.140778      -1.297524      -0.860203              1.132851      -0.686620      -0.455200
        6      C6               2.140852       1.297480      -0.860177              1.132890       0.686597      -0.455186
        7      H7               0.040291       4.258768       1.091910              0.021321       2.253643       0.577814
        8      H8              -4.038630       2.452793      -1.071494             -2.137151       1.297962      -0.567010
        9      H9              -4.038685      -2.452745      -1.071388             -2.137180      -1.297937      -0.566954
       10      H10              0.040202      -4.258776       1.091920              0.021274      -2.253647       0.577819
       11      H11              3.757199      -2.431010      -1.386022              1.988224      -1.286435      -0.733451
       12      H12              3.757203       2.430936      -1.386226              1.988226       1.286396      -0.733559
       13      B13              1.258263       0.000028       2.124094              0.665844       0.000015       1.124022

                    *************************************** 
                    *    InterNuclear Distances / bohr    * 
                    *************************************** 

               1 C1            2 C2            3 C3            4 C4            5 C5            6 C6    
    1 C1       0.000000
    2 C2       2.822566        0.000000
    3 C3       4.411474        2.511960        0.000000
    4 C4       4.575849        4.411504        2.822570        0.000000
    5 C5       4.452014        5.357709        4.710272        2.818846        0.000000
    6 C6       2.818914        4.710301        5.357765        4.452015        2.595004        0.000000
    7 H7       2.044499        4.218287        6.260154        6.569253        6.252613        4.122163
    8 H8       4.283505        2.043928        4.062038        6.387132        7.231501        6.290103
    9 H9       6.387110        4.062039        2.043929        4.283481        6.290064        7.231561
   10 H10      6.569235        6.260167        4.218272        2.044497        4.122162        6.252631
   11 H11      6.387897        7.371236        6.490175        4.307825        2.043059        4.097649
   12 H12      4.307931        6.490146        7.371247        6.387915        4.097675        2.043047
   13 B13      3.077548        4.710768        4.710763        3.077637        3.371721        3.371679

               7 H7            8 H8            9 H9           10 H10          11 H11          12 H12   
    7 H7       0.000000
    8 H8       4.957768        0.000000
    9 H9       8.146307        4.905538        0.000000
   10 H10      8.517544        8.146311        4.957717        0.000000
   11 H11      8.044170        9.204640        7.802261        4.826695        0.000000
   12 H12      4.826755        7.802214        9.204636        8.044224        4.861946        0.000000
   13 B13      4.548156        6.654691        6.654687        4.548238        4.947276        4.947358

              13 B13   
   13 B13      0.000000

                    ******************************************* 
                    *    InterNuclear Distances / angstrom    * 
                    ******************************************* 

               1 C1            2 C2            3 C3            4 C4            5 C5            6 C6    
    1 C1       0.000000
    2 C2       1.493637        0.000000
    3 C3       2.334452        1.329272        0.000000
    4 C4       2.421435        2.334468        1.493640        0.000000
    5 C5       2.355904        2.835178        2.492569        1.491669        0.000000
    6 C6       1.491705        2.492584        2.835207        2.355905        1.373217        0.000000
    7 H7       1.081902        2.232221        3.312731        3.476299        3.308740        2.181355
    8 H8       2.266733        1.081600        2.149538        3.379925        3.826745        3.328579
    9 H9       3.379913        2.149539        1.081600        2.266721        3.328558        3.826777
   10 H10      3.476289        3.312738        2.232213        1.081901        2.181354        3.308750
   11 H11      3.380330        3.900690        3.434453        2.279603        1.081140        2.168383
   12 H12      2.279659        3.434438        3.900696        3.380339        2.168396        1.081134
   13 B13      1.628568        2.492831        2.492829        1.628616        1.784238        1.784215

               7 H7            8 H8            9 H9           10 H10          11 H11          12 H12   
    7 H7       0.000000
    8 H8       2.623538        0.000000
    9 H9       4.310840        2.595899        0.000000
   10 H10      4.507290        4.310842        2.623511        0.000000
   11 H11      4.256792        4.870886        4.128778        2.554177        0.000000
   12 H12      2.554209        4.128754        4.870884        4.256820        2.572831        0.000000
   13 B13      2.406780        3.521511        3.521509        2.406824        2.617986        2.618029

              13 B13   
   13 B13      0.000000

                    ************************************** 
                    *    Valence Bond Angles / degree    * 
                    ************************************** 
                          Atom centers                 Phi
                      2 C2       1 C1       6 C6       113.22
                      2 C2       1 C1       7 H7       119.29
                      6 C6       1 C1       7 H7       114.97
                      1 C1       2 C2       3 C3       111.44
                      1 C1       2 C2       8 H8       122.53
                      3 C3       2 C2       8 H8       125.84
                      2 C2       3 C3       4 C4       111.45
                      2 C2       3 C3       9 H9       125.84
                      4 C4       3 C3       9 H9       122.52
                      3 C3       4 C4       5 C5       113.22
                      3 C3       4 C4      10 H10      119.29
                      5 C5       4 C4      10 H10      114.97
                      4 C4       5 C5       6 C6       110.57
                      4 C4       5 C5      11 H11      123.98
                      6 C6       5 C5      11 H11      123.70
                      1 C1       6 C6       5 C5       110.57
                      1 C1       6 C6      12 H12      123.98
                      5 C5       6 C6      12 H12      123.70

           ***************************************************************
           *              Valence Dihedral Angles / degree               *
           ***************************************************************
                    Atom centers                       Phi1     Phi2     Theta 
           6 C6       1 C1       2 C2       8 H8        113.22   122.53  -120.67
           7 H7       1 C1       2 C2       8 H8        119.29   122.53    19.45
           2 C2       1 C1       6 C6       5 C5        113.22   110.57   -54.13
           2 C2       1 C1       6 C6      12 H12       113.22   123.98   140.50
           7 H7       1 C1       6 C6      12 H12       114.97   123.98    -1.42
           3 C3       2 C2       1 C1       6 C6        111.44   113.22    54.60
           3 C3       2 C2       1 C1       7 H7        111.44   119.29  -165.28
           1 C1       2 C2       3 C3       4 C4        111.44   111.45    -0.00
           1 C1       2 C2       3 C3       9 H9        111.44   125.84  -175.08
           8 H8       2 C2       3 C3       9 H9        125.84   125.84     0.00
           4 C4       3 C3       2 C2       8 H8        111.45   125.84   175.08
           2 C2       3 C3       4 C4       5 C5        111.45   113.22   -54.60
           2 C2       3 C3       4 C4      10 H10       111.45   119.29   165.28
           9 H9       3 C3       4 C4      10 H10       122.52   119.29   -19.46
           5 C5       4 C4       3 C3       9 H9        113.22   122.52   120.67
           3 C3       4 C4       5 C5       6 C6        113.22   110.57    54.13
           3 C3       4 C4       5 C5      11 H11       113.22   123.98  -140.51
          10 H10      4 C4       5 C5      11 H11       114.97   123.98     1.41
           6 C6       5 C5       4 C4      10 H10       110.57   114.97  -163.95
           4 C4       5 C5       6 C6      12 H12       110.57   123.70   165.42
          11 H11      5 C5       6 C6      12 H12       123.70   123.70     0.01
           5 C5       6 C6       1 C1       7 H7        110.57   114.97   163.95
           1 C1       6 C6       5 C5       4 C4        110.57   110.57    -0.00
           1 C1       6 C6       5 C5      11 H11       110.57   123.70  -165.41
--


            Nuclear Potential Energy            257.70668174 au

--- Stop Module: gateway at Mon Sep 21 18:04:25 2026 /rc=_RC_ALL_IS_WELL_ ---
*** files: B-C6H6_A.RICDLib xmldump
    saved to directory /Users/lucas/Development/Honors/OpenMolcas/build/CALCULATIONS/B-C6H6_A_ex_st/./output

--- Start Module: seward at Mon Sep 21 18:04:25 2026 ---

()()()()()()()()()()()()()()()()()()()()()()()()()()()()()()()()()()()()()()()()()()()()()()()()()()

                                              &SEWARD

                                   only a single process is used
                       available to each process: 5.0 GB of memory, 1 thread?
                                             pid: 91095
()()()()()()()()()()()()()()()()()()()()()()()()()()()()()()()()()()()()()()()()()()()()()()()()()()

               SEWARD will generate:
                  Multipole Moment integrals up to order  2
                  Kinetic Energy integrals
                  Nuclear Attraction integrals (finite nuclei - Gaussian type)
                  One-Electron Hamiltonian integrals
                  Velocity integrals
                  Relativistic X2C integrals
                  Orbital angular momentum around (  0.0196   0.0000   0.0545 )
                  Velocity quadrupole around (  0.0196   0.0000   0.0545 )
                  Atomic mean-field integrals
                  RI decomposed two-electron repulsion integrals stored Cholesky style
                   - acCD auxiliary basis
                   - CD Threshold:   1.00E-04

                   Integrals are discarded if absolute value <: 1.00E-14
                   Integral cutoff threshold is set to       <: 1.00E-16

            Nuclear Potential Energy            257.70668174 au


      Basis set specifications :
      Symmetry species         a  
      Basis functions          128


      Input file to MOLDEN was generated!

 ###############################################################################
 ###############################################################################
 ###                                                                         ###
 ###                                                                         ###
 ###    WARNING: RunFile label nBas                                          ###
 ###    was used       52 times                                              ###
 ###                                                                         ###
 ###                                                                         ###
 ###############################################################################
 ###############################################################################
--- Stop Module: seward at Mon Sep 21 18:04:33 2026 /rc=_RC_ALL_IS_WELL_ ---
*** files: B-C6H6_A.GssOrb B-C6H6_A.guessorb.h5 B-C6H6_A.guessorb.molden xmldump
    saved to directory /Users/lucas/Development/Honors/OpenMolcas/build/CALCULATIONS/B-C6H6_A_ex_st/./output
--- Module seward spent 8 seconds ---

--- Start Module: rasscf at Mon Sep 21 18:04:33 2026 ---

()()()()()()()()()()()()()()()()()()()()()()()()()()()()()()()()()()()()()()()()()()()()()()()()()()

                                              &RASSCF

                                   only a single process is used
                       available to each process: 5.0 GB of memory, 1 thread?
                                             pid: 91098
()()()()()()()()()()()()()()()()()()()()()()()()()()()()()()()()()()()()()()()()()()()()()()()()()()


      Header of the ONEINT file:
      --------------------------
      
      Integrals generated by Gateway/Seward, Mon Sep 21 18:04:25 2026


      OrdInt status: non-squared


      Cartesian coordinates in angstrom:
      -----------------------------------------------------
      No.  Label        X            Y            Z        
      -----------------------------------------------------
       1   C1        -0.04355100   1.21071200   0.29745900
       2   C2        -1.34546800   0.66464800  -0.19016700
       3   C3        -1.34548600  -0.66462400  -0.19013200
       4   C4        -0.04355800  -1.21072300   0.29743200
       5   C5         1.13285100  -0.68662000  -0.45520000
       6   C6         1.13289000   0.68659700  -0.45518600
       7   H7         0.02132100   2.25364300   0.57781400
       8   H8        -2.13715100   1.29796200  -0.56701000
       9   H9        -2.13718000  -1.29793700  -0.56695400
      10   H10        0.02127400  -2.25364700   0.57781900
      11   H11        1.98822400  -1.28643500  -0.73345100
      12   H12        1.98822600   1.28639600  -0.73355900
      13   B13        0.66584400   0.00001500   1.12402200
      -----------------------------------------------------
      Nuclear repulsion energy =  257.70668174

++    Wave function specifications:
      -----------------------------

      Number of closed shell electrons          42
      Number of electrons in active shells       5
      Max number of holes in RAS1 space          0
      Max nr of electrons in RAS3 space          0
      Number of inactive orbitals               21
      Number of active orbitals                  6
      Number of secondary orbitals             101
      Spin quantum number                      0.5
      State symmetry                             1
--

++    Orbital specifications:
      -----------------------

      Symmetry species                           1
                                                 a
      Frozen orbitals                            0
      Inactive orbitals                         21
      Active orbitals                            6
      RAS1 orbitals                              0
      RAS2 orbitals                              6
      RAS3 orbitals                              0
      Secondary orbitals                       101
      Deleted orbitals                           0
      Number of basis functions                128
--

++    CI expansion specifications:
      ----------------------------

      Number of CSFs                           210
      Number of determinants                   300
      Number of root(s) required                 3
      Root chosen for geometry opt.              3
      CI roots used                              1     2     3
      weights                                0.333 0.333 0.333
      highest root included in the CI            3
      max. size of the explicit Hamiltonian    200
--

++    Optimization specifications:
      ----------------------------

      RASSCF algorithm: LK RI/DF
      Maximum number of macro iterations       200
      Maximum number of SX iterations          100
      Threshold for RASSCF energy            1.000E-08
      Threshold for max MO rotation          1.000E-01
      Threshold for max BLB element          1.000E-04
      Level shift parameter                  5.000E-01
      Make Quasi-Newton update
--

      Orbitals from runfile: guessorb orbitals
      The MO-coefficients are taken from guessorb on runfile

      Total molecular charge    0.00

      ************************************************************************************************************************
      *                                                                                                                      *
      *                                            Wave function control section                                             *
      *                                                                                                                      *
      ************************************************************************************************************************


                                         RASSCF iterations: Energy and convergence statistics
                                         ----------------------------------------------------

      Iter CI   SX   CI       RASSCF       Energy    max ROT     max BLB   max BLB  Level Ln srch  Step   QN   Walltime
          iter iter root      energy       change     param      element    value   shift minimum  type update hh:mm:ss
 Nr of preliminary CI iterations:   1
        1   1  101    0  -254.70658359    0.00E+00  -1.43E-01*  10  38 1  1.99E-01*  0.20   0.00    SX    NO    0:00:01
        2   3  101    0  -255.21557445   -5.09E-01*  1.66E-01*  13  74 1  6.07E-02*  0.21   0.00    SX    NO    0:00:00
        3   1   51    0  -255.28767002   -7.21E-02*  1.10E-01*  11  31 1 -2.62E-02*  0.21   0.00    SX    NO    0:00:00
        4   3   43    0  -255.30133042   -1.37E-02* -8.34E-02   14  41 1  9.40E-03*  0.21   0.00    SX    NO    0:00:00
        5   3   28    0  -255.30457655   -3.25E-03* -7.37E-02   19  25 1  5.87E-03*  0.20   2.16    LS   YES    0:00:00
        6   3   28    0  -255.30583769   -1.26E-03* -5.79E-02   19  25 1  3.45E-03*  0.20   1.32    QN   YES    0:00:00
        7   3   27    0  -255.30660131   -7.64E-04*  1.04E-01*  22  32 1 -2.49E-03*  0.20   2.48    QN   YES    0:00:00
        8   3   26    0  -255.30781458   -1.21E-03*  1.09E-01*  22  32 1 -3.40E-03*  0.20   1.93    QN   YES    0:00:00
        9   3   27    0  -255.30900210   -1.19E-03* -8.00E-02   20  27 1  3.89E-03*  0.20   1.56    QN   YES    0:00:00
       10   3   26    0  -255.31007823   -1.08E-03* -9.50E-02   19  25 1 -5.53E-03*  0.20   1.79    QN   YES    0:00:00
       11   3   26    0  -255.31154229   -1.46E-03* -9.43E-02   19  25 1 -6.40E-03*  0.20   1.83    QN   YES    0:00:00
       12   3   22    0  -255.31343282   -1.89E-03* -8.32E-02   19  25 1 -5.58E-03*  0.20   1.91    QN   YES    0:00:00
       13   3   22    0  -255.31553123   -2.10E-03* -6.87E-02   22  35 1 -4.81E-03*  0.20   1.81    QN   YES    0:00:00
       14   3   23    0  -255.31711952   -1.59E-03* -4.48E-02   14  41 1  4.02E-03*  0.20   1.64    QN   YES    0:00:00
       15   3   23    0  -255.31798354   -8.64E-04*  2.22E-02   14  41 1  2.71E-03*  0.20   1.69    QN   YES    0:00:00
       16   3   21    0  -255.31846849   -4.85E-04*  1.80E-02   19  25 1  1.60E-03*  0.20   1.68    QN   YES    0:00:00
       17   3   21    0  -255.31874156   -2.73E-04* -2.16E-02   18  26 1 -1.21E-03*  0.20   1.67    QN   YES    0:00:00
       18   3   20    0  -255.31891620   -1.75E-04*  2.95E-02   14  41 1 -1.12E-03*  0.20   1.75    QN   YES    0:00:00
       19   3   20    0  -255.31907113   -1.55E-04*  4.99E-02   14  23 1 -1.04E-03*  0.20   1.99    QN   YES    0:00:00
       20   4   20    0  -255.31928258   -2.11E-04*  8.91E-02   14  23 1 -1.64E-03*  0.20   2.05    QN   YES    0:00:00
       21   4   21    0  -255.31961745   -3.35E-04*  9.45E-02   14  23 1 -2.59E-03*  0.19   1.47    QN   YES    0:00:00
       22   4   27    0  -255.31999562   -3.78E-04*  7.83E-02   14  23 1 -3.22E-03*  0.19   1.35    QN   YES    0:00:00
       23   4   27    0  -255.32058512   -5.89E-04*  9.09E-02   18  26 1  3.33E-03*  0.19   1.82    QN   YES    0:00:00
       24   4   27    0  -255.32166368   -1.08E-03*  7.32E-02   14  25 1 -4.47E-03*  0.18   1.61    QN   YES    0:00:00
       25   3   27    0  -255.32288316   -1.22E-03* -4.14E-02   14  25 1 -5.42E-03*  0.17   1.62    QN   YES    0:00:00
       26   3   28    0  -255.32402134   -1.14E-03*  3.69E-02   14  25 1 -4.22E-03*  0.17   1.68    QN   YES    0:00:00
       27   3   27    0  -255.32477596   -7.55E-04*  6.24E-02   14  25 1 -2.37E-03*  0.17   1.50    QN   YES    0:00:00
       28   3   25    0  -255.32509907   -3.23E-04* -3.53E-02   22  41 1  2.84E-03*  0.17   0.78    QN   YES    0:00:00
       29   3   26    0  -255.32543852   -3.39E-04*  9.17E-03   18  26 1 -1.27E-03*  0.17   1.12    QN   YES    0:00:00
       30   3   24    0  -255.32557637   -1.38E-04*  1.97E-02   20  24 1  5.51E-04*  0.17   1.80    QN   YES    0:00:00
       31   3   22    0  -255.32565736   -8.10E-05* -1.32E-02   17  39 1  6.34E-04*  0.17   1.26    QN   YES    0:00:00
       32   3   22    0  -255.32568450   -2.71E-05*  1.37E-02   18  26 1  4.76E-04*  0.17   1.71    QN   YES    0:00:00
       33   3   21    0  -255.32570215   -1.76E-05*  7.43E-03   20  24 1 -2.40E-04*  0.17   1.40    QN   YES    0:00:00
       34   3   20    0  -255.32570917   -7.03E-06* -4.95E-03   17  39 1 -2.28E-04*  0.17   1.46    QN   YES    0:00:00
       35   3   20    0  -255.32571287   -3.70E-06* -4.38E-03   18  26 1 -1.47E-04*  0.17   1.69    QN   YES    0:00:00
       36   3   19    0  -255.32571530   -2.43E-06* -2.87E-03   19  38 1  1.02E-04*  0.17   1.48    QN   YES    0:00:00
       37   3   18    0  -255.32571649   -1.19E-06*  1.93E-03   19  38 1  5.92E-05   0.17   1.51    QN   YES    0:00:00
       38   3   17    0  -255.32571718   -6.87E-07*  1.12E-03   22  41 1 -4.60E-05   0.17   1.43    QN   YES    0:00:00
       39   3   16    0  -255.32571752   -3.40E-07*  6.86E-04   19  26 1  3.46E-05   0.17   1.47    QN   YES    0:00:00
       40   3   15    0  -255.32571769   -1.69E-07*  4.70E-04   19  38 1 -2.49E-05   0.17   1.35    QN   YES    0:00:00
       41   3   14    0  -255.32571776   -7.14E-08* -3.94E-04   20  36 1 -1.33E-05   0.17   1.48    QN   YES    0:00:00
       42   3   14    0  -255.32571780   -3.44E-08* -2.54E-04   18  26 1 -1.07E-05   0.17   1.36    QN   YES    0:00:00
       43   3   13    0  -255.32571781   -1.65E-08* -2.36E-04   19  26 1 -7.04E-06   0.17   1.59    QN   YES    0:00:00
       44   3   12    0  -255.32571782   -1.06E-08*  1.73E-04   23  62 1  4.57E-06   0.17   1.56    QN   YES    0:00:00
       45   3   12    0  -255.32571783   -6.12E-09  -1.26E-04   18  26 1  4.85E-06   0.17   1.62    QN   YES    0:00:00
      Convergence after 45 iterations
       46   3   12    0  -255.32571783   -3.46E-09  -1.26E-04   18  26 1  3.22E-06   0.17   1.62    QN   YES    0:00:00

      ************************************************************************************************************************
                                                      Wave function printout:
                       occupation of active orbitals, and spin coupling of open shells (u,d: Spin up or down)
      ************************************************************************************************************************

      Note: transformation to natural orbitals
      has been made, which may change the order of the CSFs.

      printout of CI-coefficients larger than  0.05 for root  1
      energy=    -255.437795

      Occupation of active orbitals, and spin coupling of open shells. (u,d: Spin up or down).

         Conf Occupation    Coeff  Weight
            1   22u000    0.95920 0.92007
            2   2u2000    0.05605 0.00314
            3   u22000   -0.16582 0.02750
            4   220u00   -0.05433 0.00295
           52   20u020    0.08137 0.00662
           57   20u002    0.05501 0.00303
           61   udu020   -0.07820 0.00612
           70   02u020    0.07596 0.00577

      ************************************************************************************************************************

      printout of CI-coefficients larger than  0.05 for root  2
      energy=    -255.276385

      Occupation of active orbitals, and spin coupling of open shells. (u,d: Spin up or down).

         Conf Occupation    Coeff  Weight
            2   2u2000   -0.27669 0.07656
            5   2200u0   -0.86800 0.75343
           11   u2d0u0   -0.14289 0.02042
           14   2020u0    0.08778 0.00771
           20   0220u0    0.09255 0.00856
           23   2uu0d0    0.15788 0.02493
           26   u2u0d0   -0.14559 0.02120
           34   2u0020    0.06415 0.00412
           38   2u00ud    0.15542 0.02415
           47   u200ud   -0.09607 0.00923
           65   udu0ud   -0.09793 0.00959
          110   2000u2   -0.05954 0.00355

      ************************************************************************************************************************

      printout of CI-coefficients larger than  0.05 for root  3
      energy=    -255.262973

      Occupation of active orbitals, and spin coupling of open shells. (u,d: Spin up or down).

         Conf Occupation    Coeff  Weight
            1   22u000    0.05442 0.00296
            2   2u2000   -0.90079 0.81143
            3   u22000   -0.07629 0.00582
            5   2200u0    0.27349 0.07479
            6   22000u   -0.08679 0.00753
            8   2ud0u0   -0.09002 0.00810
            9   2ud00u    0.05891 0.00347
           11   u2d0u0    0.05836 0.00341
           12   u2d00u    0.07399 0.00547
           15   20200u    0.11730 0.01376
           17   ud20u0   -0.06496 0.00422
           20   0220u0   -0.05731 0.00328
           26   u2u0d0    0.06751 0.00456
           29   uu20d0   -0.06872 0.00472
           31   2u0200    0.05043 0.00254
           39   2u0002    0.08581 0.00736
           88   u02020    0.05285 0.00279
           97   0u2020   -0.08145 0.00663

      ************************************************************************************************************************

      Natural orbitals and occupation numbers for root  1
      sym 1:   1.942854   1.976013   0.999299   0.009640   0.050168   0.022027

      Natural orbitals and occupation numbers for root  2
      sym 1:   1.919001   1.809248   0.283383   0.007832   0.920660   0.059875

      Natural orbitals and occupation numbers for root  3
      sym 1:   1.937438   1.083520   1.772406   0.015486   0.148953   0.042196

      ************************************************************************************************************************
      *                                                                                                                      *
      *                                                    Final results                                                     *
      *                                                                                                                      *
      ************************************************************************************************************************


++    Final optimization conditions:
      ------------------------------

      Average CI energy                            -255.32571783
      RASSCF energy for state  3                   -255.26297284
      Super-CI energy                                -0.00000000
      RASSCF energy change                            0.00000000
      Max change in MO coefficients               1.659E-04
      Max non-diagonal density matrix element    -1.256E-04
      Maximum BLB matrix element                  3.219E-06
      (orbital pair  18,  26 in symmetry   1)
      Norm of electronic gradient            1.234E-01
--


      Final state energy(ies):
      ------------------------

::    RASSCF root number  1 Total energy:   -255.43779540
::    RASSCF root number  2 Total energy:   -255.27638525
::    RASSCF root number  3 Total energy:   -255.26297284

++    Molecular orbitals:
      -------------------

      Pseudonatural active orbitals and approximate occupation numbers




      Molecular orbitals for symmetry species 1: a  


      Orbital                 1         2         3         4         5         6         7         8         9        10
      Energy           -11.2615  -11.2595  -11.2519  -11.2362  -11.2304  -11.2257   -7.6079   -1.2020   -1.0455   -0.9943
      Occ. No.           2.0000    2.0000    2.0000    2.0000    2.0000    2.0000    2.0000    2.0000    2.0000    2.0000

     1 C1     1s         0.0350   -0.0171   -0.9987   -0.0028   -0.0164   -0.0001   -0.0003   -0.0312    0.0052   -0.0357
     2 C1     2s         0.0004    0.0002   -0.0010    0.0002   -0.0003    0.0002   -0.0006    0.2371   -0.0741    0.4015
     3 C1     3s        -0.0001    0.0002    0.0021    0.0000   -0.0002    0.0001   -0.0004   -0.0155   -0.0002   -0.0026
     4 C1     2px        0.0005   -0.0001    0.0000   -0.0005   -0.0009    0.0000   -0.0001    0.0154    0.0809    0.0119
     5 C1     3px        0.0001   -0.0001    0.0004   -0.0003   -0.0004    0.0000   -0.0003   -0.0143   -0.0459   -0.0139
     6 C1     2py       -0.0000   -0.0003   -0.0001   -0.0000    0.0004   -0.0002    0.0008   -0.0597    0.0164   -0.0147
     7 C1     3py        0.0002   -0.0002   -0.0004    0.0001    0.0004   -0.0002    0.0006    0.0140    0.0040   -0.0163
     8 C1     2pz       -0.0000   -0.0001    0.0001   -0.0001    0.0000    0.0000   -0.0005   -0.0485    0.0064   -0.0833
     9 C1     3pz       -0.0001   -0.0001   -0.0003   -0.0001    0.0001    0.0000    0.0002    0.0097    0.0020   -0.0124
    10 C1     3d2-      -0.0001   -0.0000    0.0001    0.0001    0.0001   -0.0000   -0.0001   -0.0047   -0.0122   -0.0025
    11 C1     3d1-       0.0000    0.0001   -0.0001    0.0000   -0.0000    0.0000   -0.0001    0.0050   -0.0018    0.0073
    12 C1     3d0        0.0000   -0.0000    0.0002    0.0000    0.0000    0.0000    0.0001   -0.0064    0.0032   -0.0092
    13 C1     3d1+      -0.0001    0.0000    0.0000    0.0000    0.0001    0.0000   -0.0001   -0.0028   -0.0076   -0.0036
    14 C1     3d2+       0.0001   -0.0000    0.0001    0.0001    0.0001    0.0000    0.0000    0.0043   -0.0018    0.0110
    15 C2     1s         0.0003   -0.0003   -0.0165    0.1497    0.9881   -0.0083    0.0001   -0.0252    0.0422   -0.0121
    16 C2     2s         0.0004   -0.0002   -0.0005    0.0010    0.0006   -0.0006    0.0003    0.1673   -0.3958    0.1592
    17 C2     3s         0.0002   -0.0001   -0.0001   -0.0000   -0.0020   -0.0002    0.0002   -0.0146    0.0091   -0.0006
    18 C2     2px        0.0004   -0.0002   -0.0005   -0.0003    0.0000   -0.0002    0.0002    0.0446   -0.0301    0.0394
    19 C2     3px        0.0002   -0.0001   -0.0001   -0.0002   -0.0002   -0.0001    0.0002   -0.0145   -0.0063   -0.0250
    20 C2     2py        0.0000   -0.0001   -0.0005   -0.0012    0.0005    0.0004   -0.0003   -0.0337    0.0877    0.0356
    21 C2     3py       -0.0000   -0.0001   -0.0002   -0.0005    0.0000    0.0003   -0.0003    0.0089   -0.0309   -0.0397
    22 C2     2pz        0.0000   -0.0000   -0.0001   -0.0001   -0.0000   -0.0001    0.0003    0.0123   -0.0166    0.0170
    23 C2     3pz        0.0001   -0.0000    0.0001   -0.0001   -0.0000   -0.0001    0.0001   -0.0050   -0.0044   -0.0049
    24 C2     3d2-      -0.0000   -0.0000   -0.0002    0.0000   -0.0002    0.0000    0.0000    0.0011   -0.0022    0.0087
    25 C2     3d1-       0.0000    0.0000   -0.0000    0.0000   -0.0001    0.0000    0.0000   -0.0006   -0.0018    0.0018
    26 C2     3d0       -0.0000   -0.0000   -0.0000   -0.0001   -0.0002    0.0000   -0.0000   -0.0073    0.0130   -0.0063
    27 C2     3d1+       0.0000   -0.0000   -0.0000   -0.0002    0.0001    0.0000   -0.0001    0.0025   -0.0054    0.0061
    28 C2     3d2+       0.0001   -0.0000   -0.0002   -0.0005    0.0000    0.0000    0.0001   -0.0009    0.0130    0.0052
    29 C3     1s        -0.0001    0.0001   -0.0005    0.9877   -0.1495    0.0347    0.0000   -0.0247    0.0417    0.0134
    30 C3     2s         0.0001    0.0003   -0.0005    0.0009    0.0009   -0.0004    0.0001    0.1648   -0.3921   -0.1689
    31 C3     3s         0.0001    0.0002   -0.0002   -0.0018    0.0006   -0.0001    0.0001   -0.0147    0.0101    0.0016
    32 C3     2px        0.0001    0.0003   -0.0001   -0.0001   -0.0003   -0.0004    0.0001    0.0402   -0.0279   -0.0391
    33 C3     3px        0.0001    0.0002   -0.0001   -0.0002   -0.0002   -0.0001    0.0002   -0.0142   -0.0063    0.0243
    34 C3     2py        0.0001   -0.0001   -0.0003   -0.0001    0.0013    0.0006    0.0001    0.0358   -0.0893    0.0294
    35 C3     3py        0.0001   -0.0000   -0.0002    0.0001    0.0005    0.0003    0.0001   -0.0093    0.0316   -0.0383
    36 C3     2pz       -0.0001    0.0001   -0.0002   -0.0000   -0.0001    0.0000    0.0004    0.0158   -0.0145   -0.0060
    37 C3     3pz        0.0000    0.0001   -0.0001   -0.0001   -0.0001    0.0001    0.0001   -0.0047   -0.0043    0.0067
    38 C3     3d2-       0.0000   -0.0000   -0.0000    0.0001   -0.0001    0.0002   -0.0000   -0.0003    0.0020    0.0077
    39 C3     3d1-      -0.0000    0.0000   -0.0000    0.0001   -0.0000    0.0000   -0.0000    0.0004    0.0017    0.0021
    40 C3     3d0       -0.0000   -0.0000    0.0000   -0.0002   -0.0001   -0.0000   -0.0000   -0.0068    0.0131    0.0065
    41 C3     3d1+      -0.0000    0.0000    0.0000    0.0001   -0.0002   -0.0000   -0.0000    0.0029   -0.0051   -0.0068
    42 C3     3d2+       0.0000    0.0001    0.0000   -0.0002   -0.0005   -0.0002    0.0001   -0.0011    0.0133   -0.0048
    43 C4     1s         0.0032    0.0100    0.0002    0.0329   -0.0132   -0.9990   -0.0003   -0.0308    0.0049    0.0369
    44 C4     2s         0.0003    0.0001    0.0001   -0.0002    0.0002   -0.0013    0.0001    0.2266   -0.0652   -0.3931
    45 C4     3s         0.0001   -0.0001    0.0001   -0.0003    0.0001    0.0020   -0.0002   -0.0148   -0.0000    0.0018
    46 C4     2px        0.0002    0.0005   -0.0000   -0.0010   -0.0002   -0.0001    0.0002    0.0140    0.0746   -0.0119
    47 C4     3px        0.0000    0.0002   -0.0000   -0.0005   -0.0001    0.0003   -0.0001   -0.0147   -0.0448    0.0138
    48 C4     2py        0.0001   -0.0002    0.0001   -0.0004    0.0001   -0.0001    0.0001    0.0663   -0.0143   -0.0294
    49 C4     3py        0.0001   -0.0002    0.0002   -0.0004    0.0001    0.0003   -0.0003   -0.0148   -0.0032   -0.0138
    50 C4     2pz       -0.0003   -0.0001    0.0000   -0.0000   -0.0001   -0.0001    0.0009   -0.0238    0.0089    0.0617
    51 C4     3pz       -0.0001    0.0000    0.0000    0.0001   -0.0001   -0.0005    0.0003    0.0094    0.0019    0.0127
    52 C4     3d2-       0.0001    0.0001    0.0000   -0.0002   -0.0001   -0.0001    0.0001    0.0046    0.0116   -0.0028
    53 C4     3d1-      -0.0001    0.0000   -0.0000   -0.0000   -0.0000    0.0000    0.0002   -0.0039    0.0018    0.0056
    54 C4     3d0        0.0000    0.0000    0.0000    0.0000   -0.0000    0.0001    0.0001   -0.0057    0.0030    0.0083
    55 C4     3d1+      -0.0001   -0.0001    0.0000    0.0001    0.0000    0.0000    0.0000   -0.0019   -0.0075    0.0023
    56 C4     3d2+       0.0000    0.0001    0.0000    0.0001    0.0000    0.0001   -0.0000    0.0041   -0.0018   -0.0098
    57 C5     1s         0.3422    0.9392   -0.0044   -0.0002    0.0002    0.0106   -0.0000   -0.0385   -0.0268    0.0179
    58 C5     2s         0.0011    0.0011   -0.0007    0.0006   -0.0000   -0.0001    0.0005    0.2939    0.2680   -0.2278
    59 C5     3s        -0.0005   -0.0019   -0.0002    0.0003    0.0000    0.0001   -0.0001   -0.0174   -0.0064    0.0001
    60 C5     2px        0.0004   -0.0001    0.0002   -0.0006    0.0001    0.0003   -0.0003   -0.0613   -0.0011    0.0548
    61 C5     3px        0.0002    0.0000    0.0001   -0.0004    0.0001   -0.0000    0.0002    0.0094   -0.0133   -0.0134
    62 C5     2py        0.0006   -0.0002   -0.0005   -0.0001    0.0001    0.0009   -0.0004    0.0658    0.0752    0.0486
    63 C5     3py       -0.0000   -0.0004   -0.0003   -0.0000    0.0001    0.0006   -0.0003   -0.0242   -0.0237   -0.0398
    64 C5     2pz       -0.0000    0.0001    0.0000    0.0002    0.0000    0.0001   -0.0011    0.0331    0.0121   -0.0395
    65 C5     3pz       -0.0004   -0.0006    0.0000    0.0002    0.0000    0.0002   -0.0003   -0.0151    0.0008    0.0148
    66 C5     3d2-      -0.0000   -0.0001    0.0000    0.0000    0.0000   -0.0001   -0.0000   -0.0002    0.0002   -0.0068
    67 C5     3d1-       0.0000    0.0001   -0.0000   -0.0000   -0.0000    0.0000   -0.0002    0.0025    0.0007    0.0033
    68 C5     3d0       -0.0001   -0.0002    0.0001   -0.0000   -0.0000   -0.0000   -0.0002   -0.0071   -0.0054    0.0020
    69 C5     3d1+       0.0001   -0.0002    0.0000   -0.0001   -0.0000   -0.0000    0.0001   -0.0116   -0.0070    0.0134
    70 C5     3d2+      -0.0003    0.0000    0.0000    0.0001   -0.0000   -0.0001    0.0001   -0.0076   -0.0130   -0.0064
    71 C6     1s         0.9386   -0.3419    0.0388    0.0002    0.0004   -0.0007   -0.0000   -0.0391   -0.0268   -0.0169
    72 C6     2s         0.0013    0.0001   -0.0004    0.0002    0.0006   -0.0008    0.0008    0.3052    0.2721    0.2301
    73 C6     3s        -0.0018    0.0008   -0.0001    0.0001    0.0003   -0.0003   -0.0000   -0.0168   -0.0059    0.0010
    74 C6     2px        0.0003    0.0003    0.0005   -0.0001   -0.0006    0.0002   -0.0007   -0.0701   -0.0018   -0.0631
    75 C6     3px        0.0003    0.0002    0.0000   -0.0001   -0.0005    0.0001    0.0002    0.0090   -0.0143    0.0133
    76 C6     2py       -0.0002   -0.0005   -0.0009   -0.0001    0.0001    0.0005    0.0005   -0.0607   -0.0743    0.0572
    77 C6     3py        0.0003   -0.0002   -0.0006   -0.0001    0.0000    0.0003    0.0003    0.0233    0.0233   -0.0410
    78 C6     2pz        0.0002   -0.0002    0.0001    0.0001    0.0002   -0.0000   -0.0014    0.0313    0.0134    0.0386
    79 C6     3pz       -0.0008    0.0001    0.0001    0.0001    0.0001   -0.0000   -0.0003   -0.0145    0.0014   -0.0132
    80 C6     3d2-       0.0001   -0.0001    0.0001   -0.0000   -0.0000   -0.0000   -0.0000   -0.0007   -0.0001   -0.0075
    81 C6     3d1-      -0.0001    0.0001   -0.0000    0.0000    0.0000    0.0000    0.0002   -0.0025   -0.0008    0.0041
    82 C6     3d0       -0.0002    0.0000   -0.0000   -0.0000   -0.0000    0.0001   -0.0003   -0.0079   -0.0055   -0.0025
    83 C6     3d1+      -0.0001    0.0002   -0.0000   -0.0000   -0.0001    0.0000    0.0001   -0.0120   -0.0071   -0.0133
    84 C6     3d2+      -0.0002   -0.0002   -0.0001    0.0000    0.0001    0.0000    0.0001   -0.0072   -0.0130    0.0067
    85 H7     1s        -0.0001    0.0003   -0.0006    0.0001   -0.0004    0.0001   -0.0002    0.0291   -0.0148    0.1347
    86 H7     2s        -0.0001    0.0001    0.0003    0.0000   -0.0001   -0.0000   -0.0001   -0.0241    0.0063   -0.0583
    87 H7     2px        0.0001   -0.0000   -0.0000    0.0000   -0.0000   -0.0000    0.0001    0.0017    0.0057    0.0003
    88 H7     2py       -0.0000   -0.0000    0.0002   -0.0000   -0.0000    0.0000   -0.0000   -0.0056    0.0016   -0.0171
    89 H7     2pz       -0.0000    0.0000    0.0001   -0.0000   -0.0000   -0.0000    0.0000   -0.0028    0.0005   -0.0055
    90 H8     1s         0.0001    0.0000    0.0002    0.0001    0.0006   -0.0002    0.0003    0.0162   -0.0836    0.0431
    91 H8     2s         0.0000   -0.0000    0.0001   -0.0001   -0.0002   -0.0000    0.0000   -0.0144    0.0443   -0.0211
    92 H8     2px       -0.0000    0.0000   -0.0000    0.0000    0.0001    0.0000    0.0000    0.0038   -0.0087    0.0081
    93 H8     2py       -0.0000    0.0000   -0.0000   -0.0001   -0.0001   -0.0000   -0.0000   -0.0024    0.0115    0.0011
    94 H8     2pz        0.0000   -0.0000   -0.0000   -0.0000    0.0000    0.0000   -0.0000    0.0015   -0.0038    0.0032
    95 H9     1s         0.0001    0.0001   -0.0002    0.0006   -0.0001    0.0003    0.0003    0.0174   -0.0823   -0.0477
    96 H9     2s         0.0000    0.0000   -0.0000   -0.0002   -0.0001    0.0001   -0.0000   -0.0145    0.0442    0.0234
    97 H9     2px       -0.0000   -0.0000    0.0000    0.0001   -0.0000   -0.0000    0.0000    0.0036   -0.0086   -0.0083
    98 H9     2py       -0.0000    0.0000   -0.0000    0.0001    0.0001    0.0000    0.0000    0.0025   -0.0115    0.0006
    99 H9     2pz        0.0000    0.0000    0.0000    0.0000   -0.0000   -0.0000    0.0000    0.0016   -0.0037   -0.0030
   100 H10    1s         0.0002   -0.0003    0.0001   -0.0003    0.0002   -0.0006   -0.0002    0.0225   -0.0124   -0.1267
   101 H10    2s         0.0000   -0.0001   -0.0000   -0.0001    0.0000    0.0003   -0.0001   -0.0223    0.0053    0.0546
   102 H10    2px        0.0000    0.0000   -0.0000    0.0000    0.0000   -0.0000    0.0001    0.0017    0.0056   -0.0004
   103 H10    2py        0.0000    0.0000   -0.0000    0.0000    0.0000   -0.0001    0.0000    0.0053   -0.0013   -0.0163
   104 H10    2pz       -0.0000   -0.0000   -0.0000   -0.0000   -0.0000    0.0001    0.0000   -0.0019    0.0005    0.0045
   105 H11    1s        -0.0000    0.0005   -0.0002    0.0003    0.0000    0.0004   -0.0002    0.0345    0.0646   -0.0679
   106 H11    2s        -0.0002   -0.0002   -0.0001    0.0001    0.0000    0.0001   -0.0000   -0.0250   -0.0330    0.0307
   107 H11    2px        0.0000   -0.0001    0.0000    0.0000   -0.0000   -0.0000    0.0000   -0.0043   -0.0056    0.0097
   108 H11    2py        0.0001    0.0001    0.0000    0.0000   -0.0000   -0.0000    0.0000    0.0055    0.0087   -0.0003
   109 H11    2pz        0.0001    0.0001   -0.0000    0.0000   -0.0000   -0.0001    0.0000    0.0041    0.0026   -0.0051
   110 H12    1s         0.0004   -0.0004    0.0004    0.0001    0.0003   -0.0002   -0.0003    0.0349    0.0668    0.0662
   111 H12    2s        -0.0003   -0.0000    0.0000    0.0000    0.0000   -0.0001    0.0000   -0.0257   -0.0337   -0.0301
   112 H12    2px       -0.0000    0.0001   -0.0000   -0.0000    0.0000    0.0000   -0.0000   -0.0049   -0.0058   -0.0100
   113 H12    2py       -0.0001   -0.0000   -0.0000   -0.0000   -0.0000   -0.0000   -0.0000   -0.0055   -0.0088    0.0001
   114 H12    2pz        0.0001   -0.0000   -0.0000    0.0000    0.0000    0.0000    0.0000    0.0041    0.0027    0.0049
   115 B13    1s         0.0003    0.0001   -0.0002    0.0001    0.0001   -0.0002    1.0003   -0.0315   -0.0068    0.0011
   116 B13    2s         0.0016    0.0006   -0.0008    0.0008    0.0005   -0.0010    0.0028    0.1253    0.0601   -0.0288
   117 B13    3s         0.0004    0.0002   -0.0003    0.0003    0.0002   -0.0003   -0.0009   -0.0100    0.0059   -0.0013
   118 B13    2px        0.0005    0.0002    0.0001   -0.0003   -0.0002    0.0002   -0.0002   -0.0136    0.0279    0.0087
   119 B13    3px        0.0002    0.0001    0.0000   -0.0001   -0.0000   -0.0000    0.0003    0.0118   -0.0018   -0.0010
   120 B13    2py        0.0003   -0.0002   -0.0002   -0.0001    0.0002    0.0003   -0.0001   -0.0127   -0.0011    0.1051
   121 B13    3py        0.0001   -0.0001   -0.0001   -0.0001    0.0001    0.0000    0.0001    0.0006    0.0000   -0.0162
   122 B13    2pz       -0.0004   -0.0002    0.0002   -0.0002   -0.0002    0.0003   -0.0020   -0.0777   -0.0451    0.0005
   123 B13    3pz       -0.0002   -0.0001    0.0001   -0.0001   -0.0001    0.0002    0.0007    0.0265    0.0050   -0.0008
   124 B13    3d2-       0.0000   -0.0001    0.0000    0.0000   -0.0001   -0.0000   -0.0000    0.0012    0.0002   -0.0136
   125 B13    3d1-      -0.0000   -0.0000   -0.0001    0.0000   -0.0001    0.0000   -0.0000    0.0007   -0.0002   -0.0252
   126 B13    3d0       -0.0002   -0.0001    0.0001   -0.0001   -0.0000    0.0001    0.0005    0.0124    0.0101    0.0006
   127 B13    3d1+      -0.0001   -0.0000    0.0001    0.0001    0.0000    0.0001    0.0001    0.0010   -0.0080   -0.0010
   128 B13    3d2+       0.0000    0.0000    0.0000   -0.0000   -0.0000    0.0000   -0.0002   -0.0043   -0.0057    0.0004


      Orbital                11        12        13        14        15        16        17        18        19        20
      Energy            -0.8484   -0.7971   -0.7315   -0.6741   -0.6380   -0.5854   -0.5619   -0.5271   -0.5079   -0.4871
      Occ. No.           2.0000    2.0000    2.0000    2.0000    2.0000    2.0000    2.0000    2.0000    2.0000    2.0000

     1 C1     1s         0.0204    0.0003   -0.0050    0.0074    0.0015   -0.0003    0.0036    0.0015   -0.0006   -0.0022
     2 C1     2s        -0.3257   -0.0580    0.1418   -0.2221    0.0297   -0.0268   -0.0525    0.0377   -0.0453   -0.0692
     3 C1     3s        -0.0056   -0.0035    0.0046   -0.0095    0.0045   -0.0008    0.0011    0.0043   -0.0030   -0.0064
     4 C1     2px       -0.0130    0.1914   -0.0102   -0.0257   -0.1609    0.2934   -0.0390   -0.0152    0.2101    0.2654
     5 C1     3px        0.0047   -0.0365    0.0058    0.0056    0.0208   -0.0221    0.0183    0.0017   -0.0198   -0.0153
     6 C1     2py       -0.0290   -0.0007    0.2268   -0.0683   -0.0634   -0.0108    0.3720    0.1009    0.1898    0.0054
     7 C1     3py        0.0182    0.0056   -0.0398    0.0237   -0.0020   -0.0018   -0.0325   -0.0140   -0.0134    0.0094
     8 C1     2pz        0.0340   -0.0134    0.0537   -0.0312    0.0097   -0.0455    0.2022    0.0899    0.0713   -0.0098
     9 C1     3pz        0.0164   -0.0017   -0.0065    0.0144   -0.0026   -0.0029   -0.0015   -0.0115   -0.0014   -0.0144
    10 C1     3d2-       0.0023   -0.0082    0.0063    0.0009    0.0210   -0.0072    0.0111    0.0042   -0.0087   -0.0184
    11 C1     3d1-      -0.0026   -0.0010    0.0001   -0.0076   -0.0007   -0.0015   -0.0013   -0.0004    0.0109   -0.0078
    12 C1     3d0        0.0070    0.0022   -0.0029    0.0051   -0.0035    0.0027   -0.0043   -0.0043   -0.0001   -0.0001
    13 C1     3d1+       0.0018   -0.0153    0.0020    0.0003    0.0076   -0.0182    0.0051   -0.0034   -0.0048   -0.0153
    14 C1     3d2+       0.0027   -0.0006   -0.0020    0.0134    0.0009   -0.0004   -0.0262   -0.0150   -0.0129    0.0003
    15 C2     1s        -0.0159    0.0166    0.0007   -0.0077   -0.0010   -0.0049    0.0005   -0.0041   -0.0020    0.0032
    16 C2     2s         0.1926   -0.3332    0.0088    0.2335    0.0020   -0.0089   -0.0534   -0.0128    0.0252   -0.0510
    17 C2     3s         0.0017   -0.0110    0.0004    0.0109   -0.0012   -0.0070   -0.0021   -0.0057   -0.0001    0.0003
    18 C2     2px       -0.1011   -0.0233   -0.0745   -0.0988    0.2532   -0.1131   -0.1102   -0.0559   -0.1359   -0.3081
    19 C2     3px        0.0312   -0.0155    0.0128    0.0298   -0.0394    0.0093    0.0184   -0.0054    0.0152    0.0176
    20 C2     2py       -0.1200   -0.1237    0.1174    0.0937   -0.1622   -0.3080   -0.0296   -0.2152   -0.1992    0.1068
    21 C2     3py        0.0217    0.0344   -0.0189   -0.0200    0.0301    0.0428    0.0191    0.0265    0.0185   -0.0105
    22 C2     2pz       -0.0556   -0.0140   -0.0223   -0.0504    0.1436   -0.0721    0.0152    0.1765   -0.1637    0.0213
    23 C2     3pz        0.0111   -0.0074    0.0051    0.0116   -0.0171    0.0057    0.0040   -0.0013    0.0037    0.0119
    24 C2     3d2-      -0.0047   -0.0001    0.0042   -0.0160    0.0052   -0.0022   -0.0033    0.0181   -0.0211   -0.0238
    25 C2     3d1-      -0.0004   -0.0003    0.0012   -0.0084    0.0022   -0.0006   -0.0008   -0.0059    0.0004   -0.0258
    26 C2     3d0       -0.0048    0.0079    0.0018   -0.0049   -0.0012   -0.0023    0.0021    0.0014   -0.0015    0.0009
    27 C2     3d1+      -0.0022   -0.0127    0.0027    0.0059   -0.0005   -0.0115   -0.0015   -0.0042   -0.0100    0.0008
    28 C2     3d2+      -0.0143   -0.0063   -0.0005    0.0033   -0.0048   -0.0186   -0.0152   -0.0140   -0.0202   -0.0001
    29 C3     1s        -0.0165   -0.0164   -0.0011    0.0071   -0.0013   -0.0051   -0.0024   -0.0029   -0.0044    0.0005
    30 C3     2s         0.2007    0.3350    0.0489   -0.2303    0.0096   -0.0005    0.0505   -0.0024    0.0118    0.0321
    31 C3     3s         0.0016    0.0103    0.0019   -0.0108   -0.0011   -0.0064   -0.0001   -0.0031   -0.0039    0.0018
    32 C3     2px       -0.0959    0.0218   -0.0731    0.0582    0.2566   -0.1271    0.0471   -0.2598    0.2639    0.1219
    33 C3     3px        0.0334    0.0153    0.0160   -0.0241   -0.0381    0.0089   -0.0162    0.0113   -0.0140   -0.0216
    34 C3     2py        0.1136   -0.1262   -0.1335    0.0866    0.1553    0.3109    0.0710    0.2036    0.2070   -0.1015
    35 C3     3py       -0.0221    0.0351    0.0227   -0.0193   -0.0317   -0.0408    0.0064   -0.0244   -0.0299    0.0120
    36 C3     2pz       -0.0645    0.0146   -0.0331    0.0376    0.1378   -0.0629    0.0395    0.1505   -0.0278    0.2878
    37 C3     3pz        0.0115    0.0081    0.0066   -0.0132   -0.0171    0.0062   -0.0047    0.0069   -0.0099    0.0003
    38 C3     3d2-       0.0035    0.0002   -0.0035   -0.0153   -0.0055    0.0037   -0.0045    0.0057   -0.0285   -0.0234
    39 C3     3d1-       0.0008   -0.0002    0.0002   -0.0078   -0.0016    0.0003    0.0023    0.0109   -0.0190   -0.0023
    40 C3     3d0       -0.0062   -0.0082   -0.0002    0.0065   -0.0014   -0.0016   -0.0004    0.0057   -0.0049    0.0054
    41 C3     3d1+      -0.0029    0.0127    0.0028   -0.0038   -0.0010   -0.0097    0.0010    0.0009   -0.0116    0.0138
    42 C3     3d2+      -0.0142    0.0065    0.0010   -0.0048   -0.0053   -0.0185    0.0071   -0.0216   -0.0109    0.0142
    43 C4     1s         0.0227   -0.0013   -0.0044   -0.0083    0.0014    0.0001   -0.0030    0.0017    0.0023    0.0010
    44 C4     2s        -0.3351    0.0697    0.1127    0.2322    0.0263   -0.0379    0.0379   -0.0173    0.0642    0.0601
    45 C4     3s        -0.0057    0.0038    0.0039    0.0102    0.0043   -0.0018   -0.0008   -0.0016    0.0090    0.0025
    46 C4     2px       -0.0203   -0.1772   -0.0132    0.0382   -0.1547    0.2749    0.0525    0.0731   -0.1595   -0.2809
    47 C4     3px        0.0094    0.0351    0.0075   -0.0067    0.0221   -0.0242   -0.0199   -0.0082    0.0175    0.0157
    48 C4     2py       -0.0011   -0.0050   -0.2115   -0.0758    0.0516    0.0403    0.3312   -0.1593   -0.2044    0.2316
    49 C4     3py       -0.0163    0.0069    0.0345    0.0263    0.0023   -0.0010   -0.0268    0.0151    0.0249   -0.0112
    50 C4     2pz       -0.0141    0.0050   -0.0073    0.1048   -0.0055    0.0068   -0.0759    0.3975   -0.1746    0.1812
    51 C4     3pz        0.0176    0.0012   -0.0032   -0.0179   -0.0028   -0.0022   -0.0049   -0.0144    0.0098   -0.0001
    52 C4     3d2-      -0.0036   -0.0075   -0.0061    0.0013   -0.0204    0.0072    0.0105    0.0018   -0.0174   -0.0125
    53 C4     3d1-       0.0006   -0.0014   -0.0006   -0.0019   -0.0001    0.0039    0.0018    0.0100   -0.0192    0.0158
    54 C4     3d0        0.0074   -0.0029   -0.0019   -0.0060   -0.0034    0.0027    0.0029   -0.0088    0.0004   -0.0052
    55 C4     3d1+       0.0006    0.0148    0.0001    0.0019    0.0077   -0.0168   -0.0041    0.0025    0.0024    0.0143
    56 C4     3d2+       0.0019    0.0012    0.0012   -0.0149    0.0009    0.0006    0.0167   -0.0228   -0.0105    0.0102
    57 C5     1s        -0.0153    0.0137   -0.0018    0.0054    0.0011    0.0024   -0.0019   -0.0016   -0.0019    0.0024
    58 C5     2s         0.1960   -0.3114    0.1004   -0.2528    0.0059    0.0022    0.0452   -0.0400    0.0374   -0.0367
    59 C5     3s         0.0004   -0.0112    0.0041   -0.0139    0.0034    0.0031    0.0002   -0.0046    0.0004    0.0001
    60 C5     2px        0.1243   -0.0123    0.1614   -0.0785    0.1830   -0.0523   -0.1929    0.1409   -0.0374    0.2505
    61 C5     3px       -0.0373    0.0224   -0.0282    0.0271   -0.0214    0.0047    0.0177   -0.0103   -0.0046   -0.0118
    62 C5     2py        0.1333    0.0873   -0.1753    0.0603   -0.0866   -0.3339    0.0842    0.2299    0.1426   -0.0597
    63 C5     3py       -0.0207   -0.0331    0.0343   -0.0167    0.0183    0.0403    0.0011   -0.0216   -0.0226    0.0040
    64 C5     2pz       -0.0695   -0.0247   -0.0636    0.0566   -0.0847    0.0803    0.0995   -0.0025   -0.1003   -0.0810
    65 C5     3pz        0.0192   -0.0040    0.0195   -0.0157    0.0184   -0.0105   -0.0176   -0.0064    0.0109    0.0028
    66 C5     3d2-      -0.0024    0.0054    0.0035    0.0181   -0.0028   -0.0034    0.0144   -0.0039    0.0029   -0.0245
    67 C5     3d1-       0.0033    0.0010   -0.0053   -0.0074   -0.0007   -0.0037   -0.0032   -0.0004    0.0016    0.0116
    68 C5     3d0       -0.0102    0.0007   -0.0040    0.0083   -0.0054    0.0109    0.0080    0.0076   -0.0162    0.0008
    69 C5     3d1+       0.0058    0.0120    0.0019    0.0022    0.0045   -0.0122   -0.0104    0.0047    0.0121    0.0003
    70 C5     3d2+      -0.0153   -0.0047    0.0064   -0.0057    0.0079    0.0222    0.0057   -0.0252   -0.0123    0.0080
    71 C6     1s        -0.0161   -0.0127   -0.0002   -0.0051    0.0008    0.0026    0.0012   -0.0011   -0.0033    0.0009
    72 C6     2s         0.2017    0.3000    0.0407    0.2360    0.0099   -0.0178   -0.0581    0.0073    0.0305   -0.0069
    73 C6     3s         0.0000    0.0113    0.0010    0.0135    0.0033    0.0021   -0.0019   -0.0020   -0.0017   -0.0006
    74 C6     2px        0.1376    0.0026    0.1665    0.1522    0.1891   -0.0919    0.2227   -0.0183   -0.1073   -0.1368
    75 C6     3px       -0.0368   -0.0202   -0.0240   -0.0343   -0.0220    0.0076   -0.0221   -0.0072    0.0085    0.0071
    76 C6     2py       -0.1388    0.1038    0.1554    0.1087    0.0891    0.3334   -0.0149   -0.2042   -0.1887    0.0748
    77 C6     3py        0.0183   -0.0350   -0.0290   -0.0247   -0.0177   -0.0377    0.0129    0.0266    0.0096   -0.0066
    78 C6     2pz       -0.0538    0.0346   -0.0534   -0.0497   -0.0817    0.0769   -0.1080   -0.0426    0.0732    0.0801
    79 C6     3pz        0.0176    0.0032    0.0172    0.0162    0.0188   -0.0118    0.0134   -0.0085   -0.0023   -0.0131
    80 C6     3d2-       0.0043    0.0047   -0.0042    0.0181    0.0037   -0.0018    0.0145   -0.0096   -0.0097   -0.0166
    81 C6     3d1-      -0.0030    0.0011    0.0064   -0.0086    0.0006    0.0047   -0.0045   -0.0013    0.0100    0.0065
    82 C6     3d0       -0.0081   -0.0002   -0.0017   -0.0050   -0.0050    0.0094   -0.0059   -0.0009    0.0028    0.0094
    83 C6     3d1+       0.0045   -0.0125    0.0031   -0.0025    0.0044   -0.0117    0.0127    0.0050    0.0016   -0.0091
    84 C6     3d2+      -0.0152    0.0058    0.0039    0.0077    0.0077    0.0214   -0.0155   -0.0181   -0.0169    0.0024
    85 H7     1s        -0.1467   -0.0167    0.1999   -0.1692   -0.0236   -0.0070    0.2994    0.1396    0.1633   -0.0181
    86 H7     2s         0.0634    0.0072   -0.1018    0.0684    0.0173    0.0048   -0.1345   -0.0521   -0.0715    0.0076
    87 H7     2px        0.0005    0.0058   -0.0026    0.0003   -0.0047    0.0083   -0.0046   -0.0011    0.0057    0.0076
    88 H7     2py        0.0155    0.0014   -0.0173    0.0126    0.0020    0.0006   -0.0159   -0.0066   -0.0075    0.0004
    89 H7     2pz        0.0046    0.0003   -0.0057    0.0035    0.0017   -0.0012   -0.0041   -0.0006   -0.0019    0.0004
    90 H8     1s         0.0967   -0.1755    0.0837    0.2237   -0.2523   -0.0616    0.0201   -0.1454    0.0625    0.2429
    91 H8     2s        -0.0429    0.0775   -0.0446   -0.0957    0.1147    0.0276   -0.0113    0.0571   -0.0207   -0.0965
    92 H8     2px        0.0052   -0.0150    0.0060    0.0126   -0.0133   -0.0075   -0.0024   -0.0099   -0.0012    0.0038
    93 H8     2py       -0.0110    0.0075   -0.0030   -0.0098    0.0104   -0.0069   -0.0043   -0.0009   -0.0088   -0.0064
    94 H8     2pz        0.0022   -0.0072    0.0032    0.0060   -0.0059   -0.0043    0.0013    0.0021   -0.0038    0.0075
    95 H9     1s         0.1001    0.1765    0.1089   -0.1948   -0.2472   -0.0496   -0.0465    0.0188   -0.2844   -0.1154
    96 H9     2s        -0.0451   -0.0785   -0.0563    0.0817    0.1121    0.0237    0.0227   -0.0077    0.1131    0.0433
    97 H9     2px        0.0059    0.0152    0.0081   -0.0116   -0.0127   -0.0074   -0.0014   -0.0073   -0.0076   -0.0024
    98 H9     2py        0.0116    0.0077    0.0042   -0.0084   -0.0103    0.0072   -0.0024    0.0076   -0.0044   -0.0087
    99 H9     2pz        0.0023    0.0073    0.0039   -0.0052   -0.0059   -0.0038   -0.0003    0.0052   -0.0085    0.0056
   100 H10    1s        -0.1359    0.0239    0.1698    0.1888   -0.0186   -0.0314   -0.2433    0.2049    0.1789   -0.1551
   101 H10    2s         0.0604   -0.0103   -0.0856   -0.0795    0.0154    0.0121    0.1091   -0.0936   -0.0632    0.0581
   102 H10    2px        0.0000   -0.0056   -0.0025   -0.0001   -0.0048    0.0082    0.0048    0.0011   -0.0060   -0.0072
   103 H10    2py       -0.0156    0.0020    0.0140    0.0147   -0.0018   -0.0013   -0.0123    0.0126    0.0053   -0.0043
   104 H10    2pz        0.0027   -0.0008   -0.0064   -0.0018    0.0010    0.0011    0.0064    0.0067   -0.0105    0.0095
   105 H11    1s         0.1126   -0.1719    0.1956   -0.2047    0.1622    0.0999   -0.1548   -0.0377   -0.0522    0.2133
   106 H11    2s        -0.0500    0.0750   -0.0973    0.0866   -0.0744   -0.0449    0.0713    0.0141    0.0232   -0.0861
   107 H11    2px       -0.0073    0.0146   -0.0158    0.0126   -0.0098   -0.0096    0.0064    0.0059    0.0034   -0.0048
   108 H11    2py        0.0127   -0.0076    0.0086   -0.0093    0.0071   -0.0051   -0.0074    0.0058    0.0033    0.0069
   109 H11    2pz        0.0009   -0.0055    0.0028   -0.0025    0.0012    0.0045    0.0009   -0.0002   -0.0042    0.0008
   110 H12    1s         0.1218    0.1659    0.1648    0.2583    0.1683    0.0626    0.1246   -0.1115   -0.1595   -0.1057
   111 H12    2s        -0.0528   -0.0726   -0.0832   -0.1123   -0.0774   -0.0300   -0.0584    0.0428    0.0701    0.0351
   112 H12    2px       -0.0073   -0.0145   -0.0131   -0.0157   -0.0101   -0.0085   -0.0036    0.0062    0.0075    0.0001
   113 H12    2py       -0.0129   -0.0067   -0.0073   -0.0112   -0.0073    0.0068   -0.0090   -0.0022    0.0017    0.0066
   114 H12    2pz        0.0017    0.0056    0.0023    0.0040    0.0014    0.0036   -0.0015   -0.0025   -0.0002    0.0012
   115 B13    1s         0.0132   -0.0003    0.0099   -0.0025    0.0067   -0.0099   -0.0033   -0.0120    0.0120   -0.0111
   116 B13    2s        -0.0942   -0.0048   -0.1480    0.0486   -0.0635    0.0604    0.0520    0.1188   -0.2125    0.1529
   117 B13    3s        -0.0002   -0.0005   -0.0218    0.0003   -0.0031    0.0010    0.0013   -0.0007   -0.0079    0.0040
   118 B13    2px        0.0614    0.0014    0.0423   -0.0123   -0.0254   -0.0171   -0.0155   -0.0393    0.1049   -0.0892
   119 B13    3px       -0.0129   -0.0002   -0.0050    0.0013    0.0028   -0.0052    0.0016    0.0037   -0.0107    0.0077
   120 B13    2py        0.0353    0.0549    0.0213   -0.0689    0.0088   -0.0272   -0.1549   -0.1106    0.1709   -0.0387
   121 B13    3py       -0.0020   -0.0056   -0.0020    0.0116   -0.0004    0.0006    0.0030    0.0072   -0.0113   -0.0032
   122 B13    2pz        0.0285   -0.0019    0.1007    0.0066    0.0636   -0.0276   -0.0002   -0.0004    0.0311   -0.0308
   123 B13    3pz       -0.0046   -0.0000   -0.0066    0.0007   -0.0059    0.0032    0.0006   -0.0017   -0.0066    0.0033
   124 B13    3d2-      -0.0030    0.0033   -0.0023    0.0121   -0.0007    0.0019    0.0143    0.0076   -0.0079    0.0129
   125 B13    3d1-      -0.0042   -0.0163   -0.0016    0.0089   -0.0007    0.0025    0.0387    0.0093   -0.0252   -0.0057
   126 B13    3d0        0.0044    0.0001   -0.0205   -0.0037   -0.0165   -0.0009   -0.0016   -0.0073    0.0050   -0.0047
   127 B13    3d1+      -0.0132   -0.0000   -0.0120    0.0006    0.0063    0.0044    0.0001   -0.0037   -0.0174    0.0125
   128 B13    3d2+       0.0104   -0.0002   -0.0014   -0.0017    0.0103   -0.0128   -0.0012   -0.0067    0.0015   -0.0020


      Orbital                21        22        23        24        25        26        27        28        29        30
      Energy            -0.3646   -0.4723   -0.3195   -0.0967    0.5206    0.1251    0.3473    0.1214    0.1415    0.1434
      Occ. No.           2.0000    1.9174    1.6183    1.0247    0.0156    0.3710    0.0531    0.0000    0.0000    0.0000

     1 C1     1s         0.0029    0.0062   -0.0013   -0.0027   -0.0342   -0.0033    0.0151   -0.0616    0.0452   -0.0172
     2 C1     2s        -0.0110   -0.0191    0.0926   -0.1263   -0.3715   -0.0422    0.1579   -0.4368    0.2476   -0.1215
     3 C1     3s         0.0057    0.0090    0.0025    0.0000    0.0270   -0.0060   -0.0156   -0.1275    0.0749   -0.0351
     4 C1     2px        0.0116    0.0481    0.0591   -0.0356   -0.1622   -0.0104   -0.0256   -0.0408    0.0222    0.2243
     5 C1     3px        0.0123    0.0247    0.0009    0.0033    0.0069    0.0049   -0.0222   -0.0219    0.0147    0.1777
     6 C1     2py        0.1110    0.1055   -0.1997    0.0750    0.3588    0.1038   -0.1819   -0.3324    0.5052   -0.0959
     7 C1     3py       -0.0082   -0.0115    0.0045   -0.0258   -0.0123    0.0162    0.0118   -0.1693    0.2610   -0.0465
     8 C1     2pz       -0.1387   -0.2802    0.4013   -0.2188   -0.4656   -0.2400    0.4441   -0.1002    0.1224   -0.0245
     9 C1     3pz        0.0107    0.0162   -0.0089   -0.0080    0.1113   -0.0305   -0.0066   -0.0360    0.0958   -0.0222
    10 C1     3d2-       0.0018    0.0051   -0.0058    0.0054    0.0048    0.0027   -0.0043   -0.0040    0.0035   -0.0166
    11 C1     3d1-       0.0088    0.0156   -0.0180    0.0015    0.0310    0.0066   -0.0186   -0.0131    0.0194   -0.0034
    12 C1     3d0        0.0112    0.0092    0.0115    0.0171   -0.0150   -0.0264    0.0008    0.0042   -0.0133    0.0081
    13 C1     3d1+       0.0104   -0.0246    0.0075   -0.0028    0.0120    0.0113    0.0109    0.0052   -0.0063   -0.0167
    14 C1     3d2+      -0.0161   -0.0051   -0.0186    0.0201    0.0138    0.0150   -0.0177    0.0073   -0.0404    0.0079
    15 C2     1s        -0.0014   -0.0016    0.0003    0.0012   -0.0033    0.0015    0.0007   -0.0585   -0.0020   -0.0757
    16 C2     2s        -0.0431   -0.0398   -0.0803    0.0524   -0.0132    0.0672   -0.0082   -0.4011    0.0292   -0.4885
    17 C2     3s        -0.0023   -0.0029   -0.0046    0.0111   -0.0237    0.0035   -0.0015   -0.1325    0.0071   -0.1457
    18 C2     2px        0.2128   -0.0405   -0.0770    0.0186    0.0059    0.0929   -0.0017    0.1126   -0.1516    0.4879
    19 C2     3px        0.0207   -0.0018    0.0027    0.0067   -0.0189   -0.0022   -0.0027    0.0347   -0.0543    0.2620
    20 C2     2py       -0.0092    0.0012   -0.0248    0.0111   -0.0004    0.0633    0.0158   -0.1527    0.3075   -0.2631
    21 C2     3py        0.0051    0.0060   -0.0029   -0.0026    0.0011    0.0141    0.0093   -0.0666    0.2116   -0.1217
    22 C2     2pz       -0.4929    0.0772   -0.1288    0.1331    0.0421   -0.0199   -0.0542    0.0679    0.0817    0.1785
    23 C2     3pz       -0.0363    0.0132   -0.0186    0.0265   -0.0054   -0.0071   -0.0165    0.0329    0.0056    0.1052
    24 C2     3d2-      -0.0071    0.0091   -0.0122    0.0099    0.0062    0.0098   -0.0094    0.0082   -0.0144    0.0426
    25 C2     3d1-       0.0223   -0.0082    0.0082   -0.0058   -0.0018   -0.0014    0.0030    0.0013   -0.0011    0.0223
    26 C2     3d0       -0.0035   -0.0049    0.0085   -0.0005   -0.0042   -0.0053    0.0037    0.0027    0.0004    0.0080
    27 C2     3d1+      -0.0050   -0.0073    0.0104   -0.0109    0.0092   -0.0013    0.0094   -0.0097    0.0088   -0.0089
    28 C2     3d2+      -0.0006    0.0020    0.0032   -0.0031   -0.0057   -0.0002    0.0015   -0.0069    0.0262   -0.0047
    29 C3     1s        -0.0004   -0.0002   -0.0006    0.0014   -0.0004   -0.0021    0.0009   -0.0529   -0.0331   -0.0725
    30 C3     2s         0.0111   -0.0252   -0.1002    0.0519   -0.0318   -0.0732    0.0025   -0.3577   -0.2657   -0.4616
    31 C3     3s         0.0010   -0.0019   -0.0051    0.0111   -0.0201   -0.0029   -0.0009   -0.1182   -0.0824   -0.1371
    32 C3     2px        0.1545   -0.1028   -0.0249    0.0096   -0.0484   -0.0918    0.0112    0.0750    0.2814    0.4437
    33 C3     3px        0.0090   -0.0123    0.0131    0.0064   -0.0175    0.0044   -0.0044    0.0297    0.1215    0.2432
    34 C3     2py        0.0206    0.0202    0.0083   -0.0067    0.0258    0.0655   -0.0076    0.0715    0.4086    0.2044
    35 C3     3py        0.0059    0.0027   -0.0058    0.0031   -0.0126    0.0160    0.0040    0.0129    0.2515    0.0834
    36 C3     2pz       -0.3706    0.1404   -0.1791    0.1344   -0.0473    0.0283    0.0050    0.1122   -0.0109    0.1891
    37 C3     3pz       -0.0287    0.0133   -0.0155    0.0241   -0.0371    0.0083    0.0062    0.0430    0.0307    0.1035
    38 C3     3d2-       0.0172    0.0004    0.0035   -0.0080    0.0082    0.0097    0.0044   -0.0025   -0.0277   -0.0388
    39 C3     3d1-      -0.0298    0.0045   -0.0050    0.0055    0.0080   -0.0006   -0.0053   -0.0016   -0.0051   -0.0216
    40 C3     3d0        0.0052    0.0020    0.0022    0.0004   -0.0046    0.0051    0.0037    0.0024    0.0008    0.0078
    41 C3     3d1+       0.0091    0.0021    0.0019   -0.0094    0.0146    0.0019    0.0074   -0.0057   -0.0138   -0.0069
    42 C3     3d2+       0.0005    0.0023    0.0031   -0.0026    0.0019    0.0016    0.0004    0.0013   -0.0273   -0.0002
    43 C4     1s         0.0003   -0.0002    0.0044    0.0006    0.0044    0.0043   -0.0006   -0.0394   -0.0638   -0.0079
    44 C4     2s         0.0317    0.0599    0.0304   -0.0872    0.1101    0.0574   -0.0034   -0.2975   -0.3790   -0.0662
    45 C4     3s         0.0015    0.0038    0.0093    0.0004   -0.0043    0.0102   -0.0077   -0.0952   -0.1115   -0.0193
    46 C4     2px       -0.0639    0.0447    0.0747   -0.0300    0.0396    0.0286   -0.0623   -0.0253    0.0026    0.2247
    47 C4     3px       -0.0047    0.0044    0.0223    0.0023    0.0036    0.0030   -0.0150   -0.0169    0.0105    0.1759
    48 C4     2py        0.1152    0.0756    0.0192   -0.0305    0.0512    0.1032    0.0225    0.1719    0.4725    0.0048
    49 C4     3py       -0.0028    0.0026    0.0058    0.0256   -0.0249    0.0178   -0.0104    0.0799    0.2389   -0.0012
    50 C4     2pz        0.3204    0.0871    0.0567   -0.1338    0.1173    0.2341    0.1845   -0.0180   -0.1748    0.0038
    51 C4     3pz        0.0110    0.0047    0.0076   -0.0094    0.0089    0.0453    0.0336    0.0093   -0.0998   -0.0027
    52 C4     3d2-      -0.0000    0.0009    0.0011   -0.0044    0.0019    0.0036    0.0045    0.0016    0.0078    0.0153
    53 C4     3d1-       0.0080   -0.0027    0.0041    0.0010   -0.0099    0.0039    0.0026    0.0051    0.0239   -0.0001
    54 C4     3d0        0.0031    0.0027    0.0147    0.0170   -0.0249    0.0208   -0.0064   -0.0022    0.0142    0.0060
    55 C4     3d1+       0.0272   -0.0114   -0.0053   -0.0013   -0.0084   -0.0096    0.0113    0.0008    0.0066   -0.0179
    56 C4     3d2+      -0.0103   -0.0017   -0.0209    0.0178   -0.0271   -0.0156    0.0022   -0.0050    0.0347    0.0010
    57 C5     1s        -0.0035    0.0020    0.0024    0.0058   -0.0212   -0.0052   -0.0055   -0.0621   -0.0388    0.0494
    58 C5     2s        -0.1261    0.0883    0.0046    0.0598   -0.1688    0.0177   -0.1313   -0.4139   -0.3249    0.3238
    59 C5     3s        -0.0082    0.0037    0.0020    0.0191   -0.0453   -0.0105    0.0056   -0.1302   -0.0821    0.0865
    60 C5     2px        0.2262   -0.1359   -0.1343   -0.1732    0.0326   -0.3426   -0.1233   -0.2282   -0.2600    0.3970
    61 C5     3px       -0.0027    0.0136   -0.0033   -0.0262    0.0408   -0.0635   -0.0118   -0.1050   -0.1534    0.2260
    62 C5     2py        0.0994    0.0138   -0.0209   -0.0289   -0.0585   -0.0555   -0.0786    0.1280    0.4804   -0.2353
    63 C5     3py        0.0074    0.0040    0.0020    0.0083   -0.0025   -0.0266    0.0210    0.0428    0.2986   -0.1134
    64 C5     2pz        0.0002   -0.2410   -0.3809   -0.1553   -0.1030   -0.7981   -0.3429    0.1930    0.1530   -0.1991
    65 C5     3pz        0.0014   -0.0023   -0.0126   -0.0015   -0.0057   -0.1659   -0.0018    0.0904    0.0760   -0.1272
    66 C5     3d2-      -0.0127   -0.0161   -0.0048    0.0053   -0.0168    0.0061   -0.0122    0.0110    0.0229   -0.0355
    67 C5     3d1-       0.0010   -0.0228   -0.0192   -0.0104   -0.0073    0.0139   -0.0151    0.0047   -0.0024    0.0147
    68 C5     3d0        0.0086   -0.0080   -0.0093    0.0087    0.0069   -0.0002    0.0400    0.0114    0.0074   -0.0135
    69 C5     3d1+       0.0018   -0.0078   -0.0035    0.0200   -0.0216   -0.0041    0.0017   -0.0031    0.0127    0.0073
    70 C5     3d2+       0.0002   -0.0012    0.0028   -0.0023    0.0086    0.0045    0.0034   -0.0021   -0.0363    0.0106
    71 C6     1s        -0.0036    0.0032    0.0012    0.0065   -0.0162   -0.0039   -0.0086   -0.0732    0.0146    0.0458
    72 C6     2s        -0.0597    0.1668   -0.0557    0.0744   -0.1829   -0.0879   -0.1149   -0.5057    0.1593    0.2921
    73 C6     3s        -0.0045    0.0091   -0.0029    0.0216   -0.0217    0.0018   -0.0017   -0.1513    0.0336    0.0788
    74 C6     2px       -0.0230   -0.2921    0.0241   -0.1923   -0.0080    0.3454   -0.1241   -0.2991    0.2198    0.3827
    75 C6     3px       -0.0061    0.0015    0.0055   -0.0273    0.0478    0.0574    0.0022   -0.1453    0.1357    0.2167
    76 C6     2py       -0.0277    0.0640   -0.0394    0.0361   -0.0396   -0.0750    0.1272   -0.2723    0.4188    0.1736
    77 C6     3py       -0.0002    0.0049   -0.0087   -0.0098   -0.0483   -0.0364    0.0119   -0.1313    0.2699    0.0750
    78 C6     2pz       -0.0665   -0.3481   -0.2817   -0.1375   -0.2691    0.7673   -0.3433    0.1805   -0.1146   -0.1733
    79 C6     3pz        0.0026    0.0044   -0.0138    0.0078    0.0604    0.1493    0.0167    0.0915   -0.0588   -0.1168
    80 C6     3d2-      -0.0130    0.0009    0.0197   -0.0085    0.0003    0.0109    0.0134   -0.0175    0.0188    0.0332
    81 C6     3d1-       0.0004    0.0200    0.0198    0.0096   -0.0073    0.0212    0.0154   -0.0047   -0.0081   -0.0139
    82 C6     3d0       -0.0058   -0.0227    0.0025    0.0076    0.0319    0.0039    0.0446    0.0134   -0.0034   -0.0124
    83 C6     3d1+       0.0060   -0.0016   -0.0068    0.0225    0.0278   -0.0071    0.0142    0.0027   -0.0112    0.0097
    84 C6     3d2+       0.0017    0.0009    0.0016   -0.0023    0.0075   -0.0043    0.0100   -0.0140    0.0355    0.0053
    85 H7     1s         0.0844    0.0365   -0.0372   -0.0102   -0.0532    0.0006    0.0347    0.7606   -0.9769    0.2181
    86 H7     2s        -0.0251   -0.0061    0.0080    0.0287   -0.0204   -0.0045   -0.0096    0.1856   -0.2711    0.0629
    87 H7     2px       -0.0008   -0.0009    0.0014   -0.0011   -0.0087    0.0008    0.0009   -0.0026    0.0009   -0.0160
    88 H7     2py        0.0006    0.0030   -0.0020   -0.0040    0.0130    0.0031   -0.0020   -0.0347    0.0666   -0.0129
    89 H7     2pz       -0.0058   -0.0092    0.0148   -0.0076   -0.0039   -0.0091    0.0074   -0.0142    0.0133   -0.0031
    90 H8     1s        -0.0095   -0.0085    0.0624   -0.0187   -0.0306   -0.0911    0.0010    0.4529   -0.4673    1.1724
    91 H8     2s         0.0040    0.0074   -0.0188    0.0156    0.0064   -0.0003   -0.0118    0.1292   -0.1226    0.3198
    92 H8     2px        0.0055   -0.0022   -0.0008    0.0026   -0.0045    0.0023    0.0002    0.0219   -0.0329    0.0512
    93 H8     2py       -0.0010   -0.0014   -0.0020   -0.0008    0.0014    0.0033    0.0022   -0.0131    0.0068   -0.0490
    94 H8     2pz       -0.0152    0.0020   -0.0032    0.0053   -0.0028   -0.0018   -0.0028    0.0088   -0.0064    0.0232
    95 H9     1s         0.0211    0.0185    0.0397   -0.0097   -0.0052    0.1053    0.0144    0.3414    0.8529    1.0581
    96 H9     2s        -0.0052   -0.0008   -0.0098    0.0140   -0.0160    0.0027    0.0009    0.0956    0.2323    0.2878
    97 H9     2px        0.0047   -0.0032   -0.0004    0.0023   -0.0073   -0.0026    0.0010    0.0118    0.0493    0.0434
    98 H9     2py        0.0005    0.0007    0.0030    0.0008   -0.0033    0.0038   -0.0008    0.0115    0.0223    0.0462
    99 H9     2pz       -0.0118    0.0037   -0.0047    0.0053   -0.0051    0.0018   -0.0016    0.0075    0.0139    0.0214
   100 H10    1s        -0.0251   -0.0255    0.0296   -0.0152    0.0235   -0.0012   -0.0290    0.4243    0.9955    0.0303
   101 H10    2s         0.0003    0.0042   -0.0070    0.0290   -0.0263    0.0013   -0.0095    0.0922    0.2717    0.0124
   102 H10    2px       -0.0008    0.0006   -0.0001   -0.0008    0.0024   -0.0005   -0.0010   -0.0018   -0.0050   -0.0149
   103 H10    2py        0.0004    0.0004   -0.0004    0.0047   -0.0067    0.0022   -0.0005    0.0131    0.0627    0.0014
   104 H10    2pz        0.0114    0.0041    0.0021   -0.0045    0.0079    0.0088    0.0037   -0.0096   -0.0179   -0.0002
   105 H11    1s         0.0948    0.0035    0.0036   -0.0380   -0.0177   -0.0359    0.0102    0.6565    1.0540   -1.0223
   106 H11    2s        -0.0253    0.0017   -0.0021    0.0305   -0.0321    0.0037   -0.0014    0.1680    0.2716   -0.2646
   107 H11    2px        0.0025   -0.0019   -0.0045   -0.0078    0.0060   -0.0084   -0.0029   -0.0239   -0.0537    0.0440
   108 H11    2py        0.0063   -0.0026   -0.0005   -0.0006   -0.0052    0.0004   -0.0035    0.0207    0.0241   -0.0401
   109 H11    2pz        0.0010   -0.0082   -0.0123   -0.0028   -0.0057   -0.0250   -0.0080    0.0075    0.0191   -0.0102
   110 H12    1s        -0.0332   -0.0411    0.0624   -0.0483    0.0419    0.0697   -0.0289    0.9249   -0.8614   -0.9139
   111 H12    2s         0.0161    0.0093   -0.0174    0.0339    0.0013    0.0002   -0.0050    0.2397   -0.2208   -0.2365
   112 H12    2px        0.0002   -0.0063   -0.0014   -0.0080    0.0074    0.0084   -0.0037   -0.0394    0.0470    0.0379
   113 H12    2py       -0.0015    0.0034   -0.0010    0.0007   -0.0006   -0.0002    0.0031   -0.0267    0.0183    0.0378
   114 H12    2pz       -0.0027   -0.0119   -0.0082   -0.0021   -0.0051    0.0235   -0.0077    0.0122   -0.0180   -0.0071
   115 B13    1s        -0.0018    0.0199   -0.0048    0.0226    0.0656    0.0005   -0.0004   -0.1043   -0.0023    0.0112
   116 B13    2s         0.1883   -0.3809    0.2627    0.5396    0.6213   -0.0037    0.0643   -0.6220    0.0047    0.0474
   117 B13    3s         0.0097   -0.0088    0.0107    0.0655   -0.1515    0.0016    0.0155   -0.2505   -0.0260    0.0127
   118 B13    2px       -0.0365   -0.1798   -0.3596    0.4796   -0.0925    0.0218    0.7930    0.0408   -0.0298    0.1505
   119 B13    3px        0.0058   -0.0018    0.0229    0.0487   -0.1142    0.0023   -0.0153    0.0522   -0.0151    0.0562
   120 B13    2py       -0.2289   -0.2227    0.2087    0.0059    0.7944   -0.1706   -0.2639    0.0599    0.1001   -0.0118
   121 B13    3py        0.0114    0.0137   -0.0130    0.0026   -0.1008   -0.0255   -0.0071    0.0206    0.0601   -0.0073
   122 B13    2pz        0.0616    0.0083    0.1410    0.5950   -0.5660   -0.0413   -0.6231    0.1240   -0.0180   -0.0670
   123 B13    3pz        0.0028   -0.0207   -0.0064    0.0691   -0.1978   -0.0007   -0.0424    0.1443   -0.0106   -0.0415
   124 B13    3d2-       0.0214    0.0176   -0.0189    0.0020    0.1036    0.0526    0.0132    0.0025   -0.0009    0.0014
   125 B13    3d1-       0.0244    0.0218   -0.0156    0.0112    0.1552   -0.0270   -0.0833    0.0065   -0.0168    0.0004
   126 B13    3d0       -0.0094   -0.0011   -0.0188   -0.0336   -0.1283   -0.0032   -0.1211    0.0026    0.0010    0.0149
   127 B13    3d1+       0.0025    0.0210    0.0343   -0.0422   -0.0819    0.0039    0.0503    0.0001   -0.0029   -0.0208
   128 B13    3d2+      -0.0038   -0.0003   -0.0212    0.0138   -0.0255    0.0009    0.1262    0.0091    0.0042    0.0191
--

      Von Neumann Entropy (Root   1) =  0.80009


      Mulliken population analysis for root number:  1
      -----------------------------------------------


++    Molecular charges:
      ------------------

      Mulliken charges per centre and basis function type
      ---------------------------------------------------

                C1      C2      C3      C4      C5      C6      H7      H8      H9      H10     H11     H12   
      1s       1.9996  1.9994  1.9994  1.9997  1.9997  1.9997  0.7336  0.7600  0.7592  0.7437  0.7378  0.7376
      2s       1.1880  1.1846  1.1911  1.1688  1.1999  1.1986  0.2011  0.1881  0.1891  0.1982  0.1928  0.1927
      2px      0.8500  0.8958  0.9054  0.8207  0.9512  0.9429  0.0096  0.0193  0.0192  0.0094  0.0211  0.0213
      2pz      1.0020  0.9853  0.9304  1.0377  0.8406  0.8240  0.0135  0.0142  0.0134  0.0145  0.0117  0.0111
      2py      0.9780  0.8957  0.9025  0.9746  0.8879  0.8913  0.0246  0.0156  0.0159  0.0238  0.0156  0.0155
      3s      -0.0148 -0.0151 -0.0148 -0.0137 -0.0146 -0.0148  0.0000  0.0000  0.0000  0.0000  0.0000  0.0000
      3px     -0.0338 -0.0230 -0.0225 -0.0347 -0.0265 -0.0273  0.0000  0.0000  0.0000  0.0000  0.0000  0.0000
      3pz     -0.0256 -0.0025 -0.0026 -0.0255 -0.0182 -0.0161  0.0000  0.0000  0.0000  0.0000  0.0000  0.0000
      3py     -0.0210 -0.0178 -0.0168 -0.0213 -0.0208 -0.0214  0.0000  0.0000  0.0000  0.0000  0.0000  0.0000
      3d2+     0.0391  0.0212  0.0213  0.0381  0.0249  0.0246  0.0000  0.0000  0.0000  0.0000  0.0000  0.0000
      3d1+     0.0264  0.0141  0.0148  0.0253  0.0172  0.0169  0.0000  0.0000  0.0000  0.0000  0.0000  0.0000
      3d0      0.0158  0.0062  0.0067  0.0145  0.0183  0.0173  0.0000  0.0000  0.0000  0.0000  0.0000  0.0000
      3d1-     0.0157  0.0242  0.0255  0.0148  0.0237  0.0239  0.0000  0.0000  0.0000  0.0000  0.0000  0.0000
      3d2-     0.0200  0.0386  0.0390  0.0192  0.0351  0.0354  0.0000  0.0000  0.0000  0.0000  0.0000  0.0000
      Total    6.0395  6.0066  5.9794  6.0183  5.9182  5.8948  0.9825  0.9970  0.9967  0.9896  0.9790  0.9783

      N-E     -0.0395 -0.0066  0.0206 -0.0183  0.0818  0.1052  0.0175  0.0030  0.0033  0.0104  0.0210  0.0217

                B13   
      1s       2.0008
      2s       1.1319
      2px      0.7003
      2pz      0.5731
      2py      0.7031
      3s      -0.0146
      3px     -0.0056
      3pz     -0.0082
      3py     -0.0002
      3d2+     0.0208
      3d1+     0.0249
      3d0      0.0266
      3d1-     0.0424
      3d2-     0.0249
      Total    5.2202

      N-E     -0.2202

      Total electronic charge=   47.000000

      Total            charge=   -0.000000
--



      Expectation values of various properties for root number:  1
      -----------------------------------------------------------


++    Molecular properties:
      ---------------------

      Charge (e):
                      =   -0.0000
      Dipole Moment (debye):
      Origin of the operator (angstrom)=    0.0104    0.0000    0.0288
                   X=  1.0264E+00               Y= -5.9080E-02               Z= -2.1996E+00           Total=  2.4280E+00
      Quadrupole Moment (debye*angstrom):
      Origin of the operator (angstrom)=    0.0104    0.0000    0.0288
                  XX= -3.8510E+01              XY=  2.9605E-01              XZ= -2.0710E+00              YY= -3.6364E+01
                  YZ=  2.6947E-02              ZZ= -4.6936E+01
      In traceless form (debye*angstrom)
                  XX=  3.1401E+00              XY=  4.4408E-01              XZ= -3.1066E+00              YY=  6.3591E+00
                  YZ=  4.0421E-02              ZZ= -9.4992E+00
--


      Mulliken spin population analysis for root number:  1
      ---------------------------------------------------


++    Molecular charges:
      ------------------

      Mulliken spin population per centre and basis function type
      ---------------------------------------------------

                C1      C2      C3      C4      C5      C6      H7      H8      H9      H10     H11     H12   
      1s      -0.0000 -0.0000 -0.0000 -0.0000 -0.0000 -0.0000 -0.0008  0.0001 -0.0000 -0.0008 -0.0016 -0.0019
      2s       0.0008  0.0016  0.0018  0.0022  0.0026  0.0033  0.0053  0.0008  0.0008  0.0053  0.0053  0.0057
      2px     -0.0009  0.0005  0.0005 -0.0007  0.0061  0.0117 -0.0000  0.0001  0.0001 -0.0000  0.0003  0.0004
      2pz      0.0057  0.0107  0.0109  0.0116 -0.0178 -0.0076  0.0001  0.0003  0.0003  0.0001 -0.0002 -0.0001
      2py      0.0006  0.0003  0.0003  0.0023  0.0004  0.0008 -0.0000 -0.0000 -0.0000 -0.0000 -0.0000  0.0000
      3s      -0.0006 -0.0000 -0.0001 -0.0002  0.0027  0.0026  0.0000  0.0000  0.0000  0.0000  0.0000  0.0000
      3px     -0.0005  0.0004  0.0004 -0.0002 -0.0017 -0.0018  0.0000  0.0000  0.0000  0.0000  0.0000  0.0000
      3pz     -0.0034  0.0005  0.0004 -0.0025  0.0012  0.0003  0.0000  0.0000  0.0000  0.0000  0.0000  0.0000
      3py      0.0032  0.0001  0.0000  0.0037  0.0006  0.0004  0.0000  0.0000  0.0000  0.0000  0.0000  0.0000
      3d2+     0.0029  0.0001  0.0001  0.0031  0.0001  0.0001  0.0000  0.0000  0.0000  0.0000  0.0000  0.0000
      3d1+     0.0002  0.0011  0.0012  0.0002  0.0043  0.0041  0.0000  0.0000  0.0000  0.0000  0.0000  0.0000
      3d0      0.0020 -0.0000 -0.0000  0.0019  0.0017  0.0015  0.0000  0.0000  0.0000  0.0000  0.0000  0.0000
      3d1-     0.0001  0.0001  0.0001  0.0001 -0.0000 -0.0002  0.0000  0.0000  0.0000  0.0000  0.0000  0.0000
      3d2-    -0.0001  0.0003  0.0004 -0.0001  0.0003  0.0004  0.0000  0.0000  0.0000  0.0000  0.0000  0.0000
      Total    0.0099  0.0158  0.0161  0.0213  0.0005  0.0156  0.0046  0.0013  0.0012  0.0045  0.0038  0.0042

                B13   
      1s       0.0000
      2s       0.2606
      2px      0.2879
      2pz      0.3442
      2py      0.0066
      3s       0.0107
      3px     -0.0048
      3pz     -0.0031
      3py      0.0002
      3d2+     0.0023
      3d1+    -0.0021
      3d0     -0.0014
      3d1-     0.0001
      3d2-     0.0000
      Total    0.9012

      Total electronic spin=    1.000000
--



      LoProp population analysis for root number:  1
      -----------------------------------------------


++    LoProp analysis:
      ----------------



      Input file to MOLDEN was generated!


++    Static properties:
      ------------------


      LoProp Charges per center


                   C1       C2       C3       C4       C5       C6       H7       H8       H9       H10   
      Nuclear      6.0000   6.0000   6.0000   6.0000   6.0000   6.0000   1.0000   1.0000   1.0000   1.0000
      Electronic  -6.3083  -6.2759  -6.2396  -6.2985  -6.1611  -6.1475  -0.7480  -0.7550  -0.7524  -0.7582

      Total       -0.3083  -0.2759  -0.2396  -0.2985  -0.1611  -0.1475   0.2520   0.2450   0.2476   0.2418


                   H11      H12      B13   
      Nuclear      1.0000   1.0000   5.0000
      Electronic  -0.7402  -0.7401  -5.0750

      Total        0.2598   0.2599  -0.0750
--


      Natural Bond Order analysis for root number:  1

++    Natural Bond Order analysis
      ---------------------------
      Based on LoProp computed density
      -------------------------------------------------------------------------------------
      Atom A       Atom B       Bond Order
      -------------------------------------------------------------------------------------
      NBO located      0.998 non-bonded electrons on atom C1        
      NBO located      0.998 non-bonded electrons on atom C2        
      NBO located      0.998 non-bonded electrons on atom C3        
      NBO located      0.998 non-bonded electrons on atom C4        
      NBO located      0.998 non-bonded electrons on atom C5        
      NBO located      0.998 non-bonded electrons on atom C6        
      NBO located      0.997 non-bonded electrons on atom B13       
      The remaining   21.533 electrons are to be considered as diffuse
--

--

      Von Neumann Entropy (Root   2) =  1.28558


      Mulliken population analysis for root number:  2
      -----------------------------------------------


++    Molecular charges:
      ------------------

      Mulliken charges per centre and basis function type
      ---------------------------------------------------

                C1      C2      C3      C4      C5      C6      H7      H8      H9      H10     H11     H12   
      1s       1.9996  1.9994  1.9994  1.9997  1.9997  1.9997  0.7329  0.7628  0.7620  0.7447  0.7382  0.7385
      2s       1.1828  1.1848  1.1908  1.1694  1.1955  1.1922  0.1985  0.1870  0.1883  0.1938  0.1889  0.1881
      2px      0.8490  0.9007  0.9104  0.8204  0.9659  0.9385  0.0096  0.0193  0.0193  0.0094  0.0212  0.0212
      2pz      0.9282  0.9722  0.9060  1.0565  1.0312  0.9995  0.0130  0.0138  0.0129  0.0152  0.0169  0.0159
      2py      0.9667  0.8974  0.9041  0.9791  0.8886  0.8901  0.0248  0.0156  0.0159  0.0238  0.0156  0.0155
      3s      -0.0145 -0.0153 -0.0150 -0.0140 -0.0165 -0.0162  0.0000  0.0000  0.0000  0.0000  0.0000  0.0000
      3px     -0.0352 -0.0231 -0.0226 -0.0356 -0.0309 -0.0289  0.0000  0.0000  0.0000  0.0000  0.0000  0.0000
      3pz     -0.0254 -0.0013 -0.0025 -0.0290 -0.0431 -0.0423  0.0000  0.0000  0.0000  0.0000  0.0000  0.0000
      3py     -0.0241 -0.0186 -0.0180 -0.0243 -0.0207 -0.0207  0.0000  0.0000  0.0000  0.0000  0.0000  0.0000
      3d2+     0.0387  0.0212  0.0213  0.0363  0.0248  0.0244  0.0000  0.0000  0.0000  0.0000  0.0000  0.0000
      3d1+     0.0277  0.0117  0.0137  0.0265  0.0150  0.0145  0.0000  0.0000  0.0000  0.0000  0.0000  0.0000
      3d0      0.0189  0.0062  0.0068  0.0153  0.0195  0.0187  0.0000  0.0000  0.0000  0.0000  0.0000  0.0000
      3d1-     0.0155  0.0236  0.0253  0.0147  0.0244  0.0265  0.0000  0.0000  0.0000  0.0000  0.0000  0.0000
      3d2-     0.0197  0.0381  0.0391  0.0192  0.0353  0.0350  0.0000  0.0000  0.0000  0.0000  0.0000  0.0000
      Total    5.9476  5.9970  5.9589  6.0341  6.0885  6.0310  0.9788  0.9986  0.9984  0.9868  0.9807  0.9792

      N-E      0.0524  0.0030  0.0411 -0.0341 -0.0885 -0.0310  0.0212  0.0014  0.0016  0.0132  0.0193  0.0208

                B13   
      1s       2.0008
      2s       1.1055
      2px      0.7289
      2pz      0.3306
      2py      0.7147
      3s      -0.0261
      3px      0.0007
      3pz     -0.0027
      3py     -0.0017
      3d2+     0.0232
      3d1+     0.0252
      3d0      0.0316
      3d1-     0.0477
      3d2-     0.0419
      Total    5.0203

      N-E     -0.0203

      Total electronic charge=   47.000000

      Total            charge=   -0.000000
--



      Expectation values of various properties for root number:  2
      -----------------------------------------------------------


++    Molecular properties:
      ---------------------

      Charge (e):
                      =   -0.0000
      Dipole Moment (debye):
      Origin of the operator (angstrom)=    0.0104    0.0000    0.0288
                   X=  7.1865E-02               Y=  1.8768E-01               Z=  6.9320E-01           Total=  7.2175E-01
      Quadrupole Moment (debye*angstrom):
      Origin of the operator (angstrom)=    0.0104    0.0000    0.0288
                  XX= -3.9283E+01              XY=  6.9961E-02              XZ=  1.4343E+00              YY= -3.7521E+01
                  YZ= -8.3424E-01              ZZ= -4.3099E+01
      In traceless form (debye*angstrom)
                  XX=  1.0263E+00              XY=  1.0494E-01              XZ=  2.1514E+00              YY=  3.6703E+00
                  YZ= -1.2514E+00              ZZ= -4.6967E+00
--


      Mulliken spin population analysis for root number:  2
      ---------------------------------------------------


++    Molecular charges:
      ------------------

      Mulliken spin population per centre and basis function type
      ---------------------------------------------------

                C1      C2      C3      C4      C5      C6      H7      H8      H9      H10     H11     H12   
      1s      -0.0000 -0.0000 -0.0000 -0.0000 -0.0000  0.0000 -0.0001  0.0022  0.0045  0.0001 -0.0004  0.0014
      2s       0.0019  0.0007  0.0014  0.0014  0.0012  0.0052  0.0003 -0.0000 -0.0000  0.0000  0.0002 -0.0002
      2px      0.0004  0.0040  0.0049 -0.0002  0.0999  0.0834  0.0000  0.0001  0.0001  0.0000  0.0013  0.0012
      2pz      0.0360  0.0005  0.0017  0.0259  0.4771  0.3351  0.0007  0.0000  0.0000  0.0008  0.0086  0.0058
      2py      0.0083  0.0012  0.0019  0.0062  0.0019  0.0032  0.0001  0.0000  0.0000  0.0001  0.0000  0.0000
      3s       0.0004 -0.0001 -0.0001  0.0007  0.0001  0.0002  0.0000  0.0000  0.0000  0.0000  0.0000  0.0000
      3px      0.0009  0.0002  0.0006  0.0004 -0.0035 -0.0032  0.0000  0.0000  0.0000  0.0000  0.0000  0.0000
      3pz     -0.0029 -0.0002 -0.0001 -0.0051 -0.0277 -0.0233  0.0000  0.0000  0.0000  0.0000  0.0000  0.0000
      3py     -0.0005 -0.0009 -0.0008 -0.0003  0.0005  0.0014  0.0000  0.0000  0.0000  0.0000  0.0000  0.0000
      3d2+     0.0006 -0.0000  0.0001  0.0013  0.0000 -0.0000  0.0000  0.0000  0.0000  0.0000  0.0000  0.0000
      3d1+     0.0013  0.0001 -0.0000  0.0010 -0.0003 -0.0008  0.0000  0.0000  0.0000  0.0000  0.0000  0.0000
      3d0      0.0056  0.0002  0.0002  0.0057 -0.0009 -0.0015  0.0000  0.0000  0.0000  0.0000  0.0000  0.0000
      3d1-     0.0000  0.0001  0.0000 -0.0000  0.0042  0.0079  0.0000  0.0000  0.0000  0.0000  0.0000  0.0000
      3d2-     0.0000  0.0004  0.0004 -0.0000  0.0008  0.0019  0.0000  0.0000  0.0000  0.0000  0.0000  0.0000
      Total    0.0521  0.0062  0.0100  0.0368  0.5533  0.4095  0.0010  0.0023  0.0046  0.0010  0.0097  0.0082

                B13   
      1s      -0.0000
      2s      -0.0194
      2px     -0.1198
      2pz      0.0237
      2py      0.0030
      3s       0.0001
      3px     -0.0001
      3pz      0.0002
      3py     -0.0008
      3d2+    -0.0019
      3d1+     0.0018
      3d0     -0.0016
      3d1-     0.0048
      3d2-     0.0151
      Total   -0.0949

      Total electronic spin=    1.000000
--



      LoProp population analysis for root number:  2
      -----------------------------------------------


++    LoProp analysis:
      ----------------



      Input file to MOLDEN was generated!


++    Static properties:
      ------------------


      LoProp Charges per center


                   C1       C2       C3       C4       C5       C6       H7       H8       H9       H10   
      Nuclear      6.0000   6.0000   6.0000   6.0000   6.0000   6.0000   1.0000   1.0000   1.0000   1.0000
      Electronic  -6.2213  -6.2675  -6.2196  -6.3225  -6.3601  -6.3067  -0.7458  -0.7565  -0.7545  -0.7569

      Total       -0.2213  -0.2675  -0.2196  -0.3225  -0.3601  -0.3067   0.2542   0.2435   0.2455   0.2431


                   H11      H12      B13   
      Nuclear      1.0000   1.0000   5.0000
      Electronic  -0.7403  -0.7393  -4.8091

      Total        0.2597   0.2607   0.1909
--


      Natural Bond Order analysis for root number:  2

++    Natural Bond Order analysis
      ---------------------------
      Based on LoProp computed density
      -------------------------------------------------------------------------------------
      Atom A       Atom B       Bond Order
      -------------------------------------------------------------------------------------
      NBO located      0.998 non-bonded electrons on atom C1        
      NBO located      0.998 non-bonded electrons on atom C2        
      NBO located      0.998 non-bonded electrons on atom C3        
      NBO located      0.998 non-bonded electrons on atom C4        
      NBO located      0.998 non-bonded electrons on atom C5        
      NBO located      0.998 non-bonded electrons on atom C6        
      NBO located      0.997 non-bonded electrons on atom B13       
      The remaining   21.206 electrons are to be considered as diffuse
--

--

      Von Neumann Entropy (Root   3) =  1.12875


      Mulliken population analysis for root number:  3
      -----------------------------------------------


++    Molecular charges:
      ------------------

      Mulliken charges per centre and basis function type
      ---------------------------------------------------

                C1      C2      C3      C4      C5      C6      H7      H8      H9      H10     H11     H12   
      1s       1.9996  1.9994  1.9994  1.9997  1.9997  1.9997  0.7347  0.7573  0.7576  0.7419  0.7365  0.7330
      2s       1.1872  1.1853  1.1897  1.1696  1.2008  1.1964  0.2041  0.1888  0.1898  0.2020  0.1964  0.1972
      2px      0.8474  0.8946  0.9061  0.8194  0.9421  0.9491  0.0096  0.0193  0.0192  0.0094  0.0211  0.0214
      2pz      0.8767  0.9881  0.9090  1.0463  0.7292  0.8291  0.0112  0.0142  0.0132  0.0146  0.0102  0.0114
      2py      0.9488  0.8952  0.9024  0.9758  0.8880  0.8889  0.0245  0.0155  0.0158  0.0238  0.0156  0.0155
      3s      -0.0149 -0.0149 -0.0143 -0.0144 -0.0133 -0.0123  0.0000  0.0000  0.0000  0.0000  0.0000  0.0000
      3px     -0.0333 -0.0232 -0.0238 -0.0337 -0.0287 -0.0277  0.0000  0.0000  0.0000  0.0000  0.0000  0.0000
      3pz     -0.0287 -0.0002 -0.0011 -0.0275 -0.0234 -0.0139  0.0000  0.0000  0.0000  0.0000  0.0000  0.0000
      3py     -0.0177 -0.0181 -0.0167 -0.0191 -0.0205 -0.0210  0.0000  0.0000  0.0000  0.0000  0.0000  0.0000
      3d2+     0.0412  0.0212  0.0213  0.0357  0.0249  0.0246  0.0000  0.0000  0.0000  0.0000  0.0000  0.0000
      3d1+     0.0254  0.0135  0.0155  0.0252  0.0197  0.0198  0.0000  0.0000  0.0000  0.0000  0.0000  0.0000
      3d0      0.0148  0.0054  0.0066  0.0138  0.0192  0.0172  0.0000  0.0000  0.0000  0.0000  0.0000  0.0000
      3d1-     0.0137  0.0238  0.0257  0.0146  0.0229  0.0211  0.0000  0.0000  0.0000  0.0000  0.0000  0.0000
      3d2-     0.0198  0.0382  0.0392  0.0192  0.0359  0.0331  0.0000  0.0000  0.0000  0.0000  0.0000  0.0000
      Total    5.8800  6.0083  5.9591  6.0245  5.7964  5.9041  0.9840  0.9952  0.9957  0.9916  0.9799  0.9784

      N-E      0.1200 -0.0083  0.0409 -0.0245  0.2036  0.0959  0.0160  0.0048  0.0043  0.0084  0.0201  0.0216

                B13   
      1s       2.0008
      2s       1.2578
      2px      0.7303
      2pz      0.7933
      2py      0.6135
      3s      -0.0104
      3px     -0.0094
      3pz     -0.0079
      3py     -0.0023
      3d2+     0.0187
      3d1+     0.0233
      3d0      0.0249
      3d1-     0.0441
      3d2-     0.0261
      Total    5.5028

      N-E     -0.5028

      Total electronic charge=   47.000000

      Total            charge=   -0.000000
--



      Expectation values of various properties for root number:  3
      -----------------------------------------------------------


++    Molecular properties:
      ---------------------

      Charge (e):
                      =   -0.0000
      Dipole Moment (debye):
      Origin of the operator (angstrom)=    0.0104    0.0000    0.0288
                   X= -1.0140E+00               Y=  7.0287E-01               Z= -5.0095E+00           Total=  5.1592E+00
      Quadrupole Moment (debye*angstrom):
      Origin of the operator (angstrom)=    0.0104    0.0000    0.0288
                  XX= -4.0855E+01              XY= -1.3504E-01              XZ= -6.7287E+00              YY= -3.5578E+01
                  YZ=  1.0174E+00              ZZ= -5.1960E+01
      In traceless form (debye*angstrom)
                  XX=  2.9136E+00              XY= -2.0256E-01              XZ= -1.0093E+01              YY=  1.0830E+01
                  YZ=  1.5262E+00              ZZ= -1.3743E+01
--


      Mulliken spin population analysis for root number:  3
      ---------------------------------------------------


++    Molecular charges:
      ------------------

      Mulliken spin population per centre and basis function type
      ---------------------------------------------------

                C1      C2      C3      C4      C5      C6      H7      H8      H9      H10     H11     H12   
      1s      -0.0000  0.0000 -0.0000 -0.0000  0.0000 -0.0000 -0.0016  0.0037  0.0024  0.0013  0.0002  0.0034
      2s       0.0147  0.0018  0.0023  0.0004  0.0008 -0.0003  0.0008  0.0003 -0.0002 -0.0003 -0.0002 -0.0002
      2px      0.0028  0.0029  0.0015  0.0007  0.0463 -0.0093  0.0000  0.0000  0.0000 -0.0000  0.0006 -0.0002
      2pz      0.2751  0.0081  0.0310  0.0033  0.2435  0.0648  0.0039  0.0002  0.0004  0.0001  0.0036  0.0012
      2py      0.0654  0.0013  0.0004  0.0013  0.0008  0.0006  0.0003  0.0001  0.0001  0.0000  0.0000  0.0000
      3s       0.0003 -0.0005 -0.0005  0.0009  0.0001 -0.0003  0.0000  0.0000  0.0000  0.0000  0.0000  0.0000
      3px      0.0005  0.0003  0.0015 -0.0003  0.0003 -0.0003  0.0000  0.0000  0.0000  0.0000  0.0000  0.0000
      3pz      0.0005 -0.0016 -0.0005 -0.0009 -0.0029 -0.0057  0.0000  0.0000  0.0000  0.0000  0.0000  0.0000
      3py      0.0002  0.0000 -0.0003  0.0004  0.0002  0.0006  0.0000  0.0000  0.0000  0.0000  0.0000  0.0000
      3d2+     0.0022  0.0002  0.0001  0.0029 -0.0000  0.0001  0.0000  0.0000  0.0000  0.0000  0.0000  0.0000
      3d1+     0.0000  0.0020  0.0000  0.0004 -0.0003  0.0005  0.0000  0.0000  0.0000  0.0000  0.0000  0.0000
      3d0      0.0015  0.0010  0.0001  0.0035 -0.0006  0.0013  0.0000  0.0000  0.0000  0.0000  0.0000  0.0000
      3d1-     0.0015  0.0008 -0.0000  0.0002  0.0010  0.0048  0.0000  0.0000  0.0000  0.0000  0.0000  0.0000
      3d2-     0.0000  0.0018  0.0001 -0.0001  0.0003  0.0034  0.0000  0.0000  0.0000  0.0000  0.0000  0.0000
      Total    0.3648  0.0182  0.0357  0.0129  0.2894  0.0601  0.0034  0.0043  0.0026  0.0012  0.0041  0.0042

                B13   
      1s      -0.0000
      2s       0.0763
      2px      0.0252
      2pz      0.0365
      2py      0.0468
      3s      -0.0020
      3px      0.0024
      3pz      0.0005
      3py      0.0006
      3d2+    -0.0005
      3d1+     0.0053
      3d0      0.0026
      3d1-     0.0008
      3d2-     0.0046
      Total    0.1990

      Total electronic spin=    1.000000
--



      LoProp population analysis for root number:  3
      -----------------------------------------------


++    LoProp analysis:
      ----------------



      Input file to MOLDEN was generated!


++    Static properties:
      ------------------


      LoProp Charges per center


                   C1       C2       C3       C4       C5       C6       H7       H8       H9       H10   
      Nuclear      6.0000   6.0000   6.0000   6.0000   6.0000   6.0000   1.0000   1.0000   1.0000   1.0000
      Electronic  -6.1296  -6.2752  -6.2121  -6.3082  -6.0417  -6.1473  -0.7495  -0.7532  -0.7518  -0.7579

      Total       -0.1296  -0.2752  -0.2121  -0.3082  -0.0417  -0.1473   0.2505   0.2468   0.2482   0.2421


                   H11      H12      B13   
      Nuclear      1.0000   1.0000   5.0000
      Electronic  -0.7408  -0.7375  -5.3952

      Total        0.2592   0.2625  -0.3952
--


      Natural Bond Order analysis for root number:  3

++    Natural Bond Order analysis
      ---------------------------
      Based on LoProp computed density
      -------------------------------------------------------------------------------------
      Atom A       Atom B       Bond Order
      -------------------------------------------------------------------------------------
      NBO located      0.998 non-bonded electrons on atom C1        
      NBO located      0.998 non-bonded electrons on atom C2        
      NBO located      0.998 non-bonded electrons on atom C3        
      NBO located      0.998 non-bonded electrons on atom C4        
      NBO located      0.998 non-bonded electrons on atom C5        
      NBO located      0.998 non-bonded electrons on atom C6        
      NBO located      0.997 non-bonded electrons on atom B13       
      The remaining   21.341 electrons are to be considered as diffuse
--

--


      Input file to MOLDEN was generated!


      Input file to MOLDEN was generated!


      Input file to MOLDEN was generated!


      Input file to MOLDEN was generated!

      Average orbitals are written to the RASORB file
      Natural orbitals for root   1 are written to the RASORB.1 file
      Natural orbitals for root   2 are written to the RASORB.2 file
      Natural orbitals for root   3 are written to the RASORB.3 file
      Spin density orbitals for root   1 are written to the SPDORB.1 file
      Spin density orbitals for root   2 are written to the SPDORB.2 file
      Spin density orbitals for root   3 are written to the SPDORB.3 file

 ###############################################################################
 ###############################################################################
 ###                                                                         ###
 ###                                                                         ###
 ###    WARNING: RunFile label BirthCertificate                              ###
 ###    was used       62 times                                              ###
 ###                                                                         ###
 ###                                                                         ###
 ###############################################################################
 ###############################################################################
--- Stop Module: rasscf at Mon Sep 21 18:04:59 2026 /rc=_RC_ALL_IS_WELL_ ---
*** files: B-C6H6_A.LprOrb B-C6H6_A.rasscf.molden B-C6H6_A.rasscf.molden.1 B-C6H6_A.rasscf.molden.2 B-C6H6_A.rasscf.molden.3 B-C6H6_A.LoProp.molden B-C6H6_A.RasOrb
           B-C6H6_A.RasOrb.1 B-C6H6_A.RasOrb.3 B-C6H6_A.RasOrb.2 B-C6H6_A.rasscf.h5 B-C6H6_A.SpdOrb.3 B-C6H6_A.SpdOrb.2 B-C6H6_A.SpdOrb.1 xmldump
    saved to directory /Users/lucas/Development/Honors/OpenMolcas/build/CALCULATIONS/B-C6H6_A_ex_st/./output
--- Module rasscf spent 25 seconds ---

--- Start Module: grid_it at Mon Sep 21 18:04:59 2026 ---

()()()()()()()()()()()()()()()()()()()()()()()()()()()()()()()()()()()()()()()()()()()()()()()()()()

                                              &GRID_IT

                                   only a single process is used
                       available to each process: 5.0 GB of memory, 1 thread?
                                             pid: 91100
()()()()()()()()()()()()()()()()()()()()()()()()()()()()()()()()()()()()()()()()()()()()()()()()()()


      Cartesian coordinates:
      -----------------------------------------
      No.  Label     X         Y         Z     
      -----------------------------------------
       1   C1        -0.08230   2.28791   0.56212
       2   C2        -2.54257   1.25600  -0.35936
       3   C3        -2.54260  -1.25596  -0.35930
       4   C4        -0.08231  -2.28793   0.56207
       5   C5         2.14078  -1.29752  -0.86020
       6   C6         2.14085   1.29748  -0.86018
       7   H7         0.04029   4.25877   1.09191
       8   H8        -4.03863   2.45279  -1.07149
       9   H9        -4.03868  -2.45275  -1.07139
      10   H10        0.04020  -4.25878   1.09192
      11   H11        3.75720  -2.43101  -1.38602
      12   H12        3.75720   2.43094  -1.38623
      13   B13        1.25826   0.00003   2.12409
      -----------------------------------------
      Grid Origin      =    -8.000000   -8.000000   -5.000000
      Grid Axis Length =    14.000000   16.000000   10.000000
      -----------------------------------------


   Input vectors read from INPORB
   Orbital file label: *Guess orbitals
  Number of grid points in file:                  65317

  Total number of MOs               :                  128
  Number MOs for grid               :                  129
  Batches processed in increments of:                18432

GridName=  1  128     16.6420 (0.00) s
GridName=  1  127     13.4040 (0.00) s
GridName=  1  126     11.4220 (0.00) s
GridName=  1  125     10.7630 (0.00) s
GridName=  1  124      9.5123 (0.00) s
GridName=  1  123      8.7248 (0.00) s
GridName=  1  122      8.0244 (0.00) s
GridName=  1  121      8.0132 (0.00) s
GridName=  1  120      7.7086 (0.00) s
GridName=  1  119      7.6673 (0.00) s
GridName=  1  118      7.4512 (0.00) s
GridName=  1  117      7.3914 (0.00) s
GridName=  1  116      7.1190 (0.00) s
GridName=  1  115      7.0721 (0.00) s
GridName=  1  114      6.9554 (0.00) s
GridName=  1  113      6.9260 (0.00) s
GridName=  1  112      6.8374 (0.00) s
GridName=  1  111      6.8259 (0.00) s
GridName=  1  110      6.6826 (0.00) s
GridName=  1  109      6.6509 (0.00) s
GridName=  1  108      6.6433 (0.00) s
GridName=  1  107      6.5749 (0.00) s
GridName=  1  106      6.5379 (0.00) s
GridName=  1  105      6.4876 (0.00) s
GridName=  1  104      6.4513 (0.00) s
GridName=  1  103      6.3858 (0.00) s
GridName=  1  102      6.2822 (0.00) s
GridName=  1  101      6.2797 (0.00) s
GridName=  1  100      6.2630 (0.00) s
GridName=  1   99      6.1844 (0.00) s
GridName=  1   98      6.1328 (0.00) s
GridName=  1   97      6.0988 (0.00) s
GridName=  1   96      6.0399 (0.00) s
GridName=  1   95      6.0033 (0.00) s
GridName=  1   94      5.9322 (0.00) s
GridName=  1   93      5.8769 (0.00) s
GridName=  1   92      5.7258 (0.00) s
GridName=  1   91      5.6993 (0.00) s
GridName=  1   90      5.6770 (0.00) s
GridName=  1   89      5.6667 (0.00) s
GridName=  1   88      5.6463 (0.00) s
GridName=  1   87      5.6035 (0.00) s
GridName=  1   86      5.5645 (0.00) s
GridName=  1   85      5.5273 (0.00) s
GridName=  1   84      5.4778 (0.00) s
GridName=  1   83      5.4344 (0.00) s
GridName=  1   82      5.3922 (0.00) s
GridName=  1   81      5.3360 (0.00) s
GridName=  1   80      5.2738 (0.00) s
GridName=  1   79      5.2728 (0.00) s
GridName=  1   78      5.2301 (0.00) s
GridName=  1   77      5.1713 (0.00) s
GridName=  1   76      5.1421 (0.00) s
GridName=  1   75      5.0524 (0.00) s
GridName=  1   74      5.0336 (0.00) s
GridName=  1   73      4.9417 (0.00) s
GridName=  1   72      4.9325 (0.00) s
GridName=  1   71      4.9144 (0.00) s
GridName=  1   70      4.8435 (0.00) s
GridName=  1   69      4.8004 (0.00) s
GridName=  1   68      4.7806 (0.00) s
GridName=  1   67      4.7726 (0.00) s
GridName=  1   66      4.7584 (0.00) s
GridName=  1   65      4.7460 (0.00) s
GridName=  1   64      4.6725 (0.00) s
GridName=  1   63      4.6506 (0.00) s
GridName=  1   62      4.6108 (0.00) s
GridName=  1   61      4.5580 (0.00) s
GridName=  1   60      4.5398 (0.00) s
GridName=  1   59      4.5139 (0.00) s
GridName=  1   58      4.4785 (0.00) s
GridName=  1   57      4.4464 (0.00) s
GridName=  1   56      4.4011 (0.00) s
GridName=  1   55      4.3803 (0.00) s
GridName=  1   54      4.3536 (0.00) s
GridName=  1   53      4.3374 (0.00) s
GridName=  1   52      4.2868 (0.00) s
GridName=  1   51      4.2622 (0.00) s
GridName=  1   50      3.7811 (0.00) s
GridName=  1   49      3.7724 (0.00) s
GridName=  1   48      3.6950 (0.00) s
GridName=  1   47      3.5314 (0.00) s
GridName=  1   46      3.4990 (0.00) s
GridName=  1   45      3.4938 (0.00) s
GridName=  1   44      3.4737 (0.00) s
GridName=  1   43      3.4719 (0.00) s
GridName=  1   42      3.4710 (0.00) s
GridName=  1   41     -0.0835 (0.00) s
GridName=  1   40     -0.0877 (0.00) s
GridName=  1   39     -0.1013 (0.00) s
GridName=  1   38     -0.1149 (0.00) s
GridName=  1   37     -0.1158 (0.00) s
GridName=  1   36     -0.1227 (0.00) s
GridName=  1   35     -0.1261 (0.00) s
GridName=  1   34     -0.1322 (0.00) s
GridName=  1   33     -0.1335 (0.00) s
GridName=  1   32     -0.1420 (0.00) s
GridName=  1   31     -0.1424 (0.00) s
GridName=  1   30     -0.1463 (0.00) s
GridName=  1   29     -0.1565 (0.00) s
GridName=  1   28     -0.1570 (0.00) s
GridName=  1   27     -0.1806 (0.00) s
GridName=  1   26     -0.2634 (0.00) s
GridName=  1   25     -0.2843 (0.00) s
GridName=  1   24     -0.3090 (1.00) 2
GridName=  1   23     -0.4452 (2.00) i
GridName=  1   22     -0.4844 (2.00) i
GridName=  1   21     -0.4847 (2.00) i
GridName=  1   20     -0.5043 (2.00) i
GridName=  1   19     -0.5186 (2.00) i
GridName=  1   18     -0.5681 (2.00) i
GridName=  1   17     -0.5949 (2.00) i
GridName=  1   16     -0.7293 (2.00) i
GridName=  1   15     -0.7449 (2.00) i
GridName=  1   14     -0.8104 (2.00) i
GridName=  1   13     -0.9344 (2.00) i
GridName=  1   12     -0.9572 (2.00) i
GridName=  1   11     -1.0573 (2.00) i
GridName=  1   10     -1.3599 (2.00) i
GridName=  1    9     -1.4065 (2.00) i
GridName=  1    8     -1.9997 (2.00) i
GridName=  1    7     -7.7058 (2.00) i
GridName=  1    6    -11.3250 (2.00) i
GridName=  1    5    -11.3300 (2.00) i
GridName=  1    4    -11.3320 (2.00) i
GridName=  1    3    -11.3430 (2.00) i
GridName=  1    2    -11.3490 (2.00) i
GridName=  1    1    -11.3680 (2.00) i

--- Stop Module: grid_it at Mon Sep 21 18:05:00 2026 /rc=_RC_ALL_IS_WELL_ ---
*** files: B-C6H6_A.lus xmldump
    saved to directory /Users/lucas/Development/Honors/OpenMolcas/build/CALCULATIONS/B-C6H6_A_ex_st/./output

.##################.
.# Happy landing! #.
.##################.

    Timing: Wall=35.46 User=34.07 System=1.03
